produccion_id	especificacion_id	relacion_id	objeto_modelo_origen	tipo_producto	estimando	estimacion	incertidumbre	poblacion	dominio	unidad	periodo	periodo_referencia	edicion	periodo_levantamiento	n	suma_pesos	ponderacion_diseno	transformacion	tipo_inferencia	input_path	input_member	hash_microdato	snapshot_t0_sha256	snapshot_ref	hash_snapshot_archivo	baseline_ref	baseline_sha256	especificacion_input_ref	hash_especificacion_input	especificacion_fuente_ref	hash_especificacion_fuente	resultado_ref	hash_resultado	resumen_ref	hash_resumen	script_ref	hash_script_reproducible	motor_produccion_ref	hash_motor_produccion	integrador_produccion_ref	hash_integrador_produccion	evidencia_neutral_ref	hash_evidencia_neutral	evidencia_ref	estado	estado_calculo_descriptivo	estado_uso_modelo	verificacion_supervisor	reserva	requiere_decision
PROD-174d7c5814ac21a922ce6567	ESP-OPACA-C-9ecb5c61	REL-5741e12ce3e0a0e076ee48fc	G5.radio_confianza	DISTRIBUCION_DESCRIPTIVA	distribucion_descriptiva_completa_por_reactivo_separado:PF1_2	"[{""codigo"":""1"",""estado_celda"":""ESTIMACION_SUSTENTADA"",""etiqueta"":""Sí"",""n_categoria"":2728,""proporcion"":0.0866230378,""suma_pesos_categoria"":7315310.0},{""codigo"":""2"",""estado_celda"":""ESTIMACION_SUSTENTADA"",""etiqueta"":""No"",""n_categoria"":28438,""proporcion"":0.9133769622,""suma_pesos_categoria"":77134626.0}]"	"[{""codigo"":""1"",""error_estandar"":0.0025619995,""estado_celda"":""ESTIMACION_SUSTENTADA"",""ic95_inferior"":0.0816015188,""ic95_superior"":0.0916445568},{""codigo"":""2"",""error_estandar"":0.0025619995,""estado_celda"":""ESTIMACION_SUSTENTADA"",""ic95_inferior"":0.9083554432,""ic95_superior"":0.9183984812}]"	Población de 18 o más años, alfabeta y hablante de lengua española	Nacional	persona adulta elegida; última unidad de selección	últimos 12 meses	últimos 12 meses	2021	2021-06-03/2021-07-23	31166	84449936.000000	"{""conglomerado"":""UPM_DIS"",""estrato"":""EST_DIS"",""tipo"":""probabilístico, estratificado, trietápico y por conglomerados"",""unidad_ultima"":""persona de 18 años o más""}"	NINGUNA	DESCRIPTIVA_CON_DISENO	/home/pc0/mm-corpus/raw/enbiare2021/enbiare_2021_base_de_datos_csv.zip	TENBIARE.csv	afe9013a4cc26538dfe81da686f0d09e756a7d0e2fc407cd22f596fd53c0f354	89f4c3a49c00c0e1ba1f07013e0af10bbc3289fdddc48dde816c37d3da1a742b	data/curacion-universo/snapshot-t0.json	c562d83b402c9f11e3f529ada855e1fde45d830a6bb31a305a0705dbeadd4835	data/curacion-registro/baseline.json	4dd527eb25bf9d4ed1047c7956d9ee51f20175361f9404315baae476c057cc76	data/curacion-registro/expedientes-produccion/t0-89f4c3a49c00c0e1/ESP-OPACA-C-9ecb5c61/especificacion-recibida.json	7a0d1eb9826af926049937d88b1464e952407b68e7e88904ac07145d5921501a	data/curacion-registro/especificaciones-produccion.json	9274134cd8602f010f2651ad22ee86a932ad05c3db5b4a007c0366b612910121	data/curacion-registro/expedientes-produccion/t0-89f4c3a49c00c0e1/ESP-OPACA-C-9ecb5c61/resultado.tsv	f83accee9596a50f9c3a6561aa980e263aa6e4b0e412809ba7dd12886f4a2180	data/curacion-registro/expedientes-produccion/t0-89f4c3a49c00c0e1/ESP-OPACA-C-9ecb5c61/resumen.json	53a93597e4b3d13b666f159a7f0ec42349c019ea4139889ca72de31d6711168a	data/curacion-registro/expedientes-produccion/t0-89f4c3a49c00c0e1/ESP-OPACA-C-9ecb5c61/analisis-reproducible.py	bca402703706cebcea71add8903668fb770ceb2bfd15486f6f5e0b2996dda066	tools/curador_registro/produce.py	7704b6a1e979e401a4d39211fd9060a5b372b9a2fff724f2d059828aa743b335	tools/curador_registro/integrate_production.py	ae6b670d3e99267f7b331bcaa88cf939ca8cc9ce10547d24c40e57f77ecd9764	data/curacion-registro/expedientes-produccion/evidencia-neutral-produccion.json	94427f99647c16f459615f957fcd59ffb0f09340b1d1cd46815e3ae5b58a48c1	data/curacion-registro/expedientes-produccion/evidencia-neutral-produccion.json#ENBIARE_2021;RINS-f8b69223da037aa03c6b30bf;https://www.inegi.org.mx/rnm/index.php/catalog/730;https://www.inegi.org.mx/contenidos/productos/prod_serv/contenidos/espanol/bvinegi/productos/nueva_estruc/889463903628.pdf	CALCULO_REPRODUCIBLE	CALCULO_DESCRIPTIVO_DISPONIBLE	NO_LISTA_DECISION_HUMANA_PENDIENTE	REPRODUCIDA_EN_TEMP_Y_COMPARADA_BYTE_A_BYTE	faltantes_blancos=0; todas las categorías oficiales se conservaron; celdas_sin_observaciones=ninguna	SI
PROD-1e9ced27f928f0c8628b8b76	ESP-OPACA-A-7baf278d	REL-4a609c6633a4bafac14a6930	G5.familismo_apoyo	DISTRIBUCION_DESCRIPTIVA	distribucion_descriptiva_completa_por_reactivo_separado:PB2_1	"[{""codigo"":""1"",""estado_celda"":""ESTIMACION_SUSTENTADA"",""etiqueta"":""Sí"",""n_categoria"":29204,""proporcion"":0.9475719792,""suma_pesos_categoria"":80022393.0},{""codigo"":""2"",""estado_celda"":""ESTIMACION_SUSTENTADA"",""etiqueta"":""No"",""n_categoria"":1921,""proporcion"":0.0514157406,""suma_pesos_categoria"":4342056.0},{""codigo"":""3"",""estado_celda"":""ESTIMACION_SUSTENTADA"",""etiqueta"":""No tiene familia"",""n_categoria"":41,""proporcion"":0.0010122802,""suma_pesos_categoria"":85487.0}]"	"[{""codigo"":""1"",""error_estandar"":0.0017467203,""estado_celda"":""ESTIMACION_SUSTENTADA"",""ic95_inferior"":0.9441484074,""ic95_superior"":0.950995551},{""codigo"":""2"",""error_estandar"":0.001741538,""estado_celda"":""ESTIMACION_SUSTENTADA"",""ic95_inferior"":0.048002326,""ic95_superior"":0.0548291551},{""codigo"":""3"",""error_estandar"":0.0002401641,""estado_celda"":""ESTIMACION_SUSTENTADA"",""ic95_inferior"":0.0005415586,""ic95_superior"":0.0014830018}]"	Población de 18 o más años, alfabeta y hablante de lengua española	Nacional	persona adulta elegida; última unidad de selección	momento de la entrevista (reactivo sin ventana retrospectiva explícita)	momento de la entrevista (reactivo sin ventana retrospectiva explícita)	2021	2021-06-03/2021-07-23	31166	84449936.000000	"{""conglomerado"":""UPM_DIS"",""estrato"":""EST_DIS"",""tipo"":""probabilístico, estratificado, trietápico y por conglomerados"",""unidad_ultima"":""persona de 18 años o más""}"	NINGUNA	DESCRIPTIVA_CON_DISENO	/home/pc0/mm-corpus/raw/enbiare2021/enbiare_2021_base_de_datos_csv.zip	TENBIARE.csv	afe9013a4cc26538dfe81da686f0d09e756a7d0e2fc407cd22f596fd53c0f354	89f4c3a49c00c0e1ba1f07013e0af10bbc3289fdddc48dde816c37d3da1a742b	data/curacion-universo/snapshot-t0.json	c562d83b402c9f11e3f529ada855e1fde45d830a6bb31a305a0705dbeadd4835	data/curacion-registro/baseline.json	4dd527eb25bf9d4ed1047c7956d9ee51f20175361f9404315baae476c057cc76	data/curacion-registro/expedientes-produccion/t0-89f4c3a49c00c0e1/ESP-OPACA-A-7baf278d/especificacion-recibida.json	87eff8410632a6eeb1e909ddc5da37bb3d64b4b344c586dee21ff41b81ed164d	data/curacion-registro/especificaciones-produccion.json	9274134cd8602f010f2651ad22ee86a932ad05c3db5b4a007c0366b612910121	data/curacion-registro/expedientes-produccion/t0-89f4c3a49c00c0e1/ESP-OPACA-A-7baf278d/resultado.tsv	a9ec2bdd55eaf9e2ff7944b9660b30ffd6ff349296b6f6056829ca7d782e9a8d	data/curacion-registro/expedientes-produccion/t0-89f4c3a49c00c0e1/ESP-OPACA-A-7baf278d/resumen.json	ae5d7f35450bda1b32f0b402f0a0c9080fcbac1668f1377639745d962d6adb8a	data/curacion-registro/expedientes-produccion/t0-89f4c3a49c00c0e1/ESP-OPACA-A-7baf278d/analisis-reproducible.py	bca402703706cebcea71add8903668fb770ceb2bfd15486f6f5e0b2996dda066	tools/curador_registro/produce.py	7704b6a1e979e401a4d39211fd9060a5b372b9a2fff724f2d059828aa743b335	tools/curador_registro/integrate_production.py	ae6b670d3e99267f7b331bcaa88cf939ca8cc9ce10547d24c40e57f77ecd9764	data/curacion-registro/expedientes-produccion/evidencia-neutral-produccion.json	94427f99647c16f459615f957fcd59ffb0f09340b1d1cd46815e3ae5b58a48c1	data/curacion-registro/expedientes-produccion/evidencia-neutral-produccion.json#ENBIARE_2021;RINS-f8b69223da037aa03c6b30bf;https://www.inegi.org.mx/rnm/index.php/catalog/730;https://www.inegi.org.mx/contenidos/productos/prod_serv/contenidos/espanol/bvinegi/productos/nueva_estruc/889463903628.pdf	CALCULO_REPRODUCIBLE	CALCULO_DESCRIPTIVO_DISPONIBLE	LISTA_PARA_USO_MODELO	REPRODUCIDA_EN_TEMP_Y_COMPARADA_BYTE_A_BYTE	faltantes_blancos=0; todas las categorías oficiales se conservaron; celdas_sin_observaciones=ninguna	NO
PROD-2ad9fac24777597d843d529d	ESP-OPACA-A-7baf278d	REL-4a609c6633a4bafac14a6930	G5.familismo_apoyo	DISTRIBUCION_DESCRIPTIVA	distribucion_descriptiva_completa_por_reactivo_separado:PB2_2	"[{""codigo"":""1"",""estado_celda"":""ESTIMACION_SUSTENTADA"",""etiqueta"":""Sí"",""n_categoria"":22788,""proporcion"":0.7223639933,""suma_pesos_categoria"":61003593.0},{""codigo"":""2"",""estado_celda"":""ESTIMACION_SUSTENTADA"",""etiqueta"":""No"",""n_categoria"":8378,""proporcion"":0.2776360067,""suma_pesos_categoria"":23446343.0},{""codigo"":""3"",""estado_celda"":""SIN_OBSERVACIONES_ESTIMACION_NO_SUSTENTADA"",""etiqueta"":""No tiene familia"",""n_categoria"":0,""proporcion"":""NO_ESTIMABLE"",""suma_pesos_categoria"":0}]"	"[{""codigo"":""1"",""error_estandar"":0.0042758491,""estado_celda"":""ESTIMACION_SUSTENTADA"",""ic95_inferior"":0.7139833291,""ic95_superior"":0.7307446574},{""codigo"":""2"",""error_estandar"":0.0042758491,""estado_celda"":""ESTIMACION_SUSTENTADA"",""ic95_inferior"":0.2692553426,""ic95_superior"":0.2860166709},{""codigo"":""3"",""error_estandar"":""NO_ESTIMABLE"",""estado_celda"":""SIN_OBSERVACIONES_ESTIMACION_NO_SUSTENTADA"",""ic95_inferior"":""NO_ESTIMABLE"",""ic95_superior"":""NO_ESTIMABLE""}]"	Población de 18 o más años, alfabeta y hablante de lengua española	Nacional	persona adulta elegida; última unidad de selección	momento de la entrevista (reactivo sin ventana retrospectiva explícita)	momento de la entrevista (reactivo sin ventana retrospectiva explícita)	2021	2021-06-03/2021-07-23	31166	84449936.000000	"{""conglomerado"":""UPM_DIS"",""estrato"":""EST_DIS"",""tipo"":""probabilístico, estratificado, trietápico y por conglomerados"",""unidad_ultima"":""persona de 18 años o más""}"	NINGUNA	DESCRIPTIVA_CON_DISENO	/home/pc0/mm-corpus/raw/enbiare2021/enbiare_2021_base_de_datos_csv.zip	TENBIARE.csv	afe9013a4cc26538dfe81da686f0d09e756a7d0e2fc407cd22f596fd53c0f354	89f4c3a49c00c0e1ba1f07013e0af10bbc3289fdddc48dde816c37d3da1a742b	data/curacion-universo/snapshot-t0.json	c562d83b402c9f11e3f529ada855e1fde45d830a6bb31a305a0705dbeadd4835	data/curacion-registro/baseline.json	4dd527eb25bf9d4ed1047c7956d9ee51f20175361f9404315baae476c057cc76	data/curacion-registro/expedientes-produccion/t0-89f4c3a49c00c0e1/ESP-OPACA-A-7baf278d/especificacion-recibida.json	87eff8410632a6eeb1e909ddc5da37bb3d64b4b344c586dee21ff41b81ed164d	data/curacion-registro/especificaciones-produccion.json	9274134cd8602f010f2651ad22ee86a932ad05c3db5b4a007c0366b612910121	data/curacion-registro/expedientes-produccion/t0-89f4c3a49c00c0e1/ESP-OPACA-A-7baf278d/resultado.tsv	a9ec2bdd55eaf9e2ff7944b9660b30ffd6ff349296b6f6056829ca7d782e9a8d	data/curacion-registro/expedientes-produccion/t0-89f4c3a49c00c0e1/ESP-OPACA-A-7baf278d/resumen.json	ae5d7f35450bda1b32f0b402f0a0c9080fcbac1668f1377639745d962d6adb8a	data/curacion-registro/expedientes-produccion/t0-89f4c3a49c00c0e1/ESP-OPACA-A-7baf278d/analisis-reproducible.py	bca402703706cebcea71add8903668fb770ceb2bfd15486f6f5e0b2996dda066	tools/curador_registro/produce.py	7704b6a1e979e401a4d39211fd9060a5b372b9a2fff724f2d059828aa743b335	tools/curador_registro/integrate_production.py	ae6b670d3e99267f7b331bcaa88cf939ca8cc9ce10547d24c40e57f77ecd9764	data/curacion-registro/expedientes-produccion/evidencia-neutral-produccion.json	94427f99647c16f459615f957fcd59ffb0f09340b1d1cd46815e3ae5b58a48c1	data/curacion-registro/expedientes-produccion/evidencia-neutral-produccion.json#ENBIARE_2021;RINS-f8b69223da037aa03c6b30bf;https://www.inegi.org.mx/rnm/index.php/catalog/730;https://www.inegi.org.mx/contenidos/productos/prod_serv/contenidos/espanol/bvinegi/productos/nueva_estruc/889463903628.pdf	CALCULO_REPRODUCIBLE	CALCULO_DESCRIPTIVO_DISPONIBLE	LISTA_PARA_USO_MODELO	REPRODUCIDA_EN_TEMP_Y_COMPARADA_BYTE_A_BYTE	faltantes_blancos=0; todas las categorías oficiales se conservaron; celdas_sin_observaciones=3	NO
PROD-399f56782d4b4f5d7ddad67e	ESP-OPACA-C-9ecb5c61	REL-5741e12ce3e0a0e076ee48fc	G5.radio_confianza	DISTRIBUCION_DESCRIPTIVA	distribucion_descriptiva_completa_por_reactivo_separado:PF1_5	"[{""codigo"":""1"",""estado_celda"":""ESTIMACION_SUSTENTADA"",""etiqueta"":""Sí"",""n_categoria"":2002,""proporcion"":0.0658351594,""suma_pesos_categoria"":5559775.0},{""codigo"":""2"",""estado_celda"":""ESTIMACION_SUSTENTADA"",""etiqueta"":""No"",""n_categoria"":29164,""proporcion"":0.9341648406,""suma_pesos_categoria"":78890161.0}]"	"[{""codigo"":""1"",""error_estandar"":0.0022568722,""estado_celda"":""ESTIMACION_SUSTENTADA"",""ic95_inferior"":0.0614116899,""ic95_superior"":0.070258629},{""codigo"":""2"",""error_estandar"":0.0022568722,""estado_celda"":""ESTIMACION_SUSTENTADA"",""ic95_inferior"":0.929741371,""ic95_superior"":0.9385883101}]"	Población de 18 o más años, alfabeta y hablante de lengua española	Nacional	persona adulta elegida; última unidad de selección	últimos 12 meses	últimos 12 meses	2021	2021-06-03/2021-07-23	31166	84449936.000000	"{""conglomerado"":""UPM_DIS"",""estrato"":""EST_DIS"",""tipo"":""probabilístico, estratificado, trietápico y por conglomerados"",""unidad_ultima"":""persona de 18 años o más""}"	NINGUNA	DESCRIPTIVA_CON_DISENO	/home/pc0/mm-corpus/raw/enbiare2021/enbiare_2021_base_de_datos_csv.zip	TENBIARE.csv	afe9013a4cc26538dfe81da686f0d09e756a7d0e2fc407cd22f596fd53c0f354	89f4c3a49c00c0e1ba1f07013e0af10bbc3289fdddc48dde816c37d3da1a742b	data/curacion-universo/snapshot-t0.json	c562d83b402c9f11e3f529ada855e1fde45d830a6bb31a305a0705dbeadd4835	data/curacion-registro/baseline.json	4dd527eb25bf9d4ed1047c7956d9ee51f20175361f9404315baae476c057cc76	data/curacion-registro/expedientes-produccion/t0-89f4c3a49c00c0e1/ESP-OPACA-C-9ecb5c61/especificacion-recibida.json	7a0d1eb9826af926049937d88b1464e952407b68e7e88904ac07145d5921501a	data/curacion-registro/especificaciones-produccion.json	9274134cd8602f010f2651ad22ee86a932ad05c3db5b4a007c0366b612910121	data/curacion-registro/expedientes-produccion/t0-89f4c3a49c00c0e1/ESP-OPACA-C-9ecb5c61/resultado.tsv	f83accee9596a50f9c3a6561aa980e263aa6e4b0e412809ba7dd12886f4a2180	data/curacion-registro/expedientes-produccion/t0-89f4c3a49c00c0e1/ESP-OPACA-C-9ecb5c61/resumen.json	53a93597e4b3d13b666f159a7f0ec42349c019ea4139889ca72de31d6711168a	data/curacion-registro/expedientes-produccion/t0-89f4c3a49c00c0e1/ESP-OPACA-C-9ecb5c61/analisis-reproducible.py	bca402703706cebcea71add8903668fb770ceb2bfd15486f6f5e0b2996dda066	tools/curador_registro/produce.py	7704b6a1e979e401a4d39211fd9060a5b372b9a2fff724f2d059828aa743b335	tools/curador_registro/integrate_production.py	ae6b670d3e99267f7b331bcaa88cf939ca8cc9ce10547d24c40e57f77ecd9764	data/curacion-registro/expedientes-produccion/evidencia-neutral-produccion.json	94427f99647c16f459615f957fcd59ffb0f09340b1d1cd46815e3ae5b58a48c1	data/curacion-registro/expedientes-produccion/evidencia-neutral-produccion.json#ENBIARE_2021;RINS-f8b69223da037aa03c6b30bf;https://www.inegi.org.mx/rnm/index.php/catalog/730;https://www.inegi.org.mx/contenidos/productos/prod_serv/contenidos/espanol/bvinegi/productos/nueva_estruc/889463903628.pdf	CALCULO_REPRODUCIBLE	CALCULO_DESCRIPTIVO_DISPONIBLE	NO_LISTA_DECISION_HUMANA_PENDIENTE	REPRODUCIDA_EN_TEMP_Y_COMPARADA_BYTE_A_BYTE	faltantes_blancos=0; todas las categorías oficiales se conservaron; celdas_sin_observaciones=ninguna	SI
PROD-4660137dce5a3161e0699bd1	ESP-OPACA-C-9ecb5c61	REL-5741e12ce3e0a0e076ee48fc	G5.radio_confianza	DISTRIBUCION_DESCRIPTIVA	distribucion_descriptiva_completa_por_reactivo_separado:PB1_01	"[{""codigo"":""00"",""estado_celda"":""ESTIMACION_SUSTENTADA"",""etiqueta"":""0 nada en absoluto"",""n_categoria"":3015,""proporcion"":0.0877536248,""suma_pesos_categoria"":7410788.0},{""codigo"":""01"",""estado_celda"":""ESTIMACION_SUSTENTADA"",""etiqueta"":""1"",""n_categoria"":803,""proporcion"":0.0250916354,""suma_pesos_categoria"":2118987.0},{""codigo"":""02"",""estado_celda"":""ESTIMACION_SUSTENTADA"",""etiqueta"":""2"",""n_categoria"":1636,""proporcion"":0.0531798153,""suma_pesos_categoria"":4491032.0},{""codigo"":""03"",""estado_celda"":""ESTIMACION_SUSTENTADA"",""etiqueta"":""3"",""n_categoria"":2041,""proporcion"":0.0652290252,""suma_pesos_categoria"":5508587.0},{""codigo"":""04"",""estado_celda"":""ESTIMACION_SUSTENTADA"",""etiqueta"":""4"",""n_categoria"":1985,""proporcion"":0.0632289289,""suma_pesos_categoria"":5339679.0},{""codigo"":""05"",""estado_celda"":""ESTIMACION_SUSTENTADA"",""etiqueta"":""5"",""n_categoria"":6831,""proporcion"":0.227046223,""suma_pesos_categoria"":19174039.0},{""codigo"":""06"",""estado_celda"":""ESTIMACION_SUSTENTADA"",""etiqueta"":""6"",""n_categoria"":3457,""proporcion"":0.1121075687,""suma_pesos_categoria"":9467477.0},{""codigo"":""07"",""estado_celda"":""ESTIMACION_SUSTENTADA"",""etiqueta"":""7"",""n_categoria"":4255,""proporcion"":0.1389913309,""suma_pesos_categoria"":11737809.0},{""codigo"":""08"",""estado_celda"":""ESTIMACION_SUSTENTADA"",""etiqueta"":""8"",""n_categoria"":4464,""proporcion"":0.1472177433,""suma_pesos_categoria"":12432529.0},{""codigo"":""09"",""estado_celda"":""ESTIMACION_SUSTENTADA"",""etiqueta"":""9"",""n_categoria"":1443,""proporcion"":0.043237629,""suma_pesos_categoria"":3651415.0},{""codigo"":""10"",""estado_celda"":""ESTIMACION_SUSTENTADA"",""etiqueta"":""10 completamente"",""n_categoria"":1236,""proporcion"":0.0369164756,""suma_pesos_categoria"":3117594.0}]"	"[{""codigo"":""00"",""error_estandar"":0.002401359,""estado_celda"":""ESTIMACION_SUSTENTADA"",""ic95_inferior"":0.0830469613,""ic95_superior"":0.0924602884},{""codigo"":""01"",""error_estandar"":0.0012929041,""estado_celda"":""ESTIMACION_SUSTENTADA"",""ic95_inferior"":0.0225575434,""ic95_superior"":0.0276257274},{""codigo"":""02"",""error_estandar"":0.0018515364,""estado_celda"":""ESTIMACION_SUSTENTADA"",""ic95_inferior"":0.0495508041,""ic95_superior"":0.0568088266},{""codigo"":""03"",""error_estandar"":0.0020019381,""estado_celda"":""ESTIMACION_SUSTENTADA"",""ic95_inferior"":0.0613052266,""ic95_superior"":0.0691528238},{""codigo"":""04"",""error_estandar"":0.0020806195,""estado_celda"":""ESTIMACION_SUSTENTADA"",""ic95_inferior"":0.0591509148,""ic95_superior"":0.067306943},{""codigo"":""05"",""error_estandar"":0.003731254,""estado_celda"":""ESTIMACION_SUSTENTADA"",""ic95_inferior"":0.2197329651,""ic95_superior"":0.2343594809},{""codigo"":""06"",""error_estandar"":0.002861915,""estado_celda"":""ESTIMACION_SUSTENTADA"",""ic95_inferior"":0.1064982152,""ic95_superior"":0.1177169222},{""codigo"":""07"",""error_estandar"":0.0031754839,""estado_celda"":""ESTIMACION_SUSTENTADA"",""ic95_inferior"":0.1327673825,""ic95_superior"":0.1452152793},{""codigo"":""08"",""error_estandar"":0.0031399217,""estado_celda"":""ESTIMACION_SUSTENTADA"",""ic95_inferior"":0.1410634967,""ic95_superior"":0.1533719899},{""codigo"":""09"",""error_estandar"":0.0015685821,""estado_celda"":""ESTIMACION_SUSTENTADA"",""ic95_inferior"":0.0401632081,""ic95_superior"":0.0463120499},{""codigo"":""10"",""error_estandar"":0.0015451279,""estado_celda"":""ESTIMACION_SUSTENTADA"",""ic95_inferior"":0.0338880249,""ic95_superior"":0.0399449262}]"	Población de 18 o más años, alfabeta y hablante de lengua española	Nacional	persona adulta elegida; última unidad de selección	momento de la entrevista (reactivo sin ventana retrospectiva explícita)	momento de la entrevista (reactivo sin ventana retrospectiva explícita)	2021	2021-06-03/2021-07-23	31166	84449936.000000	"{""conglomerado"":""UPM_DIS"",""estrato"":""EST_DIS"",""tipo"":""probabilístico, estratificado, trietápico y por conglomerados"",""unidad_ultima"":""persona de 18 años o más""}"	NINGUNA	DESCRIPTIVA_CON_DISENO	/home/pc0/mm-corpus/raw/enbiare2021/enbiare_2021_base_de_datos_csv.zip	TENBIARE.csv	afe9013a4cc26538dfe81da686f0d09e756a7d0e2fc407cd22f596fd53c0f354	89f4c3a49c00c0e1ba1f07013e0af10bbc3289fdddc48dde816c37d3da1a742b	data/curacion-universo/snapshot-t0.json	c562d83b402c9f11e3f529ada855e1fde45d830a6bb31a305a0705dbeadd4835	data/curacion-registro/baseline.json	4dd527eb25bf9d4ed1047c7956d9ee51f20175361f9404315baae476c057cc76	data/curacion-registro/expedientes-produccion/t0-89f4c3a49c00c0e1/ESP-OPACA-C-9ecb5c61/especificacion-recibida.json	7a0d1eb9826af926049937d88b1464e952407b68e7e88904ac07145d5921501a	data/curacion-registro/especificaciones-produccion.json	9274134cd8602f010f2651ad22ee86a932ad05c3db5b4a007c0366b612910121	data/curacion-registro/expedientes-produccion/t0-89f4c3a49c00c0e1/ESP-OPACA-C-9ecb5c61/resultado.tsv	f83accee9596a50f9c3a6561aa980e263aa6e4b0e412809ba7dd12886f4a2180	data/curacion-registro/expedientes-produccion/t0-89f4c3a49c00c0e1/ESP-OPACA-C-9ecb5c61/resumen.json	53a93597e4b3d13b666f159a7f0ec42349c019ea4139889ca72de31d6711168a	data/curacion-registro/expedientes-produccion/t0-89f4c3a49c00c0e1/ESP-OPACA-C-9ecb5c61/analisis-reproducible.py	bca402703706cebcea71add8903668fb770ceb2bfd15486f6f5e0b2996dda066	tools/curador_registro/produce.py	7704b6a1e979e401a4d39211fd9060a5b372b9a2fff724f2d059828aa743b335	tools/curador_registro/integrate_production.py	ae6b670d3e99267f7b331bcaa88cf939ca8cc9ce10547d24c40e57f77ecd9764	data/curacion-registro/expedientes-produccion/evidencia-neutral-produccion.json	94427f99647c16f459615f957fcd59ffb0f09340b1d1cd46815e3ae5b58a48c1	data/curacion-registro/expedientes-produccion/evidencia-neutral-produccion.json#ENBIARE_2021;RINS-f8b69223da037aa03c6b30bf;https://www.inegi.org.mx/rnm/index.php/catalog/730;https://www.inegi.org.mx/contenidos/productos/prod_serv/contenidos/espanol/bvinegi/productos/nueva_estruc/889463903628.pdf	CALCULO_REPRODUCIBLE	CALCULO_DESCRIPTIVO_DISPONIBLE	NO_LISTA_DECISION_HUMANA_PENDIENTE	REPRODUCIDA_EN_TEMP_Y_COMPARADA_BYTE_A_BYTE	faltantes_blancos=0; todas las categorías oficiales se conservaron; celdas_sin_observaciones=ninguna	SI
PROD-4e6dd320321a8fcfee78ce59	ESP-OPACA-C-9ecb5c61	REL-5741e12ce3e0a0e076ee48fc	G5.radio_confianza	DISTRIBUCION_DESCRIPTIVA	distribucion_descriptiva_completa_por_reactivo_separado:PF1_6	"[{""codigo"":""1"",""estado_celda"":""ESTIMACION_SUSTENTADA"",""etiqueta"":""Sí"",""n_categoria"":6446,""proporcion"":0.1999987069,""suma_pesos_categoria"":16889878.0},{""codigo"":""2"",""estado_celda"":""ESTIMACION_SUSTENTADA"",""etiqueta"":""No"",""n_categoria"":24720,""proporcion"":0.8000012931,""suma_pesos_categoria"":67560058.0}]"	"[{""codigo"":""1"",""error_estandar"":0.0035075713,""estado_celda"":""ESTIMACION_SUSTENTADA"",""ic95_inferior"":0.1931238672,""ic95_superior"":0.2068735466},{""codigo"":""2"",""error_estandar"":0.0035075713,""estado_celda"":""ESTIMACION_SUSTENTADA"",""ic95_inferior"":0.7931264534,""ic95_superior"":0.8068761328}]"	Población de 18 o más años, alfabeta y hablante de lengua española	Nacional	persona adulta elegida; última unidad de selección	últimos 12 meses	últimos 12 meses	2021	2021-06-03/2021-07-23	31166	84449936.000000	"{""conglomerado"":""UPM_DIS"",""estrato"":""EST_DIS"",""tipo"":""probabilístico, estratificado, trietápico y por conglomerados"",""unidad_ultima"":""persona de 18 años o más""}"	NINGUNA	DESCRIPTIVA_CON_DISENO	/home/pc0/mm-corpus/raw/enbiare2021/enbiare_2021_base_de_datos_csv.zip	TENBIARE.csv	afe9013a4cc26538dfe81da686f0d09e756a7d0e2fc407cd22f596fd53c0f354	89f4c3a49c00c0e1ba1f07013e0af10bbc3289fdddc48dde816c37d3da1a742b	data/curacion-universo/snapshot-t0.json	c562d83b402c9f11e3f529ada855e1fde45d830a6bb31a305a0705dbeadd4835	data/curacion-registro/baseline.json	4dd527eb25bf9d4ed1047c7956d9ee51f20175361f9404315baae476c057cc76	data/curacion-registro/expedientes-produccion/t0-89f4c3a49c00c0e1/ESP-OPACA-C-9ecb5c61/especificacion-recibida.json	7a0d1eb9826af926049937d88b1464e952407b68e7e88904ac07145d5921501a	data/curacion-registro/especificaciones-produccion.json	9274134cd8602f010f2651ad22ee86a932ad05c3db5b4a007c0366b612910121	data/curacion-registro/expedientes-produccion/t0-89f4c3a49c00c0e1/ESP-OPACA-C-9ecb5c61/resultado.tsv	f83accee9596a50f9c3a6561aa980e263aa6e4b0e412809ba7dd12886f4a2180	data/curacion-registro/expedientes-produccion/t0-89f4c3a49c00c0e1/ESP-OPACA-C-9ecb5c61/resumen.json	53a93597e4b3d13b666f159a7f0ec42349c019ea4139889ca72de31d6711168a	data/curacion-registro/expedientes-produccion/t0-89f4c3a49c00c0e1/ESP-OPACA-C-9ecb5c61/analisis-reproducible.py	bca402703706cebcea71add8903668fb770ceb2bfd15486f6f5e0b2996dda066	tools/curador_registro/produce.py	7704b6a1e979e401a4d39211fd9060a5b372b9a2fff724f2d059828aa743b335	tools/curador_registro/integrate_production.py	ae6b670d3e99267f7b331bcaa88cf939ca8cc9ce10547d24c40e57f77ecd9764	data/curacion-registro/expedientes-produccion/evidencia-neutral-produccion.json	94427f99647c16f459615f957fcd59ffb0f09340b1d1cd46815e3ae5b58a48c1	data/curacion-registro/expedientes-produccion/evidencia-neutral-produccion.json#ENBIARE_2021;RINS-f8b69223da037aa03c6b30bf;https://www.inegi.org.mx/rnm/index.php/catalog/730;https://www.inegi.org.mx/contenidos/productos/prod_serv/contenidos/espanol/bvinegi/productos/nueva_estruc/889463903628.pdf	CALCULO_REPRODUCIBLE	CALCULO_DESCRIPTIVO_DISPONIBLE	NO_LISTA_DECISION_HUMANA_PENDIENTE	REPRODUCIDA_EN_TEMP_Y_COMPARADA_BYTE_A_BYTE	faltantes_blancos=0; todas las categorías oficiales se conservaron; celdas_sin_observaciones=ninguna	SI
PROD-8b7505bc9b9d0e3a1369c201	ESP-OPACA-C-9ecb5c61	REL-5741e12ce3e0a0e076ee48fc	G5.radio_confianza	DISTRIBUCION_DESCRIPTIVA	distribucion_descriptiva_completa_por_reactivo_separado:PF1_3	"[{""codigo"":""1"",""estado_celda"":""ESTIMACION_SUSTENTADA"",""etiqueta"":""Sí"",""n_categoria"":4343,""proporcion"":0.1331637599,""suma_pesos_categoria"":11245671.0},{""codigo"":""2"",""estado_celda"":""ESTIMACION_SUSTENTADA"",""etiqueta"":""No"",""n_categoria"":26823,""proporcion"":0.8668362401,""suma_pesos_categoria"":73204265.0}]"	"[{""codigo"":""1"",""error_estandar"":0.0032575637,""estado_celda"":""ESTIMACION_SUSTENTADA"",""ic95_inferior"":0.126778935,""ic95_superior"":0.1395485848},{""codigo"":""2"",""error_estandar"":0.0032575637,""estado_celda"":""ESTIMACION_SUSTENTADA"",""ic95_inferior"":0.8604514152,""ic95_superior"":0.873221065}]"	Población de 18 o más años, alfabeta y hablante de lengua española	Nacional	persona adulta elegida; última unidad de selección	últimos 12 meses	últimos 12 meses	2021	2021-06-03/2021-07-23	31166	84449936.000000	"{""conglomerado"":""UPM_DIS"",""estrato"":""EST_DIS"",""tipo"":""probabilístico, estratificado, trietápico y por conglomerados"",""unidad_ultima"":""persona de 18 años o más""}"	NINGUNA	DESCRIPTIVA_CON_DISENO	/home/pc0/mm-corpus/raw/enbiare2021/enbiare_2021_base_de_datos_csv.zip	TENBIARE.csv	afe9013a4cc26538dfe81da686f0d09e756a7d0e2fc407cd22f596fd53c0f354	89f4c3a49c00c0e1ba1f07013e0af10bbc3289fdddc48dde816c37d3da1a742b	data/curacion-universo/snapshot-t0.json	c562d83b402c9f11e3f529ada855e1fde45d830a6bb31a305a0705dbeadd4835	data/curacion-registro/baseline.json	4dd527eb25bf9d4ed1047c7956d9ee51f20175361f9404315baae476c057cc76	data/curacion-registro/expedientes-produccion/t0-89f4c3a49c00c0e1/ESP-OPACA-C-9ecb5c61/especificacion-recibida.json	7a0d1eb9826af926049937d88b1464e952407b68e7e88904ac07145d5921501a	data/curacion-registro/especificaciones-produccion.json	9274134cd8602f010f2651ad22ee86a932ad05c3db5b4a007c0366b612910121	data/curacion-registro/expedientes-produccion/t0-89f4c3a49c00c0e1/ESP-OPACA-C-9ecb5c61/resultado.tsv	f83accee9596a50f9c3a6561aa980e263aa6e4b0e412809ba7dd12886f4a2180	data/curacion-registro/expedientes-produccion/t0-89f4c3a49c00c0e1/ESP-OPACA-C-9ecb5c61/resumen.json	53a93597e4b3d13b666f159a7f0ec42349c019ea4139889ca72de31d6711168a	data/curacion-registro/expedientes-produccion/t0-89f4c3a49c00c0e1/ESP-OPACA-C-9ecb5c61/analisis-reproducible.py	bca402703706cebcea71add8903668fb770ceb2bfd15486f6f5e0b2996dda066	tools/curador_registro/produce.py	7704b6a1e979e401a4d39211fd9060a5b372b9a2fff724f2d059828aa743b335	tools/curador_registro/integrate_production.py	ae6b670d3e99267f7b331bcaa88cf939ca8cc9ce10547d24c40e57f77ecd9764	data/curacion-registro/expedientes-produccion/evidencia-neutral-produccion.json	94427f99647c16f459615f957fcd59ffb0f09340b1d1cd46815e3ae5b58a48c1	data/curacion-registro/expedientes-produccion/evidencia-neutral-produccion.json#ENBIARE_2021;RINS-f8b69223da037aa03c6b30bf;https://www.inegi.org.mx/rnm/index.php/catalog/730;https://www.inegi.org.mx/contenidos/productos/prod_serv/contenidos/espanol/bvinegi/productos/nueva_estruc/889463903628.pdf	CALCULO_REPRODUCIBLE	CALCULO_DESCRIPTIVO_DISPONIBLE	NO_LISTA_DECISION_HUMANA_PENDIENTE	REPRODUCIDA_EN_TEMP_Y_COMPARADA_BYTE_A_BYTE	faltantes_blancos=0; todas las categorías oficiales se conservaron; celdas_sin_observaciones=ninguna	SI
PROD-a64549ae3e7fbb40159d428c	ESP-OPACA-C-9ecb5c61	REL-5741e12ce3e0a0e076ee48fc	G5.radio_confianza	DISTRIBUCION_DESCRIPTIVA	distribucion_descriptiva_completa_por_reactivo_separado:PF1_1	"[{""codigo"":""1"",""estado_celda"":""ESTIMACION_SUSTENTADA"",""etiqueta"":""Sí"",""n_categoria"":9083,""proporcion"":0.2841741644,""suma_pesos_categoria"":23998490.0},{""codigo"":""2"",""estado_celda"":""ESTIMACION_SUSTENTADA"",""etiqueta"":""No"",""n_categoria"":22083,""proporcion"":0.7158258356,""suma_pesos_categoria"":60451446.0}]"	"[{""codigo"":""1"",""error_estandar"":0.0040036117,""estado_celda"":""ESTIMACION_SUSTENTADA"",""ic95_inferior"":0.2763270855,""ic95_superior"":0.2920212434},{""codigo"":""2"",""error_estandar"":0.0040036117,""estado_celda"":""ESTIMACION_SUSTENTADA"",""ic95_inferior"":0.7079787566,""ic95_superior"":0.7236729145}]"	Población de 18 o más años, alfabeta y hablante de lengua española	Nacional	persona adulta elegida; última unidad de selección	últimos 12 meses	últimos 12 meses	2021	2021-06-03/2021-07-23	31166	84449936.000000	"{""conglomerado"":""UPM_DIS"",""estrato"":""EST_DIS"",""tipo"":""probabilístico, estratificado, trietápico y por conglomerados"",""unidad_ultima"":""persona de 18 años o más""}"	NINGUNA	DESCRIPTIVA_CON_DISENO	/home/pc0/mm-corpus/raw/enbiare2021/enbiare_2021_base_de_datos_csv.zip	TENBIARE.csv	afe9013a4cc26538dfe81da686f0d09e756a7d0e2fc407cd22f596fd53c0f354	89f4c3a49c00c0e1ba1f07013e0af10bbc3289fdddc48dde816c37d3da1a742b	data/curacion-universo/snapshot-t0.json	c562d83b402c9f11e3f529ada855e1fde45d830a6bb31a305a0705dbeadd4835	data/curacion-registro/baseline.json	4dd527eb25bf9d4ed1047c7956d9ee51f20175361f9404315baae476c057cc76	data/curacion-registro/expedientes-produccion/t0-89f4c3a49c00c0e1/ESP-OPACA-C-9ecb5c61/especificacion-recibida.json	7a0d1eb9826af926049937d88b1464e952407b68e7e88904ac07145d5921501a	data/curacion-registro/especificaciones-produccion.json	9274134cd8602f010f2651ad22ee86a932ad05c3db5b4a007c0366b612910121	data/curacion-registro/expedientes-produccion/t0-89f4c3a49c00c0e1/ESP-OPACA-C-9ecb5c61/resultado.tsv	f83accee9596a50f9c3a6561aa980e263aa6e4b0e412809ba7dd12886f4a2180	data/curacion-registro/expedientes-produccion/t0-89f4c3a49c00c0e1/ESP-OPACA-C-9ecb5c61/resumen.json	53a93597e4b3d13b666f159a7f0ec42349c019ea4139889ca72de31d6711168a	data/curacion-registro/expedientes-produccion/t0-89f4c3a49c00c0e1/ESP-OPACA-C-9ecb5c61/analisis-reproducible.py	bca402703706cebcea71add8903668fb770ceb2bfd15486f6f5e0b2996dda066	tools/curador_registro/produce.py	7704b6a1e979e401a4d39211fd9060a5b372b9a2fff724f2d059828aa743b335	tools/curador_registro/integrate_production.py	ae6b670d3e99267f7b331bcaa88cf939ca8cc9ce10547d24c40e57f77ecd9764	data/curacion-registro/expedientes-produccion/evidencia-neutral-produccion.json	94427f99647c16f459615f957fcd59ffb0f09340b1d1cd46815e3ae5b58a48c1	data/curacion-registro/expedientes-produccion/evidencia-neutral-produccion.json#ENBIARE_2021;RINS-f8b69223da037aa03c6b30bf;https://www.inegi.org.mx/rnm/index.php/catalog/730;https://www.inegi.org.mx/contenidos/productos/prod_serv/contenidos/espanol/bvinegi/productos/nueva_estruc/889463903628.pdf	CALCULO_REPRODUCIBLE	CALCULO_DESCRIPTIVO_DISPONIBLE	NO_LISTA_DECISION_HUMANA_PENDIENTE	REPRODUCIDA_EN_TEMP_Y_COMPARADA_BYTE_A_BYTE	faltantes_blancos=0; todas las categorías oficiales se conservaron; celdas_sin_observaciones=ninguna	SI
PROD-b874ca92e251237252b00a10	ESP-OPACA-C-9ecb5c61	REL-5741e12ce3e0a0e076ee48fc	G5.radio_confianza	DISTRIBUCION_DESCRIPTIVA	distribucion_descriptiva_completa_por_reactivo_separado:PF1_4	"[{""codigo"":""1"",""estado_celda"":""ESTIMACION_SUSTENTADA"",""etiqueta"":""Sí"",""n_categoria"":6177,""proporcion"":0.1885426296,""suma_pesos_categoria"":15922413.0},{""codigo"":""2"",""estado_celda"":""ESTIMACION_SUSTENTADA"",""etiqueta"":""No"",""n_categoria"":24989,""proporcion"":0.8114573704,""suma_pesos_categoria"":68527523.0}]"	"[{""codigo"":""1"",""error_estandar"":0.0034680133,""estado_celda"":""ESTIMACION_SUSTENTADA"",""ic95_inferior"":0.1817453235,""ic95_superior"":0.1953399356},{""codigo"":""2"",""error_estandar"":0.0034680133,""estado_celda"":""ESTIMACION_SUSTENTADA"",""ic95_inferior"":0.8046600644,""ic95_superior"":0.8182546765}]"	Población de 18 o más años, alfabeta y hablante de lengua española	Nacional	persona adulta elegida; última unidad de selección	últimos 12 meses	últimos 12 meses	2021	2021-06-03/2021-07-23	31166	84449936.000000	"{""conglomerado"":""UPM_DIS"",""estrato"":""EST_DIS"",""tipo"":""probabilístico, estratificado, trietápico y por conglomerados"",""unidad_ultima"":""persona de 18 años o más""}"	NINGUNA	DESCRIPTIVA_CON_DISENO	/home/pc0/mm-corpus/raw/enbiare2021/enbiare_2021_base_de_datos_csv.zip	TENBIARE.csv	afe9013a4cc26538dfe81da686f0d09e756a7d0e2fc407cd22f596fd53c0f354	89f4c3a49c00c0e1ba1f07013e0af10bbc3289fdddc48dde816c37d3da1a742b	data/curacion-universo/snapshot-t0.json	c562d83b402c9f11e3f529ada855e1fde45d830a6bb31a305a0705dbeadd4835	data/curacion-registro/baseline.json	4dd527eb25bf9d4ed1047c7956d9ee51f20175361f9404315baae476c057cc76	data/curacion-registro/expedientes-produccion/t0-89f4c3a49c00c0e1/ESP-OPACA-C-9ecb5c61/especificacion-recibida.json	7a0d1eb9826af926049937d88b1464e952407b68e7e88904ac07145d5921501a	data/curacion-registro/especificaciones-produccion.json	9274134cd8602f010f2651ad22ee86a932ad05c3db5b4a007c0366b612910121	data/curacion-registro/expedientes-produccion/t0-89f4c3a49c00c0e1/ESP-OPACA-C-9ecb5c61/resultado.tsv	f83accee9596a50f9c3a6561aa980e263aa6e4b0e412809ba7dd12886f4a2180	data/curacion-registro/expedientes-produccion/t0-89f4c3a49c00c0e1/ESP-OPACA-C-9ecb5c61/resumen.json	53a93597e4b3d13b666f159a7f0ec42349c019ea4139889ca72de31d6711168a	data/curacion-registro/expedientes-produccion/t0-89f4c3a49c00c0e1/ESP-OPACA-C-9ecb5c61/analisis-reproducible.py	bca402703706cebcea71add8903668fb770ceb2bfd15486f6f5e0b2996dda066	tools/curador_registro/produce.py	7704b6a1e979e401a4d39211fd9060a5b372b9a2fff724f2d059828aa743b335	tools/curador_registro/integrate_production.py	ae6b670d3e99267f7b331bcaa88cf939ca8cc9ce10547d24c40e57f77ecd9764	data/curacion-registro/expedientes-produccion/evidencia-neutral-produccion.json	94427f99647c16f459615f957fcd59ffb0f09340b1d1cd46815e3ae5b58a48c1	data/curacion-registro/expedientes-produccion/evidencia-neutral-produccion.json#ENBIARE_2021;RINS-f8b69223da037aa03c6b30bf;https://www.inegi.org.mx/rnm/index.php/catalog/730;https://www.inegi.org.mx/contenidos/productos/prod_serv/contenidos/espanol/bvinegi/productos/nueva_estruc/889463903628.pdf	CALCULO_REPRODUCIBLE	CALCULO_DESCRIPTIVO_DISPONIBLE	NO_LISTA_DECISION_HUMANA_PENDIENTE	REPRODUCIDA_EN_TEMP_Y_COMPARADA_BYTE_A_BYTE	faltantes_blancos=0; todas las categorías oficiales se conservaron; celdas_sin_observaciones=ninguna	SI
PROD-cca3ea0bccd54d70083728b2	ESP-OPACA-B-d13ec4fe	REL-fe202a3fa76f0516a6e27f8b	G5.familismo_obligacion	DISTRIBUCION_DESCRIPTIVA	distribucion_descriptiva_completa_del_reactivo:P7_12_7	"[{""codigo"":""1"",""estado_celda"":""ESTIMACION_SUSTENTADA"",""etiqueta"":""De acuerdo (Sí)"",""n_categoria"":3860,""proporcion"":0.6932672048,""suma_pesos_categoria"":55625723.0},{""codigo"":""2"",""estado_celda"":""ESTIMACION_SUSTENTADA"",""etiqueta"":""Desacuerdo (No)"",""n_categoria"":1689,""proporcion"":0.2995280448,""suma_pesos_categoria"":24033250.0},{""codigo"":""8"",""estado_celda"":""ESTIMACION_SUSTENTADA"",""etiqueta"":""No responde"",""n_categoria"":10,""proporcion"":0.0034694317,""suma_pesos_categoria"":278377.0},{""codigo"":""9"",""estado_celda"":""ESTIMACION_SUSTENTADA"",""etiqueta"":""No sabe"",""n_categoria"":20,""proporcion"":0.0037353188,""suma_pesos_categoria"":299711.0}]"	"[{""codigo"":""1"",""error_estandar"":0.0105988816,""estado_celda"":""ESTIMACION_SUSTENTADA"",""ic95_inferior"":0.6724933968,""ic95_superior"":0.7140410128},{""codigo"":""2"",""error_estandar"":0.0105876388,""estado_celda"":""ESTIMACION_SUSTENTADA"",""ic95_inferior"":0.2787762728,""ic95_superior"":0.3202798168},{""codigo"":""8"",""error_estandar"":0.0013053467,""estado_celda"":""ESTIMACION_SUSTENTADA"",""ic95_inferior"":0.0009109522,""ic95_superior"":0.0060279111},{""codigo"":""9"",""error_estandar"":0.0012719025,""estado_celda"":""ESTIMACION_SUSTENTADA"",""ic95_inferior"":0.00124239,""ic95_superior"":0.0062282476}]"	Personas de 15 a 60 años residentes en viviendas particulares de México, seleccionadas como 'persona elegida' (una por hogar) -- tabla TPER_ELE (FD hoja TPER_ELE; PDF 889463927082.pdf SS1.3-1.4). No es TCSDEMPO (residentes en general), TPOB_CUI (poblacion cuidadora) ni THOG_UNIP (hogares unipersonales) -- las tres comparten P7_12_7 pero son universos distintos que se traslapan (PDF SS1.4).	Nacional	Persona elegida (tabla TPER_ELE, llave LLAVEMOD+LLAVEVIV+LLAVEHOG), 15 a 60 anios, una por hogar, en vivienda particular	Momento de la entrevista (reactivo sin ventana retrospectiva explícita) -- sin marco temporal declarado en el ítem, mismo patrón que PB1_01/PB2_1/PB2_2 en este corpus	Momento de la entrevista (reactivo sin ventana retrospectiva explícita) -- sin marco temporal declarado en el ítem, mismo patrón que PB1_01/PB2_1/PB2_2 en este corpus	2022	2022-10-24/2022-12-16	5579	80237061.000000	"{""conglomerado"":""UPM_DIS"",""estrato"":""EST_DIS"",""reserva"":""Confirmado directamente en el catálogo de variables de la hoja TPER_ELE (FD); no requiere unir con otra tabla. El documento metodológico llama FAC_SEL a este factor en prosa (SS1.5); la columna real es FAC_ELE -- discrepancia ya registrada en evidencia-neutral-produccion.json#ENASIC_2022 antes de este acto."",""tipo"":""probabilístico, estratificado, unietápico y por conglomerados""}"	NINGUNA	DESCRIPTIVA_CON_DISENO	/home/pc0/mm-corpus/raw/enasic2022/enasic_2022_bd_csv.zip	TPER_ELE.csv	8a5e8c5ed2dcda6e25dfe2dd630c0ac7273e0736e7b99662a15a4ef68c3ab36e	89f4c3a49c00c0e1ba1f07013e0af10bbc3289fdddc48dde816c37d3da1a742b	data/curacion-universo/snapshot-t0.json	c562d83b402c9f11e3f529ada855e1fde45d830a6bb31a305a0705dbeadd4835	data/curacion-registro/baseline.json	4dd527eb25bf9d4ed1047c7956d9ee51f20175361f9404315baae476c057cc76	data/curacion-registro/expedientes-produccion/t0-89f4c3a49c00c0e1/ESP-OPACA-B-d13ec4fe/especificacion-recibida.json	7466411a741a8d66608c082ebb19c47eb178d958024b4fd099bd6f931c0cbfaf	data/curacion-registro/especificaciones-produccion.json	9274134cd8602f010f2651ad22ee86a932ad05c3db5b4a007c0366b612910121	data/curacion-registro/expedientes-produccion/t0-89f4c3a49c00c0e1/ESP-OPACA-B-d13ec4fe/resultado.tsv	9a2a1f39d0ab2dfa4e251885f284e9e1af89a66ec5cea2244b4d6724ba98617d	data/curacion-registro/expedientes-produccion/t0-89f4c3a49c00c0e1/ESP-OPACA-B-d13ec4fe/resumen.json	a64a8af42da7d54c066b2d717924854aa688845d0953537576fea54d6d208fd5	data/curacion-registro/expedientes-produccion/t0-89f4c3a49c00c0e1/ESP-OPACA-B-d13ec4fe/analisis-reproducible.py	bca402703706cebcea71add8903668fb770ceb2bfd15486f6f5e0b2996dda066	tools/curador_registro/produce.py	7704b6a1e979e401a4d39211fd9060a5b372b9a2fff724f2d059828aa743b335	tools/curador_registro/integrate_production.py	ae6b670d3e99267f7b331bcaa88cf939ca8cc9ce10547d24c40e57f77ecd9764	data/curacion-registro/expedientes-produccion/evidencia-neutral-produccion.json	94427f99647c16f459615f957fcd59ffb0f09340b1d1cd46815e3ae5b58a48c1	data/curacion-registro/expedientes-produccion/evidencia-neutral-produccion.json#ENASIC_2022;RINS-53a431507d08139af2aab80f	CALCULO_REPRODUCIBLE	CALCULO_DESCRIPTIVO_DISPONIBLE	LISTA_PARA_USO_MODELO	REPRODUCIDA_EN_TEMP_Y_COMPARADA_BYTE_A_BYTE	faltantes_blancos=0; todas las categorías oficiales se conservaron; celdas_sin_observaciones=ninguna	NO
PROD-ed3ea50127e9d59a9a6dc191	ESP-OPACA-C-9ecb5c61	REL-5741e12ce3e0a0e076ee48fc	G5.radio_confianza	DISTRIBUCION_DESCRIPTIVA	distribucion_descriptiva_completa_por_reactivo_separado:PB1_02	"[{""codigo"":""00"",""estado_celda"":""ESTIMACION_SUSTENTADA"",""etiqueta"":""0 nada en absoluto"",""n_categoria"":691,""proporcion"":0.0184314172,""suma_pesos_categoria"":1556532.0},{""codigo"":""01"",""estado_celda"":""ESTIMACION_SUSTENTADA"",""etiqueta"":""1"",""n_categoria"":251,""proporcion"":0.0074330666,""suma_pesos_categoria"":627722.0},{""codigo"":""02"",""estado_celda"":""ESTIMACION_SUSTENTADA"",""etiqueta"":""2"",""n_categoria"":495,""proporcion"":0.0159872945,""suma_pesos_categoria"":1350126.0},{""codigo"":""03"",""estado_celda"":""ESTIMACION_SUSTENTADA"",""etiqueta"":""3"",""n_categoria"":742,""proporcion"":0.020343781,""suma_pesos_categoria"":1718031.0},{""codigo"":""04"",""estado_celda"":""ESTIMACION_SUSTENTADA"",""etiqueta"":""4"",""n_categoria"":760,""proporcion"":0.0244482956,""suma_pesos_categoria"":2064657.0},{""codigo"":""05"",""estado_celda"":""ESTIMACION_SUSTENTADA"",""etiqueta"":""5"",""n_categoria"":2987,""proporcion"":0.093054067,""suma_pesos_categoria"":7858410.0},{""codigo"":""06"",""estado_celda"":""ESTIMACION_SUSTENTADA"",""etiqueta"":""6"",""n_categoria"":1922,""proporcion"":0.0618479806,""suma_pesos_categoria"":5223058.0},{""codigo"":""07"",""estado_celda"":""ESTIMACION_SUSTENTADA"",""etiqueta"":""7"",""n_categoria"":3464,""proporcion"":0.1136460897,""suma_pesos_categoria"":9597405.0},{""codigo"":""08"",""estado_celda"":""ESTIMACION_SUSTENTADA"",""etiqueta"":""8"",""n_categoria"":7044,""proporcion"":0.2329036105,""suma_pesos_categoria"":19668695.0},{""codigo"":""09"",""estado_celda"":""ESTIMACION_SUSTENTADA"",""etiqueta"":""9"",""n_categoria"":5991,""proporcion"":0.1964673366,""suma_pesos_categoria"":16591654.0},{""codigo"":""10"",""estado_celda"":""ESTIMACION_SUSTENTADA"",""etiqueta"":""10 completamente"",""n_categoria"":6819,""proporcion"":0.2154370608,""suma_pesos_categoria"":18193646.0}]"	"[{""codigo"":""00"",""error_estandar"":0.0010446622,""estado_celda"":""ESTIMACION_SUSTENTADA"",""ic95_inferior"":0.0163838792,""ic95_superior"":0.0204789551},{""codigo"":""01"",""error_estandar"":0.00073589,""estado_celda"":""ESTIMACION_SUSTENTADA"",""ic95_inferior"":0.0059907223,""ic95_superior"":0.008875411},{""codigo"":""02"",""error_estandar"":0.0010699849,""estado_celda"":""ESTIMACION_SUSTENTADA"",""ic95_inferior"":0.0138901242,""ic95_superior"":0.0180844649},{""codigo"":""03"",""error_estandar"":0.0010329236,""estado_celda"":""ESTIMACION_SUSTENTADA"",""ic95_inferior"":0.0183192506,""ic95_superior"":0.0223683113},{""codigo"":""04"",""error_estandar"":0.0014120596,""estado_celda"":""ESTIMACION_SUSTENTADA"",""ic95_inferior"":0.0216806587,""ic95_superior"":0.0272159325},{""codigo"":""05"",""error_estandar"":0.002520212,""estado_celda"":""ESTIMACION_SUSTENTADA"",""ic95_inferior"":0.0881144514,""ic95_superior"":0.0979936825},{""codigo"":""06"",""error_estandar"":0.0021853686,""estado_celda"":""ESTIMACION_SUSTENTADA"",""ic95_inferior"":0.0575646581,""ic95_superior"":0.066131303},{""codigo"":""07"",""error_estandar"":0.0027207862,""estado_celda"":""ESTIMACION_SUSTENTADA"",""ic95_inferior"":0.1083133488,""ic95_superior"":0.1189788306},{""codigo"":""08"",""error_estandar"":0.0035081532,""estado_celda"":""ESTIMACION_SUSTENTADA"",""ic95_inferior"":0.2260276302,""ic95_superior"":0.2397795908},{""codigo"":""09"",""error_estandar"":0.0037048204,""estado_celda"":""ESTIMACION_SUSTENTADA"",""ic95_inferior"":0.1892058887,""ic95_superior"":0.2037287845},{""codigo"":""10"",""error_estandar"":0.0036197381,""estado_celda"":""ESTIMACION_SUSTENTADA"",""ic95_inferior"":0.2083423742,""ic95_superior"":0.2225317475}]"	Población de 18 o más años, alfabeta y hablante de lengua española	Nacional	persona adulta elegida; última unidad de selección	momento de la entrevista (reactivo sin ventana retrospectiva explícita)	momento de la entrevista (reactivo sin ventana retrospectiva explícita)	2021	2021-06-03/2021-07-23	31166	84449936.000000	"{""conglomerado"":""UPM_DIS"",""estrato"":""EST_DIS"",""tipo"":""probabilístico, estratificado, trietápico y por conglomerados"",""unidad_ultima"":""persona de 18 años o más""}"	NINGUNA	DESCRIPTIVA_CON_DISENO	/home/pc0/mm-corpus/raw/enbiare2021/enbiare_2021_base_de_datos_csv.zip	TENBIARE.csv	afe9013a4cc26538dfe81da686f0d09e756a7d0e2fc407cd22f596fd53c0f354	89f4c3a49c00c0e1ba1f07013e0af10bbc3289fdddc48dde816c37d3da1a742b	data/curacion-universo/snapshot-t0.json	c562d83b402c9f11e3f529ada855e1fde45d830a6bb31a305a0705dbeadd4835	data/curacion-registro/baseline.json	4dd527eb25bf9d4ed1047c7956d9ee51f20175361f9404315baae476c057cc76	data/curacion-registro/expedientes-produccion/t0-89f4c3a49c00c0e1/ESP-OPACA-C-9ecb5c61/especificacion-recibida.json	7a0d1eb9826af926049937d88b1464e952407b68e7e88904ac07145d5921501a	data/curacion-registro/especificaciones-produccion.json	9274134cd8602f010f2651ad22ee86a932ad05c3db5b4a007c0366b612910121	data/curacion-registro/expedientes-produccion/t0-89f4c3a49c00c0e1/ESP-OPACA-C-9ecb5c61/resultado.tsv	f83accee9596a50f9c3a6561aa980e263aa6e4b0e412809ba7dd12886f4a2180	data/curacion-registro/expedientes-produccion/t0-89f4c3a49c00c0e1/ESP-OPACA-C-9ecb5c61/resumen.json	53a93597e4b3d13b666f159a7f0ec42349c019ea4139889ca72de31d6711168a	data/curacion-registro/expedientes-produccion/t0-89f4c3a49c00c0e1/ESP-OPACA-C-9ecb5c61/analisis-reproducible.py	bca402703706cebcea71add8903668fb770ceb2bfd15486f6f5e0b2996dda066	tools/curador_registro/produce.py	7704b6a1e979e401a4d39211fd9060a5b372b9a2fff724f2d059828aa743b335	tools/curador_registro/integrate_production.py	ae6b670d3e99267f7b331bcaa88cf939ca8cc9ce10547d24c40e57f77ecd9764	data/curacion-registro/expedientes-produccion/evidencia-neutral-produccion.json	94427f99647c16f459615f957fcd59ffb0f09340b1d1cd46815e3ae5b58a48c1	data/curacion-registro/expedientes-produccion/evidencia-neutral-produccion.json#ENBIARE_2021;RINS-f8b69223da037aa03c6b30bf;https://www.inegi.org.mx/rnm/index.php/catalog/730;https://www.inegi.org.mx/contenidos/productos/prod_serv/contenidos/espanol/bvinegi/productos/nueva_estruc/889463903628.pdf	CALCULO_REPRODUCIBLE	CALCULO_DESCRIPTIVO_DISPONIBLE	NO_LISTA_DECISION_HUMANA_PENDIENTE	REPRODUCIDA_EN_TEMP_Y_COMPARADA_BYTE_A_BYTE	faltantes_blancos=0; todas las categorías oficiales se conservaron; celdas_sin_observaciones=ninguna	SI
