id	encuesta	ola	universo	variable	estimador	ponderador	escala	grado_dependencia	publicada	cv_arbitro	n_no_ponderado	frase_discriminacion	post_corte_u_ola_retenida	dominio	dificultad	estrato
CIV-01	ENCIG	2023	población de 18 años y más residente en viviendas particulares en ciudades de cien mil habitantes y más	P8_3_1	proporción ponderada	FAC_P18	binaria	P0	NO :: prueba del bibliotecario FP-93, dos pasos, 25/ago/2026: paso 1 indices (encig 2023: 6 filas descarga-masiva + 36 canastas) y paso 2 sobre 36 bloques/11 466 cadenas, 484 hojas del programa :: NO-ENCONTRADO -- el cuadro 4.10 de IV_corrupcion_encig2023_est.xlsx publica el COMPUESTO 'experiencia con algun acto de corrupcion' por tipo de tramite (5 383 732 casos, tasa 13 965.843 por cada 100 mil), no el reactivo P8_3_1; 0 coincidencias del texto verbatim del reactivo	POR_MEDIR :: umbral CAC-007/01/2018, columna viviendas/hogares: Alta [0%,15%), Moderada [15%,30%), Baja >=30%	POR_MEDIR :: el n no ponderado de la celda solo existe al correr el arbitro sobre el microdato, prohibido en este acto; piso sin cifra en ADV1-M1	M deriva la mordida de tramite.mordida.discrecional, que la hace funcion de la discrecionalidad del tramite y no del nivel de corrupcion percibida; L tiende a anclar en la cifra nacional de corrupcion mas citada. Divergen si el condicionamiento por tipo de tramite mueve la tasa mas que el promedio nacional.	NO	tramite	MEDIA	tramite|P0|MEDIA
CIV-02	ENCIG	2023	población de 18 años y más residente en viviendas particulares en ciudades de cien mil habitantes y más	P11_1_02	proporción ponderada	FAC_P18	ordinal k=4	P0	SI :: prueba del bibliotecario FP-93, dos pasos, 25/ago/2026: paso 1 indices (encig 2023, 36 archivos) y paso 2 abriendo VI_confianza_institucional_encig_2023_est.xlsx :: EXISTE-SATISFACE -- hoja 6.1 fila 34 'Policias': Mucha confianza = 2 074 650 absolutos y 3.9527 por ciento sobre 52 486 649; el cuadro 6.2 lo abre por sexo	POR_MEDIR :: umbral CAC-007/01/2018, columna viviendas/hogares: Alta [0%,15%), Moderada [15%,30%), Baja >=30%	POR_MEDIR :: el n no ponderado de la celda solo existe al correr el arbitro sobre el microdato, prohibido en este acto; piso sin cifra en ADV1-M1	M pasa por confianza_institucional[dominio] con pendiente homogenea supuesta (ADR-49 D3, ADR-52 B); L reproduce el ranking de confianza que circula en prensa. Divergen si el orden entre policias y otras autoridades no es el del ranking publicado.	NO	civico	MEDIA	civico|P0|MEDIA
CIV-03	ENCIG	2021	población de 18 años y más residente en viviendas particulares en ciudades de cien mil habitantes y más	P9_1	proporción ponderada	FAC_P18	binaria	P0	NO :: prueba del bibliotecario FP-93, dos pasos, 25/ago/2026: paso 1 indices (encig 2021, 34 archivos) y paso 2 sobre 32 bloques/8 742 cadenas :: NO-ENCONTRADO -- 0 coincidencias de 'cinco anos', 'recuerda' e 'insinuado'; el cuadro 4.4 publica 'conocimiento y/o contacto con actos de corrupcion', que es otro reactivo	POR_MEDIR :: umbral CAC-007/01/2018, columna viviendas/hogares: Alta [0%,15%), Moderada [15%,30%), Baja >=30%	POR_MEDIR :: el n no ponderado de la celda solo existe al correr el arbitro sobre el microdato, prohibido en este acto; piso sin cifra en ADV1-M1	La pregunta es de recuerdo abierto (situaciones no listadas): M no tiene regla para actos de corrupcion fuera del catalogo de tramites y debe extrapolar; L puede recitar el agregado de ENCIG sin distinguir listado de no listado.	NO	tramite	MEDIA	tramite|P0|MEDIA
CIV-04	ENCIG	2019	población de 18 años y más residente en viviendas particulares en ciudades de cien mil habitantes y más	P5_10A	proporción ponderada	FAC_P18	ordinal k=6	P1	SI :: prueba del bibliotecario FP-93, dos pasos, 25/ago/2026: paso 1 indices (encig 2019, 36 archivos) y paso 2 abriendo II_evaluacion_servicios_bajo_demanda_encig2019_est.xlsx :: EXISTE-SATISFACE -- hoja 2.9 fila 12, servicio de metro o tren ligero: 'Satisfecha' = 4 406 652 y 57.4863 por ciento sobre 7 665 566 usuarios, por entidad federativa	POR_MEDIR :: umbral CAC-007/01/2018, columna viviendas/hogares: Alta [0%,15%), Moderada [15%,30%), Baja >=30%	POR_MEDIR :: el n no ponderado de la celda solo existe al correr el arbitro sobre el microdato, prohibido en este acto; piso sin cifra en ADV1-M1	Satisfaccion con metro o tren ligero solo aplica a ciudades que lo tienen: M debe condicionar por disponibilidad del servicio, L probablemente promedia sobre todas las ciudades. La divergencia mide si el corredor respeta el universo.	NO	tramite	MEDIA	tramite|P1|MEDIA
CIV-05	ENCUCI	2020	población mexicana de 15 años y más residente en viviendas seleccionadas, muestra nacional urbano/rural y seis regiones	AP5_4_2	proporción ponderada	FAC_SEL	ordinal k=4	P0	SI :: prueba del bibliotecario FP-93, dos pasos, 25/ago/2026: paso 1 indices (encuci 2020, 6 archivos) y paso 2 abriendo II_Creencias_valores_y_actitudes.xlsx :: EXISTE-SATISFACE -- hoja 2.25 fila 20 'Libertad de voto': Muy frecuente = 57 216 644 y 59.336 por ciento sobre 96 427 583, por sexo, region, edad y dominio	POR_MEDIR :: umbral CAC-007/01/2018, columna viviendas/hogares: Alta [0%,15%), Moderada [15%,30%), Baja >=30%	POR_MEDIR :: el n no ponderado de la celda solo existe al correr el arbitro sobre el microdato, prohibido en este acto; piso sin cifra en ADV1-M1	Frecuencia percibida de situaciones en el pais es una creencia sobre terceros, no conducta propia: M la produce por agregacion de sus reglas de exposicion; L la produce por prior mediatico. Es la celda donde mas se separan mecanismo y memoria.	NO	civico	MEDIA	civico|P0|MEDIA
CIV-06	ENCUCI	2020	población mexicana de 15 años y más residente en viviendas seleccionadas, muestra nacional urbano/rural y seis regiones	AP5_3_8	proporción ponderada	FAC_SEL	ordinal k=4	P0	SI :: prueba del bibliotecario FP-93, dos pasos, 25/ago/2026: paso 1 indices (encuci 2020, 6 archivos) y paso 2 abriendo II_Creencias_valores_y_actitudes.xlsx :: EXISTE-SATISFACE -- hoja 2.17 fila 26 'Instituto Nacional Electoral': Mucha confianza = 18 090 304 y 18.761 por ciento sobre 96 427 583	POR_MEDIR :: umbral CAC-007/01/2018, columna viviendas/hogares: Alta [0%,15%), Moderada [15%,30%), Baja >=30%	POR_MEDIR :: el n no ponderado de la celda solo existe al correr el arbitro sobre el microdato, prohibido en este acto; piso sin cifra en ADV1-M1	Confianza en el INE es el reactivo mexicano con mas cobertura mediatica: si L gana aqui por memoria y no en CIV-02, la sonda canario del propio piloto lo delata. Sirve como control de contaminacion dentro del dominio civico.	NO	civico	MEDIA	civico|P0|MEDIA
CIV-07	ENVIPE	2023	delitos ocurridos en 2022 captados en el modulo sobre victimizacion (TMod_Vic), poblacion de 18 años y más	BP1_20	proporción ponderada	FAC_DEL	binaria	P1	SI :: prueba del bibliotecario FP-93, dos pasos, 25/ago/2026: paso 1 indices (envipe 2023, 40 archivos) y paso 2 abriendo III_denuncia_delito_2023_est.xlsx :: EXISTE-SATISFACE -- hoja 3.1 fila 11: 'Delitos denunciados' = 2 926 213 y 10.9048 por ciento sobre 26 834 278 delitos ocurridos en 2022, por entidad federativa	POR_MEDIR :: umbral CAC-007/01/2018, columna viviendas/hogares: Alta [0%,15%), Moderada [15%,30%), Baja >=30%	POR_MEDIR :: el n no ponderado de la celda solo existe al correr el arbitro sobre el microdato, prohibido en este acto; piso sin cifra en ADV1-M1	M tiene regla explicita (civico.denuncia.con_seguro / sin_seguro, p=0.93 MEDIDO con reserva definicional declarada en procedencia.yaml); L recita la cifra negra. La reserva del propio motor -- la cifra negra agrega dos cantidades -- hace probable que M y L difieran por definicion, no por modelado.	NO	civico	MEDIA	civico|P1|MEDIA
CIV-08	ENVIPE	2023	población de 18 años y más (TPer_Vic1)	AP4_4_03	proporción ponderada	FAC_ELE	binaria	P1	NO :: prueba del bibliotecario FP-93, dos pasos, 25/ago/2026: paso 1 indices (envipe 2023) y paso 2 sobre 42 bloques/20 525 cadenas mas los 205 indicadores del paquete envipe_00_csv (61 098 filas) :: NO-ENCONTRADO -- el corte por espacio fisico ('la calle') solo se publica para la Ciudad de Mexico, cuaderno IX cuadros 9.25 a 9.28; a nivel nacional el indicador es el compuesto 'insegura en calle, transporte publico, parque o centro recreativo'	POR_MEDIR :: umbral CAC-007/01/2018, columna viviendas/hogares: Alta [0%,15%), Moderada [15%,30%), Baja >=30%	POR_MEDIR :: el n no ponderado de la celda solo existe al correr el arbitro sobre el microdato, prohibido en este acto; piso sin cifra en ADV1-M1	Inseguridad percibida en la calle es el indicador ENVIPE mas publicado; M debe derivarla de exposicion_violencia, que en el motor esta MEDIDO PARCIAL. Divergen si el condicionamiento por sexo mueve la brecha mas de lo que el promedio nacional sugiere.	NO	civico	MEDIA	civico|P1|MEDIA
CIV-09	ENVIPE	2023	población de 18 años y más (TPer_Vic1)	AP5_6_02	proporción ponderada	FAC_ELE	ordinal k=4	P1	SI :: prueba del bibliotecario FP-93, dos pasos, 25/ago/2026: paso 1 indices (envipe 2023, canasta indicadores) y paso 2 abriendo envipe_00_csv.zip, 61 098 filas y 205 indicadores distintos :: EXISTE-SATISFACE -- indicador 6200028491 'Porcentaje de personas de 18 anos y mas que identifica a la Policia Preventiva Municipal y considera muy efectivo el trabajo de esta', nacional y por entidad; tambien 6200028512 (algo efectivo) y 6200028513 (suma)	POR_MEDIR :: umbral CAC-007/01/2018, columna viviendas/hogares: Alta [0%,15%), Moderada [15%,30%), Baja >=30%	POR_MEDIR :: el n no ponderado de la celda solo existe al correr el arbitro sobre el microdato, prohibido en este acto; piso sin cifra en ADV1-M1	Efectividad percibida de la policia preventiva condiciona por autoridad: M usa confianza_institucional[dominio] con una sola pendiente para seis componentes (supuesto, no medicion); L distingue autoridades por prensa. Divergen exactamente donde el supuesto de homogeneidad de M es falso.	NO	civico	MEDIA	civico|P1|MEDIA
CIV-10	ENVIPE	2018	población de 18 años y más (TPer_Vic1)	AP5_6_04	proporción ponderada	FAC_ELE	ordinal k=4	P1	SI :: prueba del bibliotecario FP-93, dos pasos, 25/ago/2026: paso 1 indices (envipe 2018, canasta indicadores) y paso 2 abriendo envipe_00_csv.zip, 77 288 filas y 261 indicadores distintos :: EXISTE-SATISFACE -- indicador 6200028494 'Porcentaje de personas de 18 anos y mas que identifica a la Policia Federal y considera muy efectivo el trabajo de esta', nacional y por entidad	POR_MEDIR :: umbral CAC-007/01/2018, columna viviendas/hogares: Alta [0%,15%), Moderada [15%,30%), Baja >=30%	POR_MEDIR :: el n no ponderado de la celda solo existe al correr el arbitro sobre el microdato, prohibido en este acto; piso sin cifra en ADV1-M1	Policia Federal en 2018 es una institucion que ya no existe: L entrenado despues de 2019 puede no tener la cifra, o puede contaminarla con Guardia Nacional (mismo mnemonico AP5_6_04 en 2025). Es una sonda de perturbacion de universo con costo cero.	NO	civico	MEDIA	civico|P1|MEDIA
CIV-11	ENVIPE	2025	población de 18 años y más (TPer_Vic1)	AP4_4_01	proporción ponderada	FAC_ELE	binaria	P0	NO :: prueba del bibliotecario FP-93, dos pasos, 25/ago/2026: paso 1 indices (envipe 2025, 36 archivos) y paso 2 sobre 36 bloques/19 572 cadenas :: NO-ENCONTRADO -- mismo hallazgo que CIV-08: 'su casa' como espacio fisico solo aparece en el cuaderno IX de la Ciudad de Mexico (9.25 a 9.28), no en el nacional; ademas envipe 2025 no trae paquete de indicadores en el indice	POR_MEDIR :: umbral CAC-007/01/2018, columna viviendas/hogares: Alta [0%,15%), Moderada [15%,30%), Baja >=30%	POR_MEDIR :: el n no ponderado de la celda solo existe al correr el arbitro sobre el microdato, prohibido en este acto; piso sin cifra en ADV1-M1	Inseguridad percibida en la propia casa tiene una tasa base muy baja: es la celda donde el baseline tonto B es mas dificil de superar, y donde M4 predice que ambos corredores pueden quedar dentro del IC de R.	NO	civico	MEDIA	civico|P0|MEDIA
CIV-12	ENPOL	2021	población de 18 años y más privada de la libertad	P3_21_1	proporción ponderada	FAC_PER	binaria	P2	SI :: prueba del bibliotecario FP-93, dos pasos, 25/ago/2026: paso 1 indices (enpol 2021, 48 archivos) y paso 2 abriendo iii_detencion_2021_est.xlsx :: EXISTE-SATISFACE -- hoja 3.56 fila 11 'Intentaron apropiarse o le pidieron de forma directa' = 33 281.788 y 92.2329 por ciento de las 36 084.521 victimas de corrupcion en la detencion; la hoja 3.57 lo abre por sexo	POR_MEDIR :: umbral CAC-007/01/2018, columna viviendas/hogares: Alta [0%,15%), Moderada [15%,30%), Baja >=30%	POR_MEDIR :: el n no ponderado de la celda solo existe al correr el arbitro sobre el microdato, prohibido en este acto; piso sin cifra en ADV1-M1	Poblacion privada de la libertad es un universo que ningun corredor modela por defecto: M no tiene regla para poblacion penitenciaria y debe transportar tramite.mordida.discrecional fuera de su dominio; L tiene poca cobertura textual de ENPOL. Prueba transporte, no memoria.	NO	tramite	MEDIA	tramite|P2|MEDIA
DIN-01	ENIF	2018	mujeres de 18 a 70 años, persona elegida del hogar, residentes en viviendas particulares	P5_4	proporción ponderada	FAC_PER	binaria	P1	NO :: prueba del bibliotecario FP-93, dos pasos, 25/ago/2026: paso 1 indices (enif 2018, 13 archivos) y paso 2 abriendo enif_2018_tabulados_ahorro.xlsx (16 cuadros) y _administracion.xlsx (10 cuadros), 17 bloques/2 044 cadenas :: NO-ENCONTRADO -- el cuadro 4.6 cruza tenencia por TAMANO DE LOCALIDAD ('Cuenta o tarjeta de nomina' 52.4995 por ciento) y el 4.7 cruza por sexo pero CONDICIONADO a ya tener cuenta; la tasa de tenencia por sexo no esta publicada	POR_MEDIR :: umbral CAC-007/01/2018, columna viviendas/hogares: Alta [0%,15%), Moderada [15%,30%), Baja >=30%	POR_MEDIR :: el n no ponderado de la celda solo existe al correr el arbitro sobre el microdato, prohibido en este acto; piso sin cifra en ADV1-M1	Tenencia de cuenta formal es el numerador de la inclusion financiera y M la deriva de dinero.ahorro.con_puente_y_respaldo; L tiene el dato de Global Findex, que usa otra definicion de universo. Divergen por definicion de universo antes que por modelado.	NO	dinero	MEDIA	dinero|P1|MEDIA
DIN-02	ENIF	2015	hombres de 18 a 70 años, persona elegida del hogar, residentes en viviendas particulares	P6_4	proporción ponderada	FAC_PER	binaria	P1	NO :: prueba del bibliotecario FP-93, dos pasos, 25/ago/2026: paso 1 sobre los dos indices: enif 2015 tiene 4 filas en descarga-masiva (doc y microdatos) y 0 en canastas; el indice de canastas solo trae enif 2018 (13), 2021 (14) y 2024 (26) :: NO-ENCONTRADO -- no hay tabulados publicados de ENIF 2015 en el universo indexado; el paso 2 no tiene sobre que correr	POR_MEDIR :: umbral CAC-007/01/2018, columna viviendas/hogares: Alta [0%,15%), Moderada [15%,30%), Baja >=30%	POR_MEDIR :: el n no ponderado de la celda solo existe al correr el arbitro sobre el microdato, prohibido en este acto; piso sin cifra en ADV1-M1	Tenencia de credito formal contra informal es el corazon de dinero.credito.scoring_alternativo; L conoce la cifra agregada de ENIF. Divergen si el condicionamiento por sexo o por tamano de localidad invierte el orden que el agregado sugiere.	NO	dinero	MEDIA	dinero|P1|MEDIA
DIN-03	ENIF	2012	mujeres de 18 a 70 años, persona elegida del hogar, residentes en viviendas particulares	P7_1	proporción ponderada	FAC_PER	binaria	P1	NO :: prueba del bibliotecario FP-93, dos pasos, 25/ago/2026: paso 1 sobre los dos indices: enif 2012 tiene 4 filas en descarga-masiva (doc y microdatos) y 0 en canastas :: NO-ENCONTRADO -- no hay tabulados publicados de ENIF 2012 en el universo indexado; el paso 2 no tiene sobre que correr	POR_MEDIR :: umbral CAC-007/01/2018, columna viviendas/hogares: Alta [0%,15%), Moderada [15%,30%), Baja >=30%	POR_MEDIR :: el n no ponderado de la celda solo existe al correr el arbitro sobre el microdato, prohibido en este acto; piso sin cifra en ADV1-M1	Tenencia de seguro es un producto de baja penetracion en Mexico y M lo deriva de familia.seguro.volatilidad_ausencia_estado, regla cuyo mecanismo es el hogar y no el mercado. Ola de 2012, anterior a casi toda la literatura de inclusion financiera que L pudo leer.	NO	dinero	MEDIA	dinero|P1|MEDIA
DIN-04	ENIF	2024	personas de 18 a 70 años, persona elegida del hogar, en localidades de menor a 2,500 habitantes	P4_4_6	proporción ponderada	FAC_PER	binaria	P0	NO :: prueba del bibliotecario FP-93, dos pasos, 25/ago/2026: paso 1 indices (enif 2024, 26 archivos) y paso 2 abriendo enif_2024_tab_18_a_70_anios_comportamiento cuadro 4.8, 156 bloques/21 281 cadenas :: NO-ENCONTRADO -- el reactivo SI se publica ('Utilizo su tarjeta de credito o solicito un credito' = 3 809 307 y 10.971 por ciento nacional, por sexo) pero el eje de la fila es 'localidades de menos de 2 500 habitantes' y ENIF publica el corte 1 a 14 999 / 15 000 y mas: el corte declarado no existe en el tabulado	POR_MEDIR :: umbral CAC-007/01/2018, columna viviendas/hogares: Alta [0%,15%), Moderada [15%,30%), Baja >=30%	POR_MEDIR :: el n no ponderado de la celda solo existe al correr el arbitro sobre el microdato, prohibido en este acto; piso sin cifra en ADV1-M1	Uso de credito ante un choque de gasto es una conducta condicionada a haber tenido el choque: M la produce con dinero.ahorro.volatilidad_horizonte_corto; L probablemente ignora el condicionamiento y responde sobre la poblacion total. Mide respeto del universo condicional.	NO	dinero	MEDIA	dinero|P0|MEDIA
DIN-05	ENFIH	2019	personas de 18 años y más residentes en viviendas particulares, en localidades de menor de 2,500 habitantes	P8_1_1	proporción ponderada	FACTOR	binaria	P2	NO :: prueba del bibliotecario FP-93, dos pasos, 25/ago/2026: paso 1 indices (enfih 2019, 18 archivos) y paso 2 abriendo enfih_2019_tb_tema_06 cuadro 6.2, 100 bloques/12 073 cadenas :: NO-ENCONTRADO -- el reactivo SI se publica ('Caja de ahorro de conocidos o del trabajo' = 2 179 557, mujeres 1 034 219) pero el corte publicado es 'De 1 a 14 999 habitantes', no el de menos de 2 500 que declara la fila	POR_MEDIR :: umbral CAC-007/01/2018, columna viviendas/hogares: Alta [0%,15%), Moderada [15%,30%), Baja >=30%	POR_MEDIR :: el n no ponderado de la celda solo existe al correr el arbitro sobre el microdato, prohibido en este acto; piso sin cifra en ADV1-M1	Deuda con caja de ahorro de conocidos o del trabajo es credito informal con puente social: es el reactivo que mas directamente toca cooperacion.tanda.conoce_organizadora y dinero.ahorro.informal_sin_puente. Casi no existe en literatura de divulgacion, asi que L tiene poco que recitar.	NO	dinero	MEDIA	dinero|P2|MEDIA
DIN-06	ENFIH	2019	mujeres de 18 años y más residentes en viviendas particulares	P8_8_2	proporción ponderada	FACTOR	binaria	P2	SI :: prueba del bibliotecario FP-93, dos pasos, 25/ago/2026: paso 1 indices (enfih 2019, 18 archivos) y paso 2 abriendo enfih_2019_tb_tema_06_xlsx.zip, 01EST_06 DeuNoHipot.xlsx :: EXISTE-SATISFACE -- hoja 6.4 fila 14 'Tarjeta de credito bancaria': Total 10 807 422, Mujeres 5 150 365 sobre 45 937 254 mujeres de 18 anos y mas; el cuadro abre ademas por tamano de localidad	POR_MEDIR :: umbral CAC-007/01/2018, columna viviendas/hogares: Alta [0%,15%), Moderada [15%,30%), Baja >=30%	POR_MEDIR :: el n no ponderado de la celda solo existe al correr el arbitro sobre el microdato, prohibido en este acto; piso sin cifra en ADV1-M1	Tenencia de tarjeta de credito bancaria por hogar (ENFIH, unica edicion 2019) contra por persona (ENIF): la misma cantidad nominal con dos unidades de observacion distintas. Divergen si un corredor confunde hogar con persona.	NO	dinero	MEDIA	dinero|P2|MEDIA
DIN-07	Encuesta de Competencias Financieras (Banxico/CNBV)	2019	personas de 18 años y más que administran o aportan dinero al hogar, de nivel socioeconómico D o E (AMAI)	SF2	proporción ponderada	PESOP	binaria	P2	PENDIENTE-FUERA-DE-INDICE :: prueba del bibliotecario FP-93, dos pasos, 25/ago/2026: paso 1 sobre los dos indices completos: 7 930 de 7 930 y 17 163 de 17 163 lineas contienen 'inegi' (control positivo), y 'competencias financieras', 'ecf', 'banxico' y 'cnbv' devuelven 0 lineas en ambos :: NO-ENCONTRADO -- el publicador de la fila es Banxico/CNBV: el diseno de dos pasos de FP-93 no puede alcanzarla POR CONSTRUCCION, no por fallo de busqueda. Necesita un universo propio, que este acto no abre	POR_MEDIR :: umbral CAC-007/01/2018, columna viviendas/hogares: Alta [0%,15%), Moderada [15%,30%), Baja >=30%	POR_MEDIR :: el n no ponderado de la celda solo existe al correr el arbitro sobre el microdato, prohibido en este acto; piso sin cifra en ADV1-M1	Hacer presupuesto en el hogar es una practica declarada, no una conducta observada: M no tiene regla de planeacion domestica salvo dinero.planeacion.formal_estable, atada a formalidad laboral. Divergen si la practica no sigue a la formalidad.	NO	dinero	MEDIA	dinero|P2|MEDIA
DIN-08	Encuesta de Competencias Financieras (Banxico/CNBV)	2019	personas de 18 a 25 años que administran o aportan dinero al hogar	SF7	proporción ponderada	PESOP	ordinal k=5	P2	PENDIENTE-FUERA-DE-INDICE :: prueba del bibliotecario FP-93, dos pasos, 25/ago/2026: identico a DIN-07: los dos indices de FP-93 son 100 por ciento inegi.org.mx :: NO-ENCONTRADO -- publicador Banxico/CNBV, fuera del alcance del diseno de dos pasos	POR_MEDIR :: umbral CAC-007/01/2018, columna viviendas/hogares: Alta [0%,15%), Moderada [15%,30%), Baja >=30%	POR_MEDIR :: el n no ponderado de la celda solo existe al correr el arbitro sobre el microdato, prohibido en este acto; piso sin cifra en ADV1-M1	Puntualidad de pago en los ultimos tres meses es el analogo conductual de lo que compass-4 mide con IMOR: es la unica celda de encuesta emparejable con las celdas DOC de desenlace auditado. Su valor esta en el contraste declarado contra conducta observada.	NO	dinero	MEDIA	dinero|P2|MEDIA
DIN-09	Encuesta de Competencias Financieras (Banxico/CNBV)	2021	personas de 18 años y más que administran o aportan dinero al hogar	SF5	proporción ponderada	PESO	ordinal k=5	P2	PENDIENTE-FUERA-DE-INDICE :: prueba del bibliotecario FP-93, dos pasos, 25/ago/2026: identico a DIN-07: los dos indices de FP-93 son 100 por ciento inegi.org.mx :: NO-ENCONTRADO -- publicador Banxico/CNBV, fuera del alcance del diseno de dos pasos	POR_MEDIR :: umbral CAC-007/01/2018, columna viviendas/hogares: Alta [0%,15%), Moderada [15%,30%), Baja >=30%	POR_MEDIR :: el n no ponderado de la celda solo existe al correr el arbitro sobre el microdato, prohibido en este acto; piso sin cifra en ADV1-M1	Misma pregunta que DIN-08 en la ola 2021, con mnemonico distinto (SF5 en vez de SF7): sonda de perturbacion barata -- si un corredor da la misma cifra a dos olas distintas, esta recitando y no modelando.	NO	dinero	FACIL	dinero|P2|FACIL
DIN-10	Encuesta de Competencias Financieras (Banxico/CNBV)	2021	mujeres de 18 años y más que administran o aportan dinero al hogar	SF13	proporción ponderada	PESO	ordinal k=4	P2	PENDIENTE-FUERA-DE-INDICE :: prueba del bibliotecario FP-93, dos pasos, 25/ago/2026: identico a DIN-07: los dos indices de FP-93 son 100 por ciento inegi.org.mx :: NO-ENCONTRADO -- publicador Banxico/CNBV, fuera del alcance del diseno de dos pasos	POR_MEDIR :: umbral CAC-007/01/2018, columna viviendas/hogares: Alta [0%,15%), Moderada [15%,30%), Baja >=30%	POR_MEDIR :: el n no ponderado de la celda solo existe al correr el arbitro sobre el microdato, prohibido en este acto; piso sin cifra en ADV1-M1	Carga de deuda total del hogar es un agregado que requiere sumar productos heterogeneos: M debe componer varias reglas de dinero; L tiene la cifra de endeudamiento que publica la propia ECF. Divergen en la composicion, no en el nivel.	NO	dinero	MEDIA	dinero|P2|MEDIA
DIN-11	ENIF	2018	personas de 18 a 70 años, persona elegida del hogar, residentes en viviendas particulares	P5_3	proporción ponderada	FAC_PER	binaria	P1	NO :: prueba del bibliotecario FP-93, dos pasos, 25/ago/2026: paso 1 indices (enif 2018, 13 archivos) y paso 2 sobre 17 bloques/2 044 cadenas, 26 cuadros de los dos cuadernos :: NO-ENCONTRADO -- 0 coincidencias de 'cuentas que no cobran comisiones'; el cuadro 4.5 publica 'conocimiento de la existencia de cuentas basicas' por tamano de localidad, que es otro reactivo	POR_MEDIR :: umbral CAC-007/01/2018, columna viviendas/hogares: Alta [0%,15%), Moderada [15%,30%), Baja >=30%	POR_MEDIR :: el n no ponderado de la celda solo existe al correr el arbitro sobre el microdato, prohibido en este acto; piso sin cifra en ADV1-M1	Conocimiento de cuentas sin comision es alfabetizacion financiera pura, sin conducta: M no tiene ninguna regla que produzca conocimiento -- solo conducta -- asi que debe declarar incertidumbre alta o extrapolar. Es la celda donde M deberia perder si el diseno es honesto.	NO	dinero	FACIL	dinero|P1|FACIL
DIN-12	Encuesta de Competencias Financieras (Banxico/CNBV)	2021	hombres de 18 años y más que administran o aportan dinero al hogar	SF10e	proporción ponderada	PESO	binaria	P2	PENDIENTE-FUERA-DE-INDICE :: prueba del bibliotecario FP-93, dos pasos, 25/ago/2026: identico a DIN-07: los dos indices de FP-93 son 100 por ciento inegi.org.mx :: NO-ENCONTRADO -- publicador Banxico/CNBV, fuera del alcance del diseno de dos pasos	POR_MEDIR :: umbral CAC-007/01/2018, columna viviendas/hogares: Alta [0%,15%), Moderada [15%,30%), Baja >=30%	POR_MEDIR :: el n no ponderado de la celda solo existe al correr el arbitro sobre el microdato, prohibido en este acto; piso sin cifra en ADV1-M1	Que hizo el hogar cuando gasto mas de lo que entro: la respuesta discrimina entre red social (prestar de familiares), mercado formal (credito) y liquidacion de activos, que son tres reglas distintas del motor. Ninguna fuente de divulgacion publica ese reparto.	NO	dinero	MEDIA	dinero|P2|MEDIA
SFT-01	ENASIC	2022	Personas del hogar identificadas con discapacidad que necesitan cuidados (PN_CDISC=1, tabla TCSDemPO)	P4_13	proporción ponderada	FAC_HOG	binaria	P0	SI :: prueba del bibliotecario FP-93, dos pasos, 25/ago/2026: paso 1 indices (enasic 2022, 1 archivo zip) y paso 2 abriendo 01EST_T2 Pob requiere cuidados, 48 bloques/8 731 cadenas :: EXISTE-SATISFACE -- Cuadro 2.7 fila 13: 'Si necesita que le brinden cuidado complementario' = 1 873 714 y 33.3049 por ciento sobre 5 625 946 personas con discapacidad o dependencia; abierto por sexo (mujeres 36.1216)	POR_MEDIR :: umbral CAC-007/01/2018, columna viviendas/hogares: Alta [0%,15%), Moderada [15%,30%), Baja >=30%	POR_MEDIR :: el n no ponderado de la celda solo existe al correr el arbitro sobre el microdato, prohibido en este acto; piso sin cifra en ADV1-M1	Necesidad percibida de mas cuidado para una persona dependiente es la demanda no satisfecha de cuidados: M la produce con familismo_obligacion, cuyo unico valor computado del programa es 69.33 por ciento (U1/E4b'). Es la celda donde M tiene el parametro mejor sostenido y L casi nada que recitar.	NO	salud	MEDIA	salud|P0|MEDIA
SFT-02	ENASIC	2022	Personas del hogar identificadas con discapacidad que necesitan cuidados (PN_CDISC=1, tabla TCSDemPO)	P4_12	media ponderada	FAC_HOG	continua (horas/día)	P0	SI :: prueba del bibliotecario FP-93, dos pasos, 25/ago/2026: paso 1 indices (enasic 2022) y paso 2 abriendo 01EST_T2 Pob requiere cuidados :: EXISTE-SATISFACE -- Cuadro 2.22 fila 13: 'Promedio de horas diarias que se queda sola(o)' = 7.0511 para personas con discapacidad o dependencia; el cuadro abre por jefatura del hogar	POR_MEDIR :: umbral CAC-007/01/2018, columna viviendas/hogares: Alta [0%,15%), Moderada [15%,30%), Baja >=30%	POR_MEDIR :: el n no ponderado de la celda solo existe al correr el arbitro sobre el microdato, prohibido en este acto; piso sin cifra en ADV1-M1	Horas diarias que una persona dependiente pasa sola es una medida continua de desatencion, no una actitud: M debe convertir norma en horas, que es exactamente el salto que ADR-67(b) declara no sellado. Divergen en la unidad, no en el signo.	NO	salud	MEDIA	salud|P0|MEDIA
SFT-03	ENASIC	2022	Población seleccionada de 15 a 60 años residente en el hogar (tabla TPER_ELE)	P7_12_2	proporción ponderada	FAC_ELE	binaria	P0	SI :: prueba del bibliotecario FP-93, dos pasos, 25/ago/2026: paso 1 indices (enasic 2022) y paso 2 abriendo 01EST_T5 Percep sobre cuidados :: EXISTE-SATISFACE -- Cuadro 5.15 fila 21: 'El cuidado de las y los integrantes del hogar es solo responsabilidad de la mujer', De acuerdo = 6 799 257 y 8.474 por ciento sobre 80 237 061 de 15 a 60 anos; por sexo 8.1786 mujeres y 8.8068 hombres	POR_MEDIR :: umbral CAC-007/01/2018, columna viviendas/hogares: Alta [0%,15%), Moderada [15%,30%), Baja >=30%	POR_MEDIR :: el n no ponderado de la celda solo existe al correr el arbitro sobre el microdato, prohibido en este acto; piso sin cifra en ADV1-M1	Acuerdo con la frase de que el cuidado corresponde a las mujeres es la variable con la que ENASIC parametrizo norma_de_genero en el motor: por eso es P0 y va al anexo de plomeria, no al marcador. Se incluye como control de circularidad, declarado.	NO	familia	MEDIA	familia|P0|MEDIA
SFT-04	ENASEM	2018	Personas de 50 años y más residentes en la vivienda seleccionada y su cónyuge o pareja de cualquier edad, entrevista directa (tabla sect_a_c_d_f_e_pc_h_i; AGE_18 017…107)	H16D_18	proporción ponderada	FACTORI_18	binaria	P2	NO :: prueba del bibliotecario FP-93, dos pasos, 25/ago/2026: paso 1 indices (enasem 2018, 1 archivo zip) y paso 2 abriendo los 3 cuadernos, 36 cuadros del Tema 2, 3 bloques/650 cadenas :: NO-ENCONTRADO -- los cuadros 2.3 a 2.7 publican 'condicion de limitacion o imposibilidad para realizar actividades basicas', no el reactivo de AYUDA RECIBIDA que cita la fila	POR_MEDIR :: umbral CAC-007/01/2018, columna viviendas/hogares: Alta [0%,15%), Moderada [15%,30%), Baja >=30%	POR_MEDIR :: el n no ponderado de la celda solo existe al correr el arbitro sobre el microdato, prohibido en este acto; piso sin cifra en ADV1-M1	Ayuda para banarse es una ABVD (actividad basica de la vida diaria) con gradiente de edad muy marcado: M debe condicionar por edad, L tiende a dar la prevalencia de dependencia funcional general. Divergen en la pendiente por edad.	NO	salud	MEDIA	salud|P2|MEDIA
SFT-05	ENASEM	2021	Personas de 50 años y más residentes en la vivienda seleccionada y su cónyuge o pareja de cualquier edad, entrevista directa (tabla SECT_A_C_D_E_PC_F_H_I_2021)	H14_21	proporción ponderada	FACTORI_21	binaria	P2	NO :: prueba del bibliotecario FP-93, dos pasos, 25/ago/2026: paso 1 indices (enasem 2021) y paso 2 abriendo los 32 cuadros del Tema 2, 30 bloques/4 043 cadenas :: NO-ENCONTRADO -- identico a SFT-04: se publica limitacion o imposibilidad para vestirse (con nota al pie que la excluye), no el reactivo de ayuda recibida	POR_MEDIR :: umbral CAC-007/01/2018, columna viviendas/hogares: Alta [0%,15%), Moderada [15%,30%), Baja >=30%	POR_MEDIR :: el n no ponderado de la celda solo existe al correr el arbitro sobre el microdato, prohibido en este acto; piso sin cifra en ADV1-M1	Ayuda para vestirse es la ABVD contigua a SFT-04 en otra ola: el par mide si un corredor distingue dos actividades de dificultad distinta o colapsa ambas en dependencia funcional.	NO	salud	MEDIA	salud|P2|MEDIA
SFT-06	ENASEM	2024	Personas de 50 años y más residentes en la vivienda seleccionada y su cónyuge o pareja de cualquier edad, entrevista directa (tabla TR_ENASEM24_SECT_A_C_D_E_PC_F_H)	F55_24	proporción ponderada	FACTORI_24	binaria	P2	NO :: prueba del bibliotecario FP-93, dos pasos, 25/ago/2026: paso 1 indices (enasem 2024) y paso 2 sobre 18 bloques/3 746 cadenas de los 3 temas publicados :: NO-ENCONTRADO -- 0 coincidencias de 'hermanos' ni de 'compartir las responsabilidades'; el acuerdo entre hermanos para repartir el cuidado de los padres no aparece en los tabulados basicos	POR_MEDIR :: umbral CAC-007/01/2018, columna viviendas/hogares: Alta [0%,15%), Moderada [15%,30%), Baja >=30%	POR_MEDIR :: el n no ponderado de la celda solo existe al correr el arbitro sobre el microdato, prohibido en este acto; piso sin cifra en ADV1-M1	Acuerdo entre hermanos para repartir el cuidado de un padre es cooperacion intrafamiliar explicita: toca familismo_obligacion y cooperacion a la vez, y no existe en tabulados. Ola 2024, la mas reciente de ENASEM en el corpus.	SI	familia	DIFICIL	familia|P2|DIFICIL
SFT-07	ENUT	2019	Personas de 12 años y más miembros del hogar entrevistado, informante directo del módulo de uso del tiempo (tabla TModulo)	P6_10_7	proporción ponderada	FAC_PER	binaria	P1	NO :: prueba del bibliotecario FP-93, dos pasos, 25/ago/2026: paso 1 indices (enut 2019, 3 archivos) y paso 2 abriendo CUADRO_3.1 de los tabulados basicos, 18 bloques/4 493 cadenas :: NO-ENCONTRADO -- lo publicado es la ACTIVIDAD clasificada 'Gestion y administracion' (70 101 571 personas, tasa de participacion 70.5887), agregado de la clasificacion de uso del tiempo; el tabulado no permite decidir si equivale al reactivo P6_10_7 y no se fuerza la equivalencia	POR_MEDIR :: umbral CAC-007/01/2018, columna viviendas/hogares: Alta [0%,15%), Moderada [15%,30%), Baja >=30%	POR_MEDIR :: el n no ponderado de la celda solo existe al correr el arbitro sobre el microdato, prohibido en este acto; piso sin cifra en ADV1-M1	Organizar o repartir quehaceres es carga mental, no tiempo de tarea: M mide tiempo (ENUT) y la carga mental no tiene regla propia. Divergen si el corredor confunde coordinar con ejecutar.	NO	tiempo	MEDIA	tiempo|P1|MEDIA
SFT-08	ENUT	2024	Personas de 12 años y más, persona elegida del módulo de uso del tiempo (tabla TVAR_CREA, variable creada agregando la sección de cuidados)	TRAB_NO_REM_CUID_HOG	media ponderada	FAC_PER	continua (horas/semana)	P1	SI :: prueba del bibliotecario FP-93, dos pasos, 25/ago/2026: paso 1 indices (enut 2024, 1 archivo zip) y paso 2 abriendo 01EST_ENUT 2024_TEMA 2 ACT PRODUC :: EXISTE-SATISFACE -- Cuadro_2.2.1 fila 34 'Trabajo no remunerado de cuidado a integrantes del hogar': 75 325 111 personas, tasa 69.8557 y PROMEDIO DE HORAS SEMANALES 18.8687 (mujeres 23.5); es la misma variable creada que nombra la fila	POR_MEDIR :: umbral CAC-007/01/2018, columna viviendas/hogares: Alta [0%,15%), Moderada [15%,30%), Baja >=30%	POR_MEDIR :: el n no ponderado de la celda solo existe al correr el arbitro sobre el microdato, prohibido en este acto; piso sin cifra en ADV1-M1	Trabajo no remunerado de cuidados en horas semanales es una variable derivada por INEGI, no un reactivo: obliga al corredor a reproducir la definicion operativa, no solo la magnitud. Ola 2024, retenida frente a 2019.	SI	tiempo	DIFICIL	tiempo|P1|DIFICIL
SFT-09	ENADID	2023	Mujeres de 15 a 54 años entrevistadas en el módulo de mujer (tabla TMUJER1; P5_2_1 códigos 15...54)	P8_10	proporción ponderada	FAC_MOD	binaria	P2	SI :: prueba del bibliotecario FP-93, dos pasos, 25/ago/2026: paso 1 indices (enadid 2023, 2 archivos) y paso 2 abriendo 01EST_T05 Preferencias reproductivas, 192 bloques/27 002 cadenas :: EXISTE-SATISFACE -- Cuadro 5.3 fila 13 'Usuarias actuales' = 17 805 045 mujeres; el juego de cuadros cruza condicion de uso de metodos anticonceptivos por tamano de localidad. Base publicada 15 a 49 anos frente a los 15 a 54 que declara la fila	POR_MEDIR :: umbral CAC-007/01/2018, columna viviendas/hogares: Alta [0%,15%), Moderada [15%,30%), Baja >=30%	POR_MEDIR :: el n no ponderado de la celda solo existe al correr el arbitro sobre el microdato, prohibido en este acto; piso sin cifra en ADV1-M1	Uso actual de metodo anticonceptivo es un indicador demografico con serie larga y muy publicado: sirve de control de memoria dentro del dominio salud, y su condicionamiento por entidad federativa es lo que L difficilmente recita.	NO	salud	MEDIA	salud|P2|MEDIA
SFT-10	ENDIREH	2021	Mujeres de 15 años y más casadas o unidas con pareja actual residente en el hogar (T_INSTRUM=A1) o pareja ausente temporal (T_INSTRUM=A2)	P14_3_11	proporción ponderada	FAC_MUJ	ordinal k=4	P1	SI :: prueba del bibliotecario FP-93, dos pasos, 25/ago/2026: paso 1 indices (endireh 2021, 38 archivos) y paso 2 abriendo xiv_relacion_actual_o_ultima_estimaciones_endireh2021.xlsx :: EXISTE-SATISFACE -- hoja 14.1 fila 33 'La ha ignorado, no la toma en cuenta o no le brinda carino' = 7 034 078 y 14.8557 por ciento	POR_MEDIR :: umbral CAC-007/01/2018, columna viviendas/hogares: Alta [0%,15%), Moderada [15%,30%), Baja >=30%	POR_MEDIR :: el n no ponderado de la celda solo existe al correr el arbitro sobre el microdato, prohibido en este acto; piso sin cifra en ADV1-M1	Ignorar o no dar afecto a la pareja es violencia psicologica de baja visibilidad: M la deriva de exposicion_violencia, que en el motor esta MEDIDO PARCIAL con ENDIREH entre sus fuentes. Divergen en si el corredor reconoce la forma no fisica como violencia.	SI	familia	DIFICIL	familia|P1|DIFICIL
SFT-11	ENBIARE	2021	Población de 18 años y más residente en viviendas particulares, persona seleccionada/elegida de ENBIARE 2021	PA3_02	media ponderada	FAC_ELE	continua (escala 0-10)	P2	SI :: prueba del bibliotecario FP-93, dos pasos, 25/ago/2026: paso 1 indices (enbiare 2021, 12 archivos) y paso 2 abriendo enbiare_2021_tema02_xlsx.zip, 01EST_T2-SATISFACCION :: EXISTE-SATISFACE -- hoja T2_EUM fila 19 'Salud': promedio de satisfaccion = 8.3211 (18 a 29 anos 8.9708; 60 y mas 7.5375). Base publicada: poblacion alfabeta de 18 anos y mas	POR_MEDIR :: umbral CAC-007/01/2018, columna viviendas/hogares: Alta [0%,15%), Moderada [15%,30%), Baja >=30%	POR_MEDIR :: el n no ponderado de la celda solo existe al correr el arbitro sobre el microdato, prohibido en este acto; piso sin cifra en ADV1-M1	Satisfaccion con la salud en escala 0-10 es bienestar subjetivo: M no tiene ninguna regla que produzca una escala continua de satisfaccion, solo conductas. Es una celda deliberadamente adversa a M, incluida para que el marco no favorezca al motor.	NO	salud	MEDIA	salud|P2|MEDIA
SFT-12	ENBIARE	2021	Población de 18 años y más residente en viviendas particulares, persona seleccionada/elegida de ENBIARE 2021	PC1_1	proporción ponderada	FAC_ELE	binaria	P2	SI :: prueba del bibliotecario FP-93, dos pasos, 25/ago/2026: paso 1 indices (enbiare 2021) y paso 2 abriendo enbiare_2021_tema01_xlsx.zip, 01EST_T1 :: EXISTE-SATISFACE -- hoja T1_EUM fila 77 'Cuido o atendio en casa a personas que no pueden valerse por si mismas' = 30 881 704 (hombres 11 813 969, mujeres 19 067 735)	POR_MEDIR :: umbral CAC-007/01/2018, columna viviendas/hogares: Alta [0%,15%), Moderada [15%,30%), Baja >=30%	POR_MEDIR :: el n no ponderado de la celda solo existe al correr el arbitro sobre el microdato, prohibido en este acto; piso sin cifra en ADV1-M1	Dedicar tiempo la semana pasada a cuidar a alguien que no puede valerse: es el mismo constructo que SFT-01 y SFT-08 en un tercer instrumento y una tercera escala. El trio mide invarianza de medida entre instrumentos, que es donde el motor deberia ganar si transporta bien.	NO	tiempo	MEDIA	tiempo|P2|MEDIA
TIC-01	ENOE	2024 1er trimestre	poblacion ocupada subordinada y remunerada de 15 anios y mas residente en viviendas particulares, con empleo actual (tabla COE1), por sexo	p3i	proporcion ponderada	fac_tri	binaria	P1	NO :: prueba del bibliotecario FP-93, dos pasos, 25/ago/2026: paso 1 indices (enoe 2024, 11 archivos) y paso 2 sobre 210 bloques/28 173 cadenas, incluidos 296 .xls de tabulados basicos y 292 de indicadores estrategicos leidos con xlrd 2.0.2 :: NO-ENCONTRADO -- 0 coincidencias de 'sindicato' en todo el paquete publicado de la ENOE 2024	POR_MEDIR :: umbral CAC-007/01/2018, columna viviendas/hogares: Alta [0%,15%), Moderada [15%,30%), Baja >=30%	POR_MEDIR :: el n no ponderado de la celda solo existe al correr el arbitro sobre el microdato, prohibido en este acto; piso sin cifra en ADV1-M1	Pertenencia a sindicato es accion colectiva formal: M la deriva de cooperacion.comite.monitoreo_sancion_visible, regla pensada para comites comunitarios, no para sindicatos. Prueba transporte de dominio.	NO	cooperacion	MEDIA	cooperacion|P1|MEDIA
TIC-02	ENOE	2024 1er trimestre	poblacion ocupada subordinada y remunerada de 15 anios y mas residente en viviendas particulares, con empleo actual (tabla COE1), por ambito urbano/rural (variable ur de la misma tabla)	p3j	proporcion ponderada	fac_tri	binaria	P1	SI :: prueba del bibliotecario FP-93, dos pasos, 25/ago/2026: paso 1 indices (enoe 2024) y paso 2 abriendo enoe_indicadores_estrategicos_2024_xls.zip, 2024_trim_1_Nacional.xls :: EXISTE-SATISFACE -- hoja Total_424 filas 149 a 154 '4.6 Disponibilidad de contrato escrito': sin contrato escrito 17 483 432 de 40 868 290, abierto por areas mas y menos urbanizadas (columna Rural incluida) y en hojas Hombres_424 y Mujeres_424	POR_MEDIR :: umbral CAC-007/01/2018, columna viviendas/hogares: Alta [0%,15%), Moderada [15%,30%), Baja >=30%	POR_MEDIR :: el n no ponderado de la celda solo existe al correr el arbitro sobre el microdato, prohibido en este acto; piso sin cifra en ADV1-M1	Contrato por escrito es el marcador de formalidad que alimenta trabajo.prestaciones.formalidad_pesa_mas_que_salario; L conoce la tasa de informalidad de la ENOE. Divergen si el corredor confunde informalidad laboral con ausencia de contrato.	NO	trabajo	MEDIA	trabajo|P1|MEDIA
TIC-03	ENOE	2024 1er trimestre	poblacion desocupada o en busqueda de trabajo de 15 anios y mas residente en viviendas particulares (tabla COE1), por sexo	p2d6	proporcion ponderada	fac_tri	binaria	P1	NO :: prueba del bibliotecario FP-93, dos pasos, 25/ago/2026: paso 1 indices (enoe 2024) y paso 2 sobre 210 bloques/28 173 cadenas :: NO-ENCONTRADO -- el medio de busqueda de empleo no se publica; lo unico proximo es '6.1 Condicion de busqueda de trabajo adicional', que es otro constructo	POR_MEDIR :: umbral CAC-007/01/2018, columna viviendas/hogares: Alta [0%,15%), Moderada [15%,30%), Baja >=30%	POR_MEDIR :: el n no ponderado de la celda solo existe al correr el arbitro sobre el microdato, prohibido en este acto; piso sin cifra en ADV1-M1	Buscar empleo por anuncio en internet condiciona a estar buscando empleo: universo pequeno, tasa base baja y fuerte gradiente por edad. Celda de dificultad alta donde M4 predice INDECIDIBLE.	NO	trabajo	MEDIA	trabajo|P1|MEDIA
TIC-04	ENOEN	2022 2do trimestre (ENOE Nueva Edicion)	poblacion ocupada subordinada y remunerada de 15 anios y mas residente en viviendas particulares, con empleo actual (tabla COE1), por ambito urbano/rural (variable ur de la misma tabla)	p3d	proporcion ponderada	fac_tri	binaria	P1	NO :: prueba del bibliotecario FP-93, dos pasos, 25/ago/2026: paso 1 indices (enoe 2022 ENOE N, 10 archivos) y paso 2 sobre 232 bloques/23 548 cadenas, incluidos 296 .xls de tabulados basicos :: NO-ENCONTRADO -- lo publicado es la clasificacion DERIVADA 'posicion en la ocupacion' (empleadores frente a trabajadores por cuenta propia), no el reactivo p3d; la clasificacion agrega mas de un reactivo	POR_MEDIR :: umbral CAC-007/01/2018, columna viviendas/hogares: Alta [0%,15%), Moderada [15%,30%), Baja >=30%	POR_MEDIR :: el n no ponderado de la celda solo existe al correr el arbitro sobre el microdato, prohibido en este acto; piso sin cifra en ADV1-M1	Tener empleados o ayudantes en el propio negocio distingue cuentapropismo de microempleador: M lo necesita para trabajo.rotacion y no tiene regla que lo produzca. Ola ENOEN 2022, con ruptura metodologica respecto de ENOE clasica.	NO	trabajo	MEDIA	trabajo|P1|MEDIA
TIC-05	ENTI	2022	poblacion de 5 a 17 anios residente en viviendas particulares (tabla ENTI2022_COE1.DBF), por sexo (variable SEX, tabla sociodemografica de la misma encuesta)	P1	proporcion ponderada	FAC	binaria	P2	SI :: prueba del bibliotecario FP-93, dos pasos, 25/ago/2026: paso 1 indices (enti 2022, 6 archivos) y paso 2 abriendo ENTI_2022_Indicadores_Basicos_Poblacion_Nacional_Prec.xlsx :: EXISTE-SATISFACE -- hoja 'Nacional ' fila 54 '1.6 Condicion de ocupacion / Ocupados' = 2 333 129 sobre 28 413 429 de 5 a 17 anos, por sexo (hombres 1 611 673, mujeres 721 456), con error estandar y CV en hojas propias	POR_MEDIR :: umbral CAC-007/01/2018, columna viviendas/hogares: Alta [0%,15%), Moderada [15%,30%), Baja >=30%	POR_MEDIR :: el n no ponderado de la celda solo existe al correr el arbitro sobre el microdato, prohibido en este acto; piso sin cifra en ADV1-M1	Trabajo infantil la semana pasada tiene una tasa base baja y una definicion operativa disputada: es la celda donde el baseline B es mas competitivo y donde la palabra supera esta prohibida por M4.	NO	trabajo	MEDIA	trabajo|P2|MEDIA
TIC-06	ENTI	2022	poblacion de 12 a 17 anios residente en viviendas particulares con trabajo actual (tabla ENTI2022_CB12A17.DBF), por sexo (variable SEX de la misma tabla)	P2	proporcion ponderada (categoria 'Tiene menos de un anio en este trabajo')	FAC	categorica k=3	P2	NO :: prueba del bibliotecario FP-93, dos pasos, 25/ago/2026: paso 1 indices (enti 2022) y paso 2 sobre 18 bloques/4 229 cadenas :: NO-ENCONTRADO -- 0 coincidencias de 'meses del ano', 'tiempo en este trabajo' ni 'antiguedad'; la estacionalidad del trabajo de 12 a 17 anos no se publica	POR_MEDIR :: umbral CAC-007/01/2018, columna viviendas/hogares: Alta [0%,15%), Moderada [15%,30%), Baja >=30%	POR_MEDIR :: el n no ponderado de la celda solo existe al correr el arbitro sobre el microdato, prohibido en este acto; piso sin cifra en ADV1-M1	Trabajar todos los meses del ano en poblacion de 12 a 17 anos separa trabajo estacional de permanente: ninguna regla del motor distingue estacionalidad, y ningun tabulado publica ese corte.	NO	trabajo	MEDIA	trabajo|P2|MEDIA
TIC-07	ENDUTIH	2023	persona elegida en el hogar (variable EDAD, tabla tic_2023_usuarios) residente en viviendas particulares, por sexo	P7_1	proporcion ponderada	FAC_PER	binaria	P2	SI :: prueba del bibliotecario FP-93, dos pasos, 25/ago/2026: paso 1 indices (endutih 2023, 150 archivos) y paso 2 abriendo 2023_unal560.xlsx, 152 bloques/9 371 cadenas :: EXISTE-SATISFACE -- hoja 2023_unal560 fila 14 'Usuarios de internet, segun sexo, 2023' = 97 012 089 (hombres 45 975 725 y 47.3917 por ciento, mujeres 51 036 364 y 52.6083), con CV publicado 0.9305 y 0.8629 en la hoja Indicadores. El cuadro publica la composicion por sexo, no la prevalencia dentro de cada sexo	POR_MEDIR :: umbral CAC-007/01/2018, columna viviendas/hogares: Alta [0%,15%), Moderada [15%,30%), Baja >=30%	POR_MEDIR :: el n no ponderado de la celda solo existe al correr el arbitro sobre el microdato, prohibido en este acto; piso sin cifra en ADV1-M1	Uso de internet en los ultimos tres meses es el indicador titular de ENDUTIH, el mas publicado de todo el marco: entra como control de memoria explicito.	NO	informacion	MEDIA	informacion|P2|MEDIA
TIC-08	ENDUTIH	2024	persona elegida de 6 anios y mas (variable EDAD, tabla tic_2024_usuarios) residente en viviendas particulares, por estrato socioeconomico (variable ESTRATO de la misma tabla)	P7_15	proporcion ponderada	FAC_PER	binaria	P2	NO :: prueba del bibliotecario FP-93, dos pasos, 25/ago/2026: paso 1 indices (endutih 2024, 156 archivos) y paso 2 sobre 160 bloques/9 522 cadenas :: NO-ENCONTRADO -- 'redes sociales' solo aparece como categoria de USO de internet ('Para acceder a redes sociales'); no hay cuadro de usuarios de redes sociales por estrato socioeconomico	POR_MEDIR :: umbral CAC-007/01/2018, columna viviendas/hogares: Alta [0%,15%), Moderada [15%,30%), Baja >=30%	POR_MEDIR :: el n no ponderado de la celda solo existe al correr el arbitro sobre el microdato, prohibido en este acto; piso sin cifra en ADV1-M1	Uso de redes sociales condicionado a ser usuario de internet: M lo necesita para informacion.credibilidad.allegado_confianza y no tiene regla propia. El condicionamiento anidado es lo que discrimina.	NO	comunicacion	MEDIA	comunicacion|P2|MEDIA
TIC-09	ENDUTIH	2025	persona elegida de 15 anios o mas (restriccion propia del reactivo P7_10_2), residente en viviendas particulares, por sexo (variable SEXO, tabla tic_2025_usuarios)	P7_10_2	proporcion ponderada	FAC_PER	binaria	P2	NO :: prueba del bibliotecario FP-93, dos pasos, 25/ago/2026: paso 1 indices (endutih 2025, 164 archivos) y paso 2 sobre 164 bloques/9 980 cadenas :: NO-ENCONTRADO -- 0 coincidencias de 'bolsas de trabajo' ni de 'busqueda de empleo'; el uso de internet para buscar empleo no se publica por sexo	POR_MEDIR :: umbral CAC-007/01/2018, columna viviendas/hogares: Alta [0%,15%), Moderada [15%,30%), Baja >=30%	POR_MEDIR :: el n no ponderado de la celda solo existe al correr el arbitro sobre el microdato, prohibido en este acto; piso sin cifra en ADV1-M1	Buscar empleo en internet en ENDUTIH 2025 es el mismo constructo que TIC-03 en ENOE 2024 con otro instrumento y otra ola: par de invarianza mas ola retenida en un solo movimiento.	SI	informacion	DIFICIL	informacion|P2|DIFICIL
TIC-10	MOCIBA	2023	persona elegida de 12 anios y mas (variable EDAD, tabla TMOCIBA) usuaria de telefono celular o Internet en el ultimo anio, residente en viviendas particulares, por sexo	P4_01	proporcion ponderada	FACTOR	binaria	P2	SI :: prueba del bibliotecario FP-93, dos pasos, 25/ago/2026: paso 1 indices (mociba 2023, 1 archivo) y paso 2 abriendo mociba2023_tabulados.xlsx :: EXISTE-SATISFACE -- hoja 1.22 fila 20 'Mensajes ofensivos' = 6 128 677 y 33.3141 por ciento de quienes vivieron ciberacoso; los cuadros 1.23 y 1.24 lo abren por sexo	POR_MEDIR :: umbral CAC-007/01/2018, columna viviendas/hogares: Alta [0%,15%), Moderada [15%,30%), Baja >=30%	POR_MEDIR :: el n no ponderado de la celda solo existe al correr el arbitro sobre el microdato, prohibido en este acto; piso sin cifra en ADV1-M1	Recibir contacto no deseado por celular o internet en el ultimo ano es exposicion a riesgo digital: M lo deriva de comunicacion.inseguridad.ver_oir_callar, cuya glosa el propio programa ya corrigio (hallazgo del 19/ago). Divergen si el corredor arrastra la glosa vieja.	NO	comunicacion	MEDIA	comunicacion|P2|MEDIA
TIC-11	MOCIBA	2024	persona elegida de 12 anios y mas (variable EDAD, tabla TMOCIBA) residente en viviendas particulares, por sexo	P3	proporcion ponderada	FACTOR	binaria	P2	SI :: prueba del bibliotecario FP-93, dos pasos, 25/ago/2026: paso 1 indices (mociba 2024, 1 archivo) y paso 2 abriendo mociba2024_tabulados.xlsx (61 cuadros) :: EXISTE-SATISFACE -- cuadros 1.13, 1.14 y 1.15 'condicion de recepcion de correo basura o virus para danar sus equipos o informacion' por entidad y grupos de edad, con cuaderno separado de hombres (1.14) y mujeres (1.15). Base publicada: usuaria de internet en los ultimos 3 meses	POR_MEDIR :: umbral CAC-007/01/2018, columna viviendas/hogares: Alta [0%,15%), Moderada [15%,30%), Baja >=30%	POR_MEDIR :: el n no ponderado de la celda solo existe al correr el arbitro sobre el microdato, prohibido en este acto; piso sin cifra en ADV1-M1	Recibir spam o virus es la cara tecnica del mismo fenomeno que TIC-10: el par separa exposicion social de exposicion tecnica, que ninguna regla del motor distingue hoy.	NO	comunicacion	MEDIA	comunicacion|P2|MEDIA
TIC-12	ENOE	2024 1er trimestre	poblacion ocupada subordinada y remunerada de 15 anios y mas residente en viviendas particulares, con empleo actual (tabla COE1), por ambito urbano/rural (variable ur de la misma tabla)	p3n	proporcion ponderada (por categoria de medio de entero)	fac_tri	categorica k=10	P1	NO :: prueba del bibliotecario FP-93, dos pasos, 25/ago/2026: paso 1 indices (enoe 2024) y paso 2 sobre 210 bloques/28 173 cadenas :: NO-ENCONTRADO -- 0 coincidencias de 'como se entero' ni de 'se entero'; el medio por el que se entero del empleo no aparece en ningun tabulado	POR_MEDIR :: umbral CAC-007/01/2018, columna viviendas/hogares: Alta [0%,15%), Moderada [15%,30%), Baja >=30%	POR_MEDIR :: el n no ponderado de la celda solo existe al correr el arbitro sobre el microdato, prohibido en este acto; piso sin cifra en ADV1-M1	Como se entero del empleo (red personal contra anuncio contra bolsa formal) es capital social aplicado al mercado laboral: es la celda que mas directamente toca cooperacion.confianza.puente_personal y no existe en ningun tabulado.	NO	trabajo	MEDIA	trabajo|P1|MEDIA
EMP-01	ENAFIN (Encuesta Nacional de Financiamiento de las Empresas)	2024	microempresas del pais, al mes de la entrevista de 2024	FAC_EXPA aplicado al indicador Empresas que tuvieron algun credito o financiamiento, dominio Micro	total ponderado	FAC_EXPA	continua (numero de empresas)	P2	SI :: fila publicada por INEGI en su propio archivo de indicadores de precision :: data/raw/ADQ15_ENAFIN_2024_RNM_INEGI/IPE_CV-EE-IC_ENAFIN_2024-00_Def_V1_260625.xlsx hoja INDICADORES fila 28, estimacion 30155.5834, CV 5.838	5.838 :: publicado por INEGI, banda Alta [0%,15%) del acuerdo CAC-007/01/2018	POR_MEDIR :: el n no ponderado de la celda solo existe al correr el arbitro sobre el microdato, prohibido en este acto; piso sin cifra en ADV1-M1	Numero de microempresas con credito es el indicador de ENAFIN con CV publicado (5.838) y por tanto el unico del marco donde el filtro (iii) se evalua ex ante: entra como control de memoria con arbitro ya certificado por INEGI.	SI	dinero	DIFICIL	dinero|P2|DIFICIL
EMP-02	ENAFIN (Encuesta Nacional de Financiamiento de las Empresas)	2024	solicitudes de credito hechas por empresas en 2024, por tamano de empresa	razon derivada de Creditos que fueron rechazados a las empresas sobre Total de creditos que solicitaron las empresas, por tamano de empresa	razon ponderada	FAC_EXPA	continua (proporcion)	P2	NO :: prueba del bibliotecario FP-93, dos pasos, 25/ago/2026: paso 1 indices (enafin 2024, 8 archivos) y paso 2 abriendo ENAFIN2024Tam.xlsx, ENAFIN2024Localidad.xlsx y sus ipes, 8 bloques/8 120 cadenas :: NO-ENCONTRADO -- se publica 'Numero de creditos que solicitaron las empresas, segun aprobados o rechazados, por tamano de empresa': los dos totales, nunca la RAZON. La busqueda confirma lo que la fila ya afirmaba por estructura	POR_MEDIR :: umbral CAC-007/01/2018, columna viviendas/hogares: Alta [0%,15%), Moderada [15%,30%), Baja >=30%	POR_MEDIR :: el n no ponderado de la celda solo existe al correr el arbitro sobre el microdato, prohibido en este acto; piso sin cifra en ADV1-M1	Tasa de rechazo de credito por tamano de empresa es la razon entre dos totales publicados que nadie publica como razon: M la deriva de dinero.credito.baja_friccion_usura_dano_downstream, L tendria que calcularla. Divergen en si el corredor sabe componer.	SI	dinero	DIFICIL	dinero|P2|DIFICIL
EMP-03	ENAFIN (Encuesta Nacional de Financiamiento de las Empresas)	2024	empresas del pais, al mes de la entrevista de 2024, por tamano de empresa	razon derivada de Total de empresas que tuvieron algun credito sobre Total de empresas, contrastando Micro contra Grande	razon de dos razones ponderadas	FAC_EXPA	continua (adimensional)	P2	NO :: prueba del bibliotecario FP-93, dos pasos, 25/ago/2026: identico a EMP-02, mismos 8 bloques/8 120 cadenas :: NO-ENCONTRADO -- se publica 'Numero de empresas que tuvieron algun credito o financiamiento ... por tamano de empresa'; el cociente Micro contra Grande no esta enunciado	POR_MEDIR :: umbral CAC-007/01/2018, columna viviendas/hogares: Alta [0%,15%), Moderada [15%,30%), Baja >=30%	POR_MEDIR :: el n no ponderado de la celda solo existe al correr el arbitro sobre el microdato, prohibido en este acto; piso sin cifra en ADV1-M1	Penetracion de credito de la microempresa contra la empresa grande es el analogo empresarial de la creencia los pobres no pagan que compass-4 audita del lado del consumo: empareja el dominio dinero entre encuesta y desenlace no-encuesta.	SI	dinero	DIFICIL	dinero|P2|DIFICIL
EMP-04	ENAFIN (Encuesta Nacional de Financiamiento de las Empresas)	2024	creditos solicitados por empresas en 2024, por tamano de localidad	razon derivada de Creditos que fueron aprobados sobre Total de creditos que solicitaron, contrastando localidades de 500 mil o mas habitantes contra 50 mil a 499 999	razon ponderada	FAC_EXPA	continua (proporcion)	P2	NO :: prueba del bibliotecario FP-93, dos pasos, 25/ago/2026: identico a EMP-02, mismos 8 bloques/8 120 cadenas :: NO-ENCONTRADO -- se publica 'Numero de creditos ... segun aprobados o rechazados, por tamano de localidad'; la tasa de aprobacion como razon no esta enunciada	POR_MEDIR :: umbral CAC-007/01/2018, columna viviendas/hogares: Alta [0%,15%), Moderada [15%,30%), Baja >=30%	POR_MEDIR :: el n no ponderado de la celda solo existe al correr el arbitro sobre el microdato, prohibido en este acto; piso sin cifra en ADV1-M1	Tasa de aprobacion de credito por tamano de localidad prueba si la friccion es de tamano de firma o de geografia: ninguna regla del motor separa las dos, y la razon no esta publicada.	SI	dinero	DIFICIL	dinero|P2|DIFICIL
EMP-05	CPV Censo de Poblacion y Vivienda -- Cuestionario Ampliado	2020	personas de 20 a 29 anos residentes en viviendas particulares habitadas	SITUA_CONYUGAL	proporcion ponderada	FACTOR	categorica k=8	P2	SI :: prueba del bibliotecario FP-93, dos pasos, 25/ago/2026: paso 1 indices (ccpv 2020, 37 tabulados y 4 de indicadores) y paso 2 abriendo cpv2020_b_eum_11_situacion_conyugal.xlsx, 43 bloques/22 020 cadenas :: EXISTE-SATISFACE -- hoja 01 filas 13 y 14: 'Poblacion de 12 anos y mas por tamano de localidad, sexo y grupos quinquenales de edad segun situacion conyugal'; 20 a 24 anos = 10 422 095 con union libre 2 562 915, 25 a 29 = 9 993 001 con union libre 3 210 551. El cuadro es del cuestionario BASICO, no del ampliado que cita la fila	POR_MEDIR :: umbral CAC-007/01/2018, columna viviendas/hogares: Alta [0%,15%), Moderada [15%,30%), Baja >=30%	POR_MEDIR :: el n no ponderado de la celda solo existe al correr el arbitro sobre el microdato, prohibido en este acto; piso sin cifra en ADV1-M1	Situacion conyugal en poblacion joven es el reactivo de familia.union.baja_garantia_institucional, la regla que afirma que la union libre sustituye al matrimonio donde la garantia institucional es baja. El condicionamiento por tamano de localidad es la prueba directa de esa regla.	NO	familia	MEDIA	familia|P2|MEDIA
EMP-06	CPV Censo de Poblacion y Vivienda -- Cuestionario Ampliado	2020	personas de 15 anos y mas ocupadas la semana de referencia, residentes en viviendas particulares habitadas	SITTRA	proporcion ponderada	FACTOR	categorica k=6	P2	SI :: prueba del bibliotecario FP-93, dos pasos, 25/ago/2026: paso 1 indices (ccpv 2020) y paso 2 abriendo cpv2020_a_eum_08_caracteristicas_economicas.xlsx (28 hojas) :: EXISTE-SATISFACE -- hoja 01 fila 9: 'Estimadores de la poblacion de 12 anos y mas ocupada y su distribucion porcentual segun posicion en el trabajo por tamano de localidad, sexo y division ocupacional'; trabajadores por cuenta propia 21.332 por ciento con CV 0.351. Es cuestionario ampliado. Base 12 y mas frente a los 15 y mas que declara la fila	POR_MEDIR :: umbral CAC-007/01/2018, columna viviendas/hogares: Alta [0%,15%), Moderada [15%,30%), Baja >=30%	POR_MEDIR :: el n no ponderado de la celda solo existe al correr el arbitro sobre el microdato, prohibido en este acto; piso sin cifra en ADV1-M1	Posicion en el trabajo (cuenta propia contra subordinado) en localidades pequenas es informalidad estructural medida por censo, no por encuesta de empleo: contrasta con TIC-02 en el mismo dominio con otro instrumento y otro universo.	NO	trabajo	MEDIA	trabajo|P2|MEDIA
DOC-01	CNBV Portafolio de Informacion / HR Ratings (desenlace documentado no-encuesta)	cierre 2025	cartera de credito al consumo de Banco Azteca S.A., Institucion de Banca Multiple	IMOR ajustado = (cartera vencida + castigos 12m) / (cartera total + castigos 12m)	razon sobre censo regulatorio	NO APLICA -- censo administrativo, no muestra	continua (porcentaje)	P2	SI :: cifra enunciada en documento publico :: HR Ratings, Banco Azteca Reporte 2024, IMOR ajustado ~10.7% y castigos 12m Ps. 17,390 M, recogida en corpus/forense/compass-4-e29a28d4-credito-popular-2026.md:26	NO APLICA :: censo administrativo o contable dictaminado, sin error estandar muestral -- hueco declarado entre ADV1-M1(iii) y ADV1-M3, que puntua contra R como distribucion	NO APLICA :: universo censal, no muestral	IMOR ajustado de Banco Azteca es conducta de pago observada, no declarada: M la produce con dinero.credito.baja_friccion_usura_dano_downstream y ref.A.04; L tiene la cifra en fuentes de divulgacion. Cifra enunciada en documento publico: entra como control de memoria.	NO	dinero	DIFICIL	dinero|P2|DIFICIL
DOC-02	CNBV / HR Ratings (desenlace documentado no-encuesta)	3T2024 vs 3T2025	cartera de credito al consumo de BanCoppel S.A.	IMOR ajustado y su trayectoria IMOR simple 8.4% (3T24) a 5.5% (3T25)	razon sobre censo regulatorio	NO APLICA -- censo administrativo, no muestra	continua (porcentaje)	P2	SI :: cifra enunciada en documento publico :: HR Ratings/CNBV, IMOR ajustado 15.7% (3T24), recogida en corpus/forense/compass-4-e29a28d4-credito-popular-2026.md:27	NO APLICA :: censo administrativo o contable dictaminado, sin error estandar muestral -- hueco declarado entre ADV1-M1(iii) y ADV1-M3, que puntua contra R como distribucion	NO APLICA :: universo censal, no muestral	La trayectoria trimestral de BanCoppel obliga a predecir un cambio, no un nivel: los niveles se memorizan, las trayectorias se modelan. Es la celda que mejor separa memoria de mecanismo dentro del lote no-encuesta.	NO	dinero	DIFICIL	dinero|P2|DIFICIL
DOC-03	CNBV (desenlace documentado no-encuesta) -- razon derivada, NO enunciada en ninguna fuente	jun 2025	cartera de consumo popular (Banco Azteca) contra cartera de tarjeta de credito de la banca multiple	razon IMOR_ajustado(Azteca) / IMOR_ajustado(tarjeta banca multiple)	razon de dos razones sobre censo regulatorio	NO APLICA -- censo administrativo, no muestra	continua (adimensional)	P2	PENDIENTE-FUERA-DE-INDICE :: prueba del bibliotecario FP-93, dos pasos, 25/ago/2026: paso 1 sobre los dos indices completos (25 093 lineas): 'cnbv' y 'azteca' devuelven 0 lineas, control positivo 'inegi' devuelve 25 093 :: NO-ENCONTRADO -- el publicador es CNBV/HR Ratings: la prueba de dos pasos de FP-93 no alcanza la fila por construccion. El NO previo por aserto estructural no se toca	NO APLICA :: censo administrativo o contable dictaminado, sin error estandar muestral -- hueco declarado entre ADV1-M1(iii) y ADV1-M3, que puntua contra R como distribucion	NO APLICA :: universo censal, no muestral	La razon entre el IMOR ajustado del segmento popular y el de la tarjeta de la banca multiple es la pregunta sustantiva completa -- paga peor el pobre controlando producto -- y ningun documento la enuncia como razon. compass-4 yuxtapone 10.7 y 13.7 sin dividirlos.	NO	dinero	DIFICIL	dinero|P2|DIFICIL
DOC-04	SEC EDGAR 10-K FirstCash Holdings (desenlace documentado no-encuesta)	ejercicio fiscal 2025	inventario de prenda no redimida de las tiendas de empeno de FirstCash en Mexico y LatAm	proporcion de inventario con antiguedad mayor a un ano	proporcion sobre censo contable dictaminado	NO APLICA -- censo contable, no muestra	continua (porcentaje)	P2	SI :: cifra enunciada en documento publico :: SEC 10-K FirstCash, inventario mayor a un ano 1%-2% (2024-25), recogida en corpus/forense/compass-4-e29a28d4-credito-popular-2026.md:29	NO APLICA :: censo administrativo o contable dictaminado, sin error estandar muestral -- hueco declarado entre ADV1-M1(iii) y ADV1-M3, que puntua contra R como distribucion	NO APLICA :: universo censal, no muestral	Inventario de prenda no redimida de FirstCash mide colateral, no confianza: compass-4 concluye que el empeno ROMPE el marco de la pregunta conductual. Un corredor que la trate como evidencia de pago voluntario se delata.	NO	dinero	DIFICIL	dinero|P2|DIFICIL
DOC-05	BMV / CNBV, reportes trimestrales de Gentera (desenlace documentado no-encuesta) -- fraccion NO enunciada	4T2025	cartera de microcredito grupal e individual de Compartamos Banco (Gentera)	castigos del ejercicio como fraccion de la cartera total promedio del ejercicio	razon sobre censo contable dictaminado	NO APLICA -- censo contable, no muestra	continua (porcentaje)	P2	PENDIENTE-FUERA-DE-INDICE :: prueba del bibliotecario FP-93, dos pasos, 25/ago/2026: identico a DOC-03: 'gentera' y 'compartamos' devuelven 0 lineas de 25 093 :: NO-ENCONTRADO -- publicador BMV/CNBV, fuera del alcance del diseno de dos pasos. El NO previo por aserto estructural no se toca	NO APLICA :: censo administrativo o contable dictaminado, sin error estandar muestral -- hueco declarado entre ADV1-M1(iii) y ADV1-M3, que puntua contra R como distribucion	NO APLICA :: universo censal, no muestral	Castigos como fraccion de cartera de Compartamos es la unica evidencia de pago voluntario sin garantia del lote, y la fraccion no esta enunciada: hay que componerla de dos cifras publicadas. Toca cooperacion.tanda.conoce_organizadora por analogia de presion grupal.	NO	dinero	DIFICIL	dinero|P2|DIFICIL
DOC-06	BMV / HR Ratings, Financiera Independencia (desenlace documentado no-encuesta) -- OLA RETENIDA	4T2024 parametriza, 4T2026 arbitra	cartera de credito personal popular no bancario de Financiera Independencia (Findep)	IMOR ajustado de la cartera total	razon sobre censo regulatorio	NO APLICA -- censo administrativo, no muestra	continua (porcentaje)	P2	PENDIENTE-FUERA-DE-INDICE :: prueba del bibliotecario FP-93, dos pasos, 25/ago/2026: identico a DOC-03: 'findep' devuelve 0 lineas de 25 093 :: NO-ENCONTRADO -- publicador BMV/HR Ratings, fuera del alcance; ademas la ola arbitro (4T2026) no existe todavia. El NO previo por aserto estructural no se toca	NO APLICA :: censo administrativo o contable dictaminado, sin error estandar muestral -- hueco declarado entre ADV1-M1(iii) y ADV1-M3, que puntua contra R como distribucion	NO APLICA :: universo censal, no muestral	IMOR ajustado de Financiera Independencia al cierre de 2026 no existe al congelar el marco: es la unica celda del marco cuyo arbitro es estrictamente futuro, simetrica para L y para M, y por tanto inmune a contaminacion por construccion.	SI	dinero	DIFICIL	dinero|P2|DIFICIL
