tarea_observacion_id	relacion_id	necesidad_id	activo_id	input_inspector_ref	reporte_neutral_ref	input_curador_ref
TOBS-SEM-c24d3b676e575f4c2d1600c7	REL-00e7bd28c9c0db01fd89a3be	N24	NO_DETERMINADO	data/curacion-registro/ejecucion-semantica/runs/SEMRUN-354ccb9dc1023a0bd420d48f/inputs-inspector/TOBS-SEM-c24d3b676e575f4c2d1600c7.json	data/curacion-registro/ejecucion-semantica/runs/SEMRUN-354ccb9dc1023a0bd420d48f/reportes-neutrales/TOBS-SEM-c24d3b676e575f4c2d1600c7.json	data/curacion-registro/ejecucion-semantica/runs/SEMRUN-354ccb9dc1023a0bd420d48f/inputs-curador/TCUR-c24d3b676e575f4c2d1600c7.json
TOBS-SEM-8fc99b4dfe73c86eb952c3fa	REL-01ff8326fdbe3c0a4e299a02	N14	NO_DETERMINADO	data/curacion-registro/ejecucion-semantica/runs/SEMRUN-354ccb9dc1023a0bd420d48f/inputs-inspector/TOBS-SEM-8fc99b4dfe73c86eb952c3fa.json	data/curacion-registro/ejecucion-semantica/runs/SEMRUN-354ccb9dc1023a0bd420d48f/reportes-neutrales/TOBS-SEM-8fc99b4dfe73c86eb952c3fa.json	data/curacion-registro/ejecucion-semantica/runs/SEMRUN-354ccb9dc1023a0bd420d48f/inputs-curador/TCUR-8fc99b4dfe73c86eb952c3fa.json
TOBS-SEM-ecb16833bd802925530281f5	REL-02b8ee6d0e13dfb6dc7d3331	N27	NO_DETERMINADO	data/curacion-registro/ejecucion-semantica/runs/SEMRUN-354ccb9dc1023a0bd420d48f/inputs-inspector/TOBS-SEM-ecb16833bd802925530281f5.json	data/curacion-registro/ejecucion-semantica/runs/SEMRUN-354ccb9dc1023a0bd420d48f/reportes-neutrales/TOBS-SEM-ecb16833bd802925530281f5.json	data/curacion-registro/ejecucion-semantica/runs/SEMRUN-354ccb9dc1023a0bd420d48f/inputs-curador/TCUR-ecb16833bd802925530281f5.json
TOBS-SEM-e36c1b7dfa01a1ad8d24e81d	REL-02e6e4861871631dd29048bd	N14	NO_DETERMINADO	data/curacion-registro/ejecucion-semantica/runs/SEMRUN-354ccb9dc1023a0bd420d48f/inputs-inspector/TOBS-SEM-e36c1b7dfa01a1ad8d24e81d.json	data/curacion-registro/ejecucion-semantica/runs/SEMRUN-354ccb9dc1023a0bd420d48f/reportes-neutrales/TOBS-SEM-e36c1b7dfa01a1ad8d24e81d.json	data/curacion-registro/ejecucion-semantica/runs/SEMRUN-354ccb9dc1023a0bd420d48f/inputs-curador/TCUR-e36c1b7dfa01a1ad8d24e81d.json
TOBS-SEM-afeca52f8a8a6ec250bd1a74	REL-0692b43ca9c2f7bb608a2858	N25	NO_DETERMINADO	data/curacion-registro/ejecucion-semantica/runs/SEMRUN-354ccb9dc1023a0bd420d48f/inputs-inspector/TOBS-SEM-afeca52f8a8a6ec250bd1a74.json	data/curacion-registro/ejecucion-semantica/runs/SEMRUN-354ccb9dc1023a0bd420d48f/reportes-neutrales/TOBS-SEM-afeca52f8a8a6ec250bd1a74.json	data/curacion-registro/ejecucion-semantica/runs/SEMRUN-354ccb9dc1023a0bd420d48f/inputs-curador/TCUR-afeca52f8a8a6ec250bd1a74.json
TOBS-SEM-7881289efec51ce9db7b0399	REL-08af2a451bfb04d90902eec4	N28	NO_DETERMINADO	data/curacion-registro/ejecucion-semantica/runs/SEMRUN-354ccb9dc1023a0bd420d48f/inputs-inspector/TOBS-SEM-7881289efec51ce9db7b0399.json	data/curacion-registro/ejecucion-semantica/runs/SEMRUN-354ccb9dc1023a0bd420d48f/reportes-neutrales/TOBS-SEM-7881289efec51ce9db7b0399.json	data/curacion-registro/ejecucion-semantica/runs/SEMRUN-354ccb9dc1023a0bd420d48f/inputs-curador/TCUR-7881289efec51ce9db7b0399.json
TOBS-SEM-9e0b4d107a72775a16bde39e	REL-0a4bbf31b54c5ce3565ba753	N26	NO_DETERMINADO	data/curacion-registro/ejecucion-semantica/runs/SEMRUN-354ccb9dc1023a0bd420d48f/inputs-inspector/TOBS-SEM-9e0b4d107a72775a16bde39e.json	data/curacion-registro/ejecucion-semantica/runs/SEMRUN-354ccb9dc1023a0bd420d48f/reportes-neutrales/TOBS-SEM-9e0b4d107a72775a16bde39e.json	data/curacion-registro/ejecucion-semantica/runs/SEMRUN-354ccb9dc1023a0bd420d48f/inputs-curador/TCUR-9e0b4d107a72775a16bde39e.json
TOBS-SEM-64fd5177eab03a121ff41d1c	REL-0b0dac8dd04b5f25133518f8	N29	NO_DETERMINADO	data/curacion-registro/ejecucion-semantica/runs/SEMRUN-354ccb9dc1023a0bd420d48f/inputs-inspector/TOBS-SEM-64fd5177eab03a121ff41d1c.json	data/curacion-registro/ejecucion-semantica/runs/SEMRUN-354ccb9dc1023a0bd420d48f/reportes-neutrales/TOBS-SEM-64fd5177eab03a121ff41d1c.json	data/curacion-registro/ejecucion-semantica/runs/SEMRUN-354ccb9dc1023a0bd420d48f/inputs-curador/TCUR-64fd5177eab03a121ff41d1c.json
TOBS-SEM-e02239ccb05da1ffe4430c09	REL-0b6385436015c470992017f1	N13	NO_DETERMINADO	data/curacion-registro/ejecucion-semantica/runs/SEMRUN-354ccb9dc1023a0bd420d48f/inputs-inspector/TOBS-SEM-e02239ccb05da1ffe4430c09.json	data/curacion-registro/ejecucion-semantica/runs/SEMRUN-354ccb9dc1023a0bd420d48f/reportes-neutrales/TOBS-SEM-e02239ccb05da1ffe4430c09.json	data/curacion-registro/ejecucion-semantica/runs/SEMRUN-354ccb9dc1023a0bd420d48f/inputs-curador/TCUR-e02239ccb05da1ffe4430c09.json
TOBS-SEM-446358bd49e949d216678c49	REL-0c03e53054567fc014b50bc0	N8	NO_DETERMINADO	data/curacion-registro/ejecucion-semantica/runs/SEMRUN-354ccb9dc1023a0bd420d48f/inputs-inspector/TOBS-SEM-446358bd49e949d216678c49.json	data/curacion-registro/ejecucion-semantica/runs/SEMRUN-354ccb9dc1023a0bd420d48f/reportes-neutrales/TOBS-SEM-446358bd49e949d216678c49.json	data/curacion-registro/ejecucion-semantica/runs/SEMRUN-354ccb9dc1023a0bd420d48f/inputs-curador/TCUR-446358bd49e949d216678c49.json
TOBS-SEM-47d76d95481b813570a72c66	REL-0ccb1f487408f4999004b321	N24	NO_DETERMINADO	data/curacion-registro/ejecucion-semantica/runs/SEMRUN-354ccb9dc1023a0bd420d48f/inputs-inspector/TOBS-SEM-47d76d95481b813570a72c66.json	data/curacion-registro/ejecucion-semantica/runs/SEMRUN-354ccb9dc1023a0bd420d48f/reportes-neutrales/TOBS-SEM-47d76d95481b813570a72c66.json	data/curacion-registro/ejecucion-semantica/runs/SEMRUN-354ccb9dc1023a0bd420d48f/inputs-curador/TCUR-47d76d95481b813570a72c66.json
TOBS-SEM-dfb5fe672a0ac2f294bad22c	REL-0d9c76a2adedc9b9f59984cc	N17	NO_DETERMINADO	data/curacion-registro/ejecucion-semantica/runs/SEMRUN-354ccb9dc1023a0bd420d48f/inputs-inspector/TOBS-SEM-dfb5fe672a0ac2f294bad22c.json	data/curacion-registro/ejecucion-semantica/runs/SEMRUN-354ccb9dc1023a0bd420d48f/reportes-neutrales/TOBS-SEM-dfb5fe672a0ac2f294bad22c.json	data/curacion-registro/ejecucion-semantica/runs/SEMRUN-354ccb9dc1023a0bd420d48f/inputs-curador/TCUR-dfb5fe672a0ac2f294bad22c.json
TOBS-SEM-a573035ee772604d1c23dff2	REL-0e3c2a3a6afd1dae2297740e	N21	NO_DETERMINADO	data/curacion-registro/ejecucion-semantica/runs/SEMRUN-354ccb9dc1023a0bd420d48f/inputs-inspector/TOBS-SEM-a573035ee772604d1c23dff2.json	data/curacion-registro/ejecucion-semantica/runs/SEMRUN-354ccb9dc1023a0bd420d48f/reportes-neutrales/TOBS-SEM-a573035ee772604d1c23dff2.json	data/curacion-registro/ejecucion-semantica/runs/SEMRUN-354ccb9dc1023a0bd420d48f/inputs-curador/TCUR-a573035ee772604d1c23dff2.json
TOBS-SEM-0ae31e43512a336b6bc77571	REL-0fc632a7b102c3b39b2f540c	N27	NO_DETERMINADO	data/curacion-registro/ejecucion-semantica/runs/SEMRUN-354ccb9dc1023a0bd420d48f/inputs-inspector/TOBS-SEM-0ae31e43512a336b6bc77571.json	data/curacion-registro/ejecucion-semantica/runs/SEMRUN-354ccb9dc1023a0bd420d48f/reportes-neutrales/TOBS-SEM-0ae31e43512a336b6bc77571.json	data/curacion-registro/ejecucion-semantica/runs/SEMRUN-354ccb9dc1023a0bd420d48f/inputs-curador/TCUR-0ae31e43512a336b6bc77571.json
TOBS-SEM-76933346be1da282effa6a02	REL-107500c8d4873fe4d05bb8e3	N27	NO_DETERMINADO	data/curacion-registro/ejecucion-semantica/runs/SEMRUN-354ccb9dc1023a0bd420d48f/inputs-inspector/TOBS-SEM-76933346be1da282effa6a02.json	data/curacion-registro/ejecucion-semantica/runs/SEMRUN-354ccb9dc1023a0bd420d48f/reportes-neutrales/TOBS-SEM-76933346be1da282effa6a02.json	data/curacion-registro/ejecucion-semantica/runs/SEMRUN-354ccb9dc1023a0bd420d48f/inputs-curador/TCUR-76933346be1da282effa6a02.json
TOBS-SEM-2249ce6901b1f203123d9197	REL-10b7203dd243231cb3602e47	N17	NO_DETERMINADO	data/curacion-registro/ejecucion-semantica/runs/SEMRUN-354ccb9dc1023a0bd420d48f/inputs-inspector/TOBS-SEM-2249ce6901b1f203123d9197.json	data/curacion-registro/ejecucion-semantica/runs/SEMRUN-354ccb9dc1023a0bd420d48f/reportes-neutrales/TOBS-SEM-2249ce6901b1f203123d9197.json	data/curacion-registro/ejecucion-semantica/runs/SEMRUN-354ccb9dc1023a0bd420d48f/inputs-curador/TCUR-2249ce6901b1f203123d9197.json
TOBS-SEM-da41c3d453efb5fd12e8571e	REL-12b348704acbcdd4b811185b	N11	NO_DETERMINADO	data/curacion-registro/ejecucion-semantica/runs/SEMRUN-354ccb9dc1023a0bd420d48f/inputs-inspector/TOBS-SEM-da41c3d453efb5fd12e8571e.json	data/curacion-registro/ejecucion-semantica/runs/SEMRUN-354ccb9dc1023a0bd420d48f/reportes-neutrales/TOBS-SEM-da41c3d453efb5fd12e8571e.json	data/curacion-registro/ejecucion-semantica/runs/SEMRUN-354ccb9dc1023a0bd420d48f/inputs-curador/TCUR-da41c3d453efb5fd12e8571e.json
TOBS-SEM-4a2d4edafb5f63b95d2d2e4c	REL-12f0d41801fa7f161510f61e	N26	NO_DETERMINADO	data/curacion-registro/ejecucion-semantica/runs/SEMRUN-354ccb9dc1023a0bd420d48f/inputs-inspector/TOBS-SEM-4a2d4edafb5f63b95d2d2e4c.json	data/curacion-registro/ejecucion-semantica/runs/SEMRUN-354ccb9dc1023a0bd420d48f/reportes-neutrales/TOBS-SEM-4a2d4edafb5f63b95d2d2e4c.json	data/curacion-registro/ejecucion-semantica/runs/SEMRUN-354ccb9dc1023a0bd420d48f/inputs-curador/TCUR-4a2d4edafb5f63b95d2d2e4c.json
TOBS-SEM-2ce274b1c589fb857fba39c0	REL-162b116abdb2212886430f08	N25	NO_DETERMINADO	data/curacion-registro/ejecucion-semantica/runs/SEMRUN-354ccb9dc1023a0bd420d48f/inputs-inspector/TOBS-SEM-2ce274b1c589fb857fba39c0.json	data/curacion-registro/ejecucion-semantica/runs/SEMRUN-354ccb9dc1023a0bd420d48f/reportes-neutrales/TOBS-SEM-2ce274b1c589fb857fba39c0.json	data/curacion-registro/ejecucion-semantica/runs/SEMRUN-354ccb9dc1023a0bd420d48f/inputs-curador/TCUR-2ce274b1c589fb857fba39c0.json
TOBS-SEM-d74349659cc2f1b21a6e6ea2	REL-1677b0003626a1bd5bf971cb	N18	NO_DETERMINADO	data/curacion-registro/ejecucion-semantica/runs/SEMRUN-354ccb9dc1023a0bd420d48f/inputs-inspector/TOBS-SEM-d74349659cc2f1b21a6e6ea2.json	data/curacion-registro/ejecucion-semantica/runs/SEMRUN-354ccb9dc1023a0bd420d48f/reportes-neutrales/TOBS-SEM-d74349659cc2f1b21a6e6ea2.json	data/curacion-registro/ejecucion-semantica/runs/SEMRUN-354ccb9dc1023a0bd420d48f/inputs-curador/TCUR-d74349659cc2f1b21a6e6ea2.json
TOBS-SEM-367e9b6c56c95d8f43ecd86e	REL-16d3c66af7fc856df2130139	N10	NO_DETERMINADO	data/curacion-registro/ejecucion-semantica/runs/SEMRUN-354ccb9dc1023a0bd420d48f/inputs-inspector/TOBS-SEM-367e9b6c56c95d8f43ecd86e.json	data/curacion-registro/ejecucion-semantica/runs/SEMRUN-354ccb9dc1023a0bd420d48f/reportes-neutrales/TOBS-SEM-367e9b6c56c95d8f43ecd86e.json	data/curacion-registro/ejecucion-semantica/runs/SEMRUN-354ccb9dc1023a0bd420d48f/inputs-curador/TCUR-367e9b6c56c95d8f43ecd86e.json
TOBS-SEM-6898d3c7c6fa1202e6836b28	REL-1867600f55b362380e728c4a	N17	NO_DETERMINADO	data/curacion-registro/ejecucion-semantica/runs/SEMRUN-354ccb9dc1023a0bd420d48f/inputs-inspector/TOBS-SEM-6898d3c7c6fa1202e6836b28.json	data/curacion-registro/ejecucion-semantica/runs/SEMRUN-354ccb9dc1023a0bd420d48f/reportes-neutrales/TOBS-SEM-6898d3c7c6fa1202e6836b28.json	data/curacion-registro/ejecucion-semantica/runs/SEMRUN-354ccb9dc1023a0bd420d48f/inputs-curador/TCUR-6898d3c7c6fa1202e6836b28.json
TOBS-SEM-332233c676bdd722e8c82ef2	REL-18976f4767e5da3c5e572877	N6	NO_DETERMINADO	data/curacion-registro/ejecucion-semantica/runs/SEMRUN-354ccb9dc1023a0bd420d48f/inputs-inspector/TOBS-SEM-332233c676bdd722e8c82ef2.json	data/curacion-registro/ejecucion-semantica/runs/SEMRUN-354ccb9dc1023a0bd420d48f/reportes-neutrales/TOBS-SEM-332233c676bdd722e8c82ef2.json	data/curacion-registro/ejecucion-semantica/runs/SEMRUN-354ccb9dc1023a0bd420d48f/inputs-curador/TCUR-332233c676bdd722e8c82ef2.json
TOBS-SEM-378d45ea90cfa8dbbf1daf86	REL-1d4ea097a836307f28dd2f49	N30	NO_DETERMINADO	data/curacion-registro/ejecucion-semantica/runs/SEMRUN-354ccb9dc1023a0bd420d48f/inputs-inspector/TOBS-SEM-378d45ea90cfa8dbbf1daf86.json	data/curacion-registro/ejecucion-semantica/runs/SEMRUN-354ccb9dc1023a0bd420d48f/reportes-neutrales/TOBS-SEM-378d45ea90cfa8dbbf1daf86.json	data/curacion-registro/ejecucion-semantica/runs/SEMRUN-354ccb9dc1023a0bd420d48f/inputs-curador/TCUR-378d45ea90cfa8dbbf1daf86.json
TOBS-SEM-966292f4d0a0889ec766cfed	REL-1d9d402e2e1aa77c9c01cb5f	N17	NO_DETERMINADO	data/curacion-registro/ejecucion-semantica/runs/SEMRUN-354ccb9dc1023a0bd420d48f/inputs-inspector/TOBS-SEM-966292f4d0a0889ec766cfed.json	data/curacion-registro/ejecucion-semantica/runs/SEMRUN-354ccb9dc1023a0bd420d48f/reportes-neutrales/TOBS-SEM-966292f4d0a0889ec766cfed.json	data/curacion-registro/ejecucion-semantica/runs/SEMRUN-354ccb9dc1023a0bd420d48f/inputs-curador/TCUR-966292f4d0a0889ec766cfed.json
TOBS-SEM-04b8623c41b0949b9d8e3f67	REL-20c9e9445e7c52770b6c3b10	N25	NO_DETERMINADO	data/curacion-registro/ejecucion-semantica/runs/SEMRUN-354ccb9dc1023a0bd420d48f/inputs-inspector/TOBS-SEM-04b8623c41b0949b9d8e3f67.json	data/curacion-registro/ejecucion-semantica/runs/SEMRUN-354ccb9dc1023a0bd420d48f/reportes-neutrales/TOBS-SEM-04b8623c41b0949b9d8e3f67.json	data/curacion-registro/ejecucion-semantica/runs/SEMRUN-354ccb9dc1023a0bd420d48f/inputs-curador/TCUR-04b8623c41b0949b9d8e3f67.json
TOBS-SEM-5f145948626259596e2f82ff	REL-21e914d37dac786386bf91dc	N5	NO_DETERMINADO	data/curacion-registro/ejecucion-semantica/runs/SEMRUN-354ccb9dc1023a0bd420d48f/inputs-inspector/TOBS-SEM-5f145948626259596e2f82ff.json	data/curacion-registro/ejecucion-semantica/runs/SEMRUN-354ccb9dc1023a0bd420d48f/reportes-neutrales/TOBS-SEM-5f145948626259596e2f82ff.json	data/curacion-registro/ejecucion-semantica/runs/SEMRUN-354ccb9dc1023a0bd420d48f/inputs-curador/TCUR-5f145948626259596e2f82ff.json
TOBS-SEM-5f00cf4f4974b8e03128189b	REL-2230c5027c1ce5589c32d9b0	N5	NO_DETERMINADO	data/curacion-registro/ejecucion-semantica/runs/SEMRUN-354ccb9dc1023a0bd420d48f/inputs-inspector/TOBS-SEM-5f00cf4f4974b8e03128189b.json	data/curacion-registro/ejecucion-semantica/runs/SEMRUN-354ccb9dc1023a0bd420d48f/reportes-neutrales/TOBS-SEM-5f00cf4f4974b8e03128189b.json	data/curacion-registro/ejecucion-semantica/runs/SEMRUN-354ccb9dc1023a0bd420d48f/inputs-curador/TCUR-5f00cf4f4974b8e03128189b.json
TOBS-SEM-a88af75184a988d7f4957617	REL-235427b4ebd4727b5ccdeb98	N26	NO_DETERMINADO	data/curacion-registro/ejecucion-semantica/runs/SEMRUN-354ccb9dc1023a0bd420d48f/inputs-inspector/TOBS-SEM-a88af75184a988d7f4957617.json	data/curacion-registro/ejecucion-semantica/runs/SEMRUN-354ccb9dc1023a0bd420d48f/reportes-neutrales/TOBS-SEM-a88af75184a988d7f4957617.json	data/curacion-registro/ejecucion-semantica/runs/SEMRUN-354ccb9dc1023a0bd420d48f/inputs-curador/TCUR-a88af75184a988d7f4957617.json
TOBS-SEM-be389b408c606b6c7fcb528f	REL-2a1cc2aeaa3a0d0f5e1e49d2	N27	NO_DETERMINADO	data/curacion-registro/ejecucion-semantica/runs/SEMRUN-354ccb9dc1023a0bd420d48f/inputs-inspector/TOBS-SEM-be389b408c606b6c7fcb528f.json	data/curacion-registro/ejecucion-semantica/runs/SEMRUN-354ccb9dc1023a0bd420d48f/reportes-neutrales/TOBS-SEM-be389b408c606b6c7fcb528f.json	data/curacion-registro/ejecucion-semantica/runs/SEMRUN-354ccb9dc1023a0bd420d48f/inputs-curador/TCUR-be389b408c606b6c7fcb528f.json
TOBS-SEM-43c56dbcb4646997818bdbf2	REL-2d58abfc1b418484af3f2f7d	N17	NO_DETERMINADO	data/curacion-registro/ejecucion-semantica/runs/SEMRUN-354ccb9dc1023a0bd420d48f/inputs-inspector/TOBS-SEM-43c56dbcb4646997818bdbf2.json	data/curacion-registro/ejecucion-semantica/runs/SEMRUN-354ccb9dc1023a0bd420d48f/reportes-neutrales/TOBS-SEM-43c56dbcb4646997818bdbf2.json	data/curacion-registro/ejecucion-semantica/runs/SEMRUN-354ccb9dc1023a0bd420d48f/inputs-curador/TCUR-43c56dbcb4646997818bdbf2.json
TOBS-SEM-e08e77874f8fdee4962d27d3	REL-2fab7f66a0e6963788542b3a	N30	NO_DETERMINADO	data/curacion-registro/ejecucion-semantica/runs/SEMRUN-354ccb9dc1023a0bd420d48f/inputs-inspector/TOBS-SEM-e08e77874f8fdee4962d27d3.json	data/curacion-registro/ejecucion-semantica/runs/SEMRUN-354ccb9dc1023a0bd420d48f/reportes-neutrales/TOBS-SEM-e08e77874f8fdee4962d27d3.json	data/curacion-registro/ejecucion-semantica/runs/SEMRUN-354ccb9dc1023a0bd420d48f/inputs-curador/TCUR-e08e77874f8fdee4962d27d3.json
TOBS-SEM-c0280be4c75f4b57c0967cb6	REL-2fbf749b083e578d4462b842	N14	NO_DETERMINADO	data/curacion-registro/ejecucion-semantica/runs/SEMRUN-354ccb9dc1023a0bd420d48f/inputs-inspector/TOBS-SEM-c0280be4c75f4b57c0967cb6.json	data/curacion-registro/ejecucion-semantica/runs/SEMRUN-354ccb9dc1023a0bd420d48f/reportes-neutrales/TOBS-SEM-c0280be4c75f4b57c0967cb6.json	data/curacion-registro/ejecucion-semantica/runs/SEMRUN-354ccb9dc1023a0bd420d48f/inputs-curador/TCUR-c0280be4c75f4b57c0967cb6.json
TOBS-SEM-4271521b2dd8123304de22ad	REL-32afb54be292bc8e3070dfca	N9	NO_DETERMINADO	data/curacion-registro/ejecucion-semantica/runs/SEMRUN-354ccb9dc1023a0bd420d48f/inputs-inspector/TOBS-SEM-4271521b2dd8123304de22ad.json	data/curacion-registro/ejecucion-semantica/runs/SEMRUN-354ccb9dc1023a0bd420d48f/reportes-neutrales/TOBS-SEM-4271521b2dd8123304de22ad.json	data/curacion-registro/ejecucion-semantica/runs/SEMRUN-354ccb9dc1023a0bd420d48f/inputs-curador/TCUR-4271521b2dd8123304de22ad.json
TOBS-SEM-f3396d8cacc7f843fc26bef0	REL-32d05d4dc466d048e2961f7b	N27	NO_DETERMINADO	data/curacion-registro/ejecucion-semantica/runs/SEMRUN-354ccb9dc1023a0bd420d48f/inputs-inspector/TOBS-SEM-f3396d8cacc7f843fc26bef0.json	data/curacion-registro/ejecucion-semantica/runs/SEMRUN-354ccb9dc1023a0bd420d48f/reportes-neutrales/TOBS-SEM-f3396d8cacc7f843fc26bef0.json	data/curacion-registro/ejecucion-semantica/runs/SEMRUN-354ccb9dc1023a0bd420d48f/inputs-curador/TCUR-f3396d8cacc7f843fc26bef0.json
TOBS-SEM-069a339311b89d89771969d2	REL-350211bc943be8bae0c8eea2	N32	NO_DETERMINADO	data/curacion-registro/ejecucion-semantica/runs/SEMRUN-354ccb9dc1023a0bd420d48f/inputs-inspector/TOBS-SEM-069a339311b89d89771969d2.json	data/curacion-registro/ejecucion-semantica/runs/SEMRUN-354ccb9dc1023a0bd420d48f/reportes-neutrales/TOBS-SEM-069a339311b89d89771969d2.json	data/curacion-registro/ejecucion-semantica/runs/SEMRUN-354ccb9dc1023a0bd420d48f/inputs-curador/TCUR-069a339311b89d89771969d2.json
TOBS-SEM-eaf45b63f4e1169d529f7a60	REL-36cde7fa0d470608a94ddb1e	N5	NO_DETERMINADO	data/curacion-registro/ejecucion-semantica/runs/SEMRUN-354ccb9dc1023a0bd420d48f/inputs-inspector/TOBS-SEM-eaf45b63f4e1169d529f7a60.json	data/curacion-registro/ejecucion-semantica/runs/SEMRUN-354ccb9dc1023a0bd420d48f/reportes-neutrales/TOBS-SEM-eaf45b63f4e1169d529f7a60.json	data/curacion-registro/ejecucion-semantica/runs/SEMRUN-354ccb9dc1023a0bd420d48f/inputs-curador/TCUR-eaf45b63f4e1169d529f7a60.json
TOBS-SEM-bbd25c063666c3bf534e1966	REL-374d073941162109bb37265b	N25	NO_DETERMINADO	data/curacion-registro/ejecucion-semantica/runs/SEMRUN-354ccb9dc1023a0bd420d48f/inputs-inspector/TOBS-SEM-bbd25c063666c3bf534e1966.json	data/curacion-registro/ejecucion-semantica/runs/SEMRUN-354ccb9dc1023a0bd420d48f/reportes-neutrales/TOBS-SEM-bbd25c063666c3bf534e1966.json	data/curacion-registro/ejecucion-semantica/runs/SEMRUN-354ccb9dc1023a0bd420d48f/inputs-curador/TCUR-bbd25c063666c3bf534e1966.json
TOBS-SEM-fcc268997e86adb82f932976	REL-382a1f202f13e8134f376a00	N26	NO_DETERMINADO	data/curacion-registro/ejecucion-semantica/runs/SEMRUN-354ccb9dc1023a0bd420d48f/inputs-inspector/TOBS-SEM-fcc268997e86adb82f932976.json	data/curacion-registro/ejecucion-semantica/runs/SEMRUN-354ccb9dc1023a0bd420d48f/reportes-neutrales/TOBS-SEM-fcc268997e86adb82f932976.json	data/curacion-registro/ejecucion-semantica/runs/SEMRUN-354ccb9dc1023a0bd420d48f/inputs-curador/TCUR-fcc268997e86adb82f932976.json
TOBS-SEM-3425dde81a63cdf148a0bbac	REL-3b746c49c7c051083df6ee81	N3	NO_DETERMINADO	data/curacion-registro/ejecucion-semantica/runs/SEMRUN-354ccb9dc1023a0bd420d48f/inputs-inspector/TOBS-SEM-3425dde81a63cdf148a0bbac.json	data/curacion-registro/ejecucion-semantica/runs/SEMRUN-354ccb9dc1023a0bd420d48f/reportes-neutrales/TOBS-SEM-3425dde81a63cdf148a0bbac.json	data/curacion-registro/ejecucion-semantica/runs/SEMRUN-354ccb9dc1023a0bd420d48f/inputs-curador/TCUR-3425dde81a63cdf148a0bbac.json
TOBS-SEM-b463329c0abf1a4add11f117	REL-3d47f2e740a4b56741e9c6e2	N17	NO_DETERMINADO	data/curacion-registro/ejecucion-semantica/runs/SEMRUN-354ccb9dc1023a0bd420d48f/inputs-inspector/TOBS-SEM-b463329c0abf1a4add11f117.json	data/curacion-registro/ejecucion-semantica/runs/SEMRUN-354ccb9dc1023a0bd420d48f/reportes-neutrales/TOBS-SEM-b463329c0abf1a4add11f117.json	data/curacion-registro/ejecucion-semantica/runs/SEMRUN-354ccb9dc1023a0bd420d48f/inputs-curador/TCUR-b463329c0abf1a4add11f117.json
TOBS-SEM-95ecb20a0512809ca939da05	REL-3d6a985a8dafc13fdbd39e4a	N5	NO_DETERMINADO	data/curacion-registro/ejecucion-semantica/runs/SEMRUN-354ccb9dc1023a0bd420d48f/inputs-inspector/TOBS-SEM-95ecb20a0512809ca939da05.json	data/curacion-registro/ejecucion-semantica/runs/SEMRUN-354ccb9dc1023a0bd420d48f/reportes-neutrales/TOBS-SEM-95ecb20a0512809ca939da05.json	data/curacion-registro/ejecucion-semantica/runs/SEMRUN-354ccb9dc1023a0bd420d48f/inputs-curador/TCUR-95ecb20a0512809ca939da05.json
TOBS-SEM-6cd6a34ef3c6fd7f9148b5e4	REL-3e153324c7506ed0e35a7a70	N22	NO_DETERMINADO	data/curacion-registro/ejecucion-semantica/runs/SEMRUN-354ccb9dc1023a0bd420d48f/inputs-inspector/TOBS-SEM-6cd6a34ef3c6fd7f9148b5e4.json	data/curacion-registro/ejecucion-semantica/runs/SEMRUN-354ccb9dc1023a0bd420d48f/reportes-neutrales/TOBS-SEM-6cd6a34ef3c6fd7f9148b5e4.json	data/curacion-registro/ejecucion-semantica/runs/SEMRUN-354ccb9dc1023a0bd420d48f/inputs-curador/TCUR-6cd6a34ef3c6fd7f9148b5e4.json
TOBS-SEM-4393bc0202d3793dc368ca3f	REL-435541bba7684694085356c2	N17	NO_DETERMINADO	data/curacion-registro/ejecucion-semantica/runs/SEMRUN-354ccb9dc1023a0bd420d48f/inputs-inspector/TOBS-SEM-4393bc0202d3793dc368ca3f.json	data/curacion-registro/ejecucion-semantica/runs/SEMRUN-354ccb9dc1023a0bd420d48f/reportes-neutrales/TOBS-SEM-4393bc0202d3793dc368ca3f.json	data/curacion-registro/ejecucion-semantica/runs/SEMRUN-354ccb9dc1023a0bd420d48f/inputs-curador/TCUR-4393bc0202d3793dc368ca3f.json
TOBS-SEM-91e2ca67738c1d5d4780903f	REL-4360d0a91e5f8be30916c2b9	N30	NO_DETERMINADO	data/curacion-registro/ejecucion-semantica/runs/SEMRUN-354ccb9dc1023a0bd420d48f/inputs-inspector/TOBS-SEM-91e2ca67738c1d5d4780903f.json	data/curacion-registro/ejecucion-semantica/runs/SEMRUN-354ccb9dc1023a0bd420d48f/reportes-neutrales/TOBS-SEM-91e2ca67738c1d5d4780903f.json	data/curacion-registro/ejecucion-semantica/runs/SEMRUN-354ccb9dc1023a0bd420d48f/inputs-curador/TCUR-91e2ca67738c1d5d4780903f.json
TOBS-SEM-5387b712908d44e17c1ed68d	REL-45672e7d7c5ac7c69edaede4	N6	NO_DETERMINADO	data/curacion-registro/ejecucion-semantica/runs/SEMRUN-354ccb9dc1023a0bd420d48f/inputs-inspector/TOBS-SEM-5387b712908d44e17c1ed68d.json	data/curacion-registro/ejecucion-semantica/runs/SEMRUN-354ccb9dc1023a0bd420d48f/reportes-neutrales/TOBS-SEM-5387b712908d44e17c1ed68d.json	data/curacion-registro/ejecucion-semantica/runs/SEMRUN-354ccb9dc1023a0bd420d48f/inputs-curador/TCUR-5387b712908d44e17c1ed68d.json
TOBS-SEM-b0c3e8d05d0ca672247a3496	REL-4773e33ebd7e704a595bbf07	N5	NO_DETERMINADO	data/curacion-registro/ejecucion-semantica/runs/SEMRUN-354ccb9dc1023a0bd420d48f/inputs-inspector/TOBS-SEM-b0c3e8d05d0ca672247a3496.json	data/curacion-registro/ejecucion-semantica/runs/SEMRUN-354ccb9dc1023a0bd420d48f/reportes-neutrales/TOBS-SEM-b0c3e8d05d0ca672247a3496.json	data/curacion-registro/ejecucion-semantica/runs/SEMRUN-354ccb9dc1023a0bd420d48f/inputs-curador/TCUR-b0c3e8d05d0ca672247a3496.json
TOBS-SEM-77de625bce04437aa9bdd3d4	REL-48285fd8e0a22a38147245ed	N17	NO_DETERMINADO	data/curacion-registro/ejecucion-semantica/runs/SEMRUN-354ccb9dc1023a0bd420d48f/inputs-inspector/TOBS-SEM-77de625bce04437aa9bdd3d4.json	data/curacion-registro/ejecucion-semantica/runs/SEMRUN-354ccb9dc1023a0bd420d48f/reportes-neutrales/TOBS-SEM-77de625bce04437aa9bdd3d4.json	data/curacion-registro/ejecucion-semantica/runs/SEMRUN-354ccb9dc1023a0bd420d48f/inputs-curador/TCUR-77de625bce04437aa9bdd3d4.json
TOBS-SEM-d76f868cb61054be3ce40de8	REL-4945113fd8870341191221b6	N26	NO_DETERMINADO	data/curacion-registro/ejecucion-semantica/runs/SEMRUN-354ccb9dc1023a0bd420d48f/inputs-inspector/TOBS-SEM-d76f868cb61054be3ce40de8.json	data/curacion-registro/ejecucion-semantica/runs/SEMRUN-354ccb9dc1023a0bd420d48f/reportes-neutrales/TOBS-SEM-d76f868cb61054be3ce40de8.json	data/curacion-registro/ejecucion-semantica/runs/SEMRUN-354ccb9dc1023a0bd420d48f/inputs-curador/TCUR-d76f868cb61054be3ce40de8.json
TOBS-SEM-c79825713f34236b086d0337	REL-4b4d25bbe2c702aed1884440	N18	NO_DETERMINADO	data/curacion-registro/ejecucion-semantica/runs/SEMRUN-354ccb9dc1023a0bd420d48f/inputs-inspector/TOBS-SEM-c79825713f34236b086d0337.json	data/curacion-registro/ejecucion-semantica/runs/SEMRUN-354ccb9dc1023a0bd420d48f/reportes-neutrales/TOBS-SEM-c79825713f34236b086d0337.json	data/curacion-registro/ejecucion-semantica/runs/SEMRUN-354ccb9dc1023a0bd420d48f/inputs-curador/TCUR-c79825713f34236b086d0337.json
TOBS-SEM-8ae9eed4130cf052f6a2dc7a	REL-4fd0d54316a62b4b5c7a0048	N2	NO_DETERMINADO	data/curacion-registro/ejecucion-semantica/runs/SEMRUN-354ccb9dc1023a0bd420d48f/inputs-inspector/TOBS-SEM-8ae9eed4130cf052f6a2dc7a.json	data/curacion-registro/ejecucion-semantica/runs/SEMRUN-354ccb9dc1023a0bd420d48f/reportes-neutrales/TOBS-SEM-8ae9eed4130cf052f6a2dc7a.json	data/curacion-registro/ejecucion-semantica/runs/SEMRUN-354ccb9dc1023a0bd420d48f/inputs-curador/TCUR-8ae9eed4130cf052f6a2dc7a.json
TOBS-SEM-64964bf750dc697de788f9df	REL-50e6d069fd121a8a7cd64fc5	N14	NO_DETERMINADO	data/curacion-registro/ejecucion-semantica/runs/SEMRUN-354ccb9dc1023a0bd420d48f/inputs-inspector/TOBS-SEM-64964bf750dc697de788f9df.json	data/curacion-registro/ejecucion-semantica/runs/SEMRUN-354ccb9dc1023a0bd420d48f/reportes-neutrales/TOBS-SEM-64964bf750dc697de788f9df.json	data/curacion-registro/ejecucion-semantica/runs/SEMRUN-354ccb9dc1023a0bd420d48f/inputs-curador/TCUR-64964bf750dc697de788f9df.json
TOBS-SEM-f213b050b725622998750324	REL-51392f82de7f4c77d1bb75c1	N14	NO_DETERMINADO	data/curacion-registro/ejecucion-semantica/runs/SEMRUN-354ccb9dc1023a0bd420d48f/inputs-inspector/TOBS-SEM-f213b050b725622998750324.json	data/curacion-registro/ejecucion-semantica/runs/SEMRUN-354ccb9dc1023a0bd420d48f/reportes-neutrales/TOBS-SEM-f213b050b725622998750324.json	data/curacion-registro/ejecucion-semantica/runs/SEMRUN-354ccb9dc1023a0bd420d48f/inputs-curador/TCUR-f213b050b725622998750324.json
TOBS-SEM-a9edca79cbbcf8cfad02064f	REL-523fe941f36eef5710d093ee	N33	NO_DETERMINADO	data/curacion-registro/ejecucion-semantica/runs/SEMRUN-354ccb9dc1023a0bd420d48f/inputs-inspector/TOBS-SEM-a9edca79cbbcf8cfad02064f.json	data/curacion-registro/ejecucion-semantica/runs/SEMRUN-354ccb9dc1023a0bd420d48f/reportes-neutrales/TOBS-SEM-a9edca79cbbcf8cfad02064f.json	data/curacion-registro/ejecucion-semantica/runs/SEMRUN-354ccb9dc1023a0bd420d48f/inputs-curador/TCUR-a9edca79cbbcf8cfad02064f.json
TOBS-SEM-73762680650393d6318e0fc7	REL-57df012cdba3e281563c1068	N15	NO_DETERMINADO	data/curacion-registro/ejecucion-semantica/runs/SEMRUN-354ccb9dc1023a0bd420d48f/inputs-inspector/TOBS-SEM-73762680650393d6318e0fc7.json	data/curacion-registro/ejecucion-semantica/runs/SEMRUN-354ccb9dc1023a0bd420d48f/reportes-neutrales/TOBS-SEM-73762680650393d6318e0fc7.json	data/curacion-registro/ejecucion-semantica/runs/SEMRUN-354ccb9dc1023a0bd420d48f/inputs-curador/TCUR-73762680650393d6318e0fc7.json
TOBS-SEM-918e2e1c7a883fc1511d7cb1	REL-5fc50aa3d056d5b63f4e18df	N30	NO_DETERMINADO	data/curacion-registro/ejecucion-semantica/runs/SEMRUN-354ccb9dc1023a0bd420d48f/inputs-inspector/TOBS-SEM-918e2e1c7a883fc1511d7cb1.json	data/curacion-registro/ejecucion-semantica/runs/SEMRUN-354ccb9dc1023a0bd420d48f/reportes-neutrales/TOBS-SEM-918e2e1c7a883fc1511d7cb1.json	data/curacion-registro/ejecucion-semantica/runs/SEMRUN-354ccb9dc1023a0bd420d48f/inputs-curador/TCUR-918e2e1c7a883fc1511d7cb1.json
TOBS-SEM-5dd856c07993ba83027a0a02	REL-60e9df4e4ea6f51ca6e4ddc0	N8	NO_DETERMINADO	data/curacion-registro/ejecucion-semantica/runs/SEMRUN-354ccb9dc1023a0bd420d48f/inputs-inspector/TOBS-SEM-5dd856c07993ba83027a0a02.json	data/curacion-registro/ejecucion-semantica/runs/SEMRUN-354ccb9dc1023a0bd420d48f/reportes-neutrales/TOBS-SEM-5dd856c07993ba83027a0a02.json	data/curacion-registro/ejecucion-semantica/runs/SEMRUN-354ccb9dc1023a0bd420d48f/inputs-curador/TCUR-5dd856c07993ba83027a0a02.json
TOBS-SEM-36e732ff898e0056c2afff36	REL-62c97ccb92d0e95c8120d776	N28	NO_DETERMINADO	data/curacion-registro/ejecucion-semantica/runs/SEMRUN-354ccb9dc1023a0bd420d48f/inputs-inspector/TOBS-SEM-36e732ff898e0056c2afff36.json	data/curacion-registro/ejecucion-semantica/runs/SEMRUN-354ccb9dc1023a0bd420d48f/reportes-neutrales/TOBS-SEM-36e732ff898e0056c2afff36.json	data/curacion-registro/ejecucion-semantica/runs/SEMRUN-354ccb9dc1023a0bd420d48f/inputs-curador/TCUR-36e732ff898e0056c2afff36.json
TOBS-SEM-da477e71608689e463ddf79b	REL-63835b1a27c62356495d6104	N29	NO_DETERMINADO	data/curacion-registro/ejecucion-semantica/runs/SEMRUN-354ccb9dc1023a0bd420d48f/inputs-inspector/TOBS-SEM-da477e71608689e463ddf79b.json	data/curacion-registro/ejecucion-semantica/runs/SEMRUN-354ccb9dc1023a0bd420d48f/reportes-neutrales/TOBS-SEM-da477e71608689e463ddf79b.json	data/curacion-registro/ejecucion-semantica/runs/SEMRUN-354ccb9dc1023a0bd420d48f/inputs-curador/TCUR-da477e71608689e463ddf79b.json
TOBS-SEM-d3ea14e2ea500ec0e97250e2	REL-641a2435b0e68b2049b73d72	N4	NO_DETERMINADO	data/curacion-registro/ejecucion-semantica/runs/SEMRUN-354ccb9dc1023a0bd420d48f/inputs-inspector/TOBS-SEM-d3ea14e2ea500ec0e97250e2.json	data/curacion-registro/ejecucion-semantica/runs/SEMRUN-354ccb9dc1023a0bd420d48f/reportes-neutrales/TOBS-SEM-d3ea14e2ea500ec0e97250e2.json	data/curacion-registro/ejecucion-semantica/runs/SEMRUN-354ccb9dc1023a0bd420d48f/inputs-curador/TCUR-d3ea14e2ea500ec0e97250e2.json
TOBS-SEM-56558d4355e63c4579b58939	REL-655887a6745e8a139387cc90	N4	NO_DETERMINADO	data/curacion-registro/ejecucion-semantica/runs/SEMRUN-354ccb9dc1023a0bd420d48f/inputs-inspector/TOBS-SEM-56558d4355e63c4579b58939.json	data/curacion-registro/ejecucion-semantica/runs/SEMRUN-354ccb9dc1023a0bd420d48f/reportes-neutrales/TOBS-SEM-56558d4355e63c4579b58939.json	data/curacion-registro/ejecucion-semantica/runs/SEMRUN-354ccb9dc1023a0bd420d48f/inputs-curador/TCUR-56558d4355e63c4579b58939.json
TOBS-SEM-3669535243e9ee318df0502f	REL-6b52ae9ea4b72a9f27f01260	N13	NO_DETERMINADO	data/curacion-registro/ejecucion-semantica/runs/SEMRUN-354ccb9dc1023a0bd420d48f/inputs-inspector/TOBS-SEM-3669535243e9ee318df0502f.json	data/curacion-registro/ejecucion-semantica/runs/SEMRUN-354ccb9dc1023a0bd420d48f/reportes-neutrales/TOBS-SEM-3669535243e9ee318df0502f.json	data/curacion-registro/ejecucion-semantica/runs/SEMRUN-354ccb9dc1023a0bd420d48f/inputs-curador/TCUR-3669535243e9ee318df0502f.json
TOBS-SEM-18fb14c88e975967dd37fe89	REL-6b71873b3adacde57117ad99	N3	NO_DETERMINADO	data/curacion-registro/ejecucion-semantica/runs/SEMRUN-354ccb9dc1023a0bd420d48f/inputs-inspector/TOBS-SEM-18fb14c88e975967dd37fe89.json	data/curacion-registro/ejecucion-semantica/runs/SEMRUN-354ccb9dc1023a0bd420d48f/reportes-neutrales/TOBS-SEM-18fb14c88e975967dd37fe89.json	data/curacion-registro/ejecucion-semantica/runs/SEMRUN-354ccb9dc1023a0bd420d48f/inputs-curador/TCUR-18fb14c88e975967dd37fe89.json
TOBS-SEM-c0927d0bea2dd6d259ba948c	REL-6c15fdac77dea33175ef25c5	N27	NO_DETERMINADO	data/curacion-registro/ejecucion-semantica/runs/SEMRUN-354ccb9dc1023a0bd420d48f/inputs-inspector/TOBS-SEM-c0927d0bea2dd6d259ba948c.json	data/curacion-registro/ejecucion-semantica/runs/SEMRUN-354ccb9dc1023a0bd420d48f/reportes-neutrales/TOBS-SEM-c0927d0bea2dd6d259ba948c.json	data/curacion-registro/ejecucion-semantica/runs/SEMRUN-354ccb9dc1023a0bd420d48f/inputs-curador/TCUR-c0927d0bea2dd6d259ba948c.json
TOBS-SEM-7baf662ad8ba364c5ad5f3f8	REL-6c97fe0c5cb528557054a838	N3	NO_DETERMINADO	data/curacion-registro/ejecucion-semantica/runs/SEMRUN-354ccb9dc1023a0bd420d48f/inputs-inspector/TOBS-SEM-7baf662ad8ba364c5ad5f3f8.json	data/curacion-registro/ejecucion-semantica/runs/SEMRUN-354ccb9dc1023a0bd420d48f/reportes-neutrales/TOBS-SEM-7baf662ad8ba364c5ad5f3f8.json	data/curacion-registro/ejecucion-semantica/runs/SEMRUN-354ccb9dc1023a0bd420d48f/inputs-curador/TCUR-7baf662ad8ba364c5ad5f3f8.json
TOBS-SEM-dcdbf02c7a18e231c556dca2	REL-6cd9055fa1486b7f8c8c5efa	N5	NO_DETERMINADO	data/curacion-registro/ejecucion-semantica/runs/SEMRUN-354ccb9dc1023a0bd420d48f/inputs-inspector/TOBS-SEM-dcdbf02c7a18e231c556dca2.json	data/curacion-registro/ejecucion-semantica/runs/SEMRUN-354ccb9dc1023a0bd420d48f/reportes-neutrales/TOBS-SEM-dcdbf02c7a18e231c556dca2.json	data/curacion-registro/ejecucion-semantica/runs/SEMRUN-354ccb9dc1023a0bd420d48f/inputs-curador/TCUR-dcdbf02c7a18e231c556dca2.json
TOBS-SEM-0e6bc94a16c16135d25ea664	REL-6e785044dd97d2658a495bb2	N17	NO_DETERMINADO	data/curacion-registro/ejecucion-semantica/runs/SEMRUN-354ccb9dc1023a0bd420d48f/inputs-inspector/TOBS-SEM-0e6bc94a16c16135d25ea664.json	data/curacion-registro/ejecucion-semantica/runs/SEMRUN-354ccb9dc1023a0bd420d48f/reportes-neutrales/TOBS-SEM-0e6bc94a16c16135d25ea664.json	data/curacion-registro/ejecucion-semantica/runs/SEMRUN-354ccb9dc1023a0bd420d48f/inputs-curador/TCUR-0e6bc94a16c16135d25ea664.json
TOBS-SEM-922b2e9c3384d6466cc42f93	REL-6ebc288cb21990e446f70262	N28	NO_DETERMINADO	data/curacion-registro/ejecucion-semantica/runs/SEMRUN-354ccb9dc1023a0bd420d48f/inputs-inspector/TOBS-SEM-922b2e9c3384d6466cc42f93.json	data/curacion-registro/ejecucion-semantica/runs/SEMRUN-354ccb9dc1023a0bd420d48f/reportes-neutrales/TOBS-SEM-922b2e9c3384d6466cc42f93.json	data/curacion-registro/ejecucion-semantica/runs/SEMRUN-354ccb9dc1023a0bd420d48f/inputs-curador/TCUR-922b2e9c3384d6466cc42f93.json
TOBS-SEM-2e89e6e8039851500644f86c	REL-6f1cef5066c5478632ac5045	N18	NO_DETERMINADO	data/curacion-registro/ejecucion-semantica/runs/SEMRUN-354ccb9dc1023a0bd420d48f/inputs-inspector/TOBS-SEM-2e89e6e8039851500644f86c.json	data/curacion-registro/ejecucion-semantica/runs/SEMRUN-354ccb9dc1023a0bd420d48f/reportes-neutrales/TOBS-SEM-2e89e6e8039851500644f86c.json	data/curacion-registro/ejecucion-semantica/runs/SEMRUN-354ccb9dc1023a0bd420d48f/inputs-curador/TCUR-2e89e6e8039851500644f86c.json
TOBS-SEM-2afc594c6bbdaabe79c4052b	REL-71d03c31e21a53076736dfd0	N3	NO_DETERMINADO	data/curacion-registro/ejecucion-semantica/runs/SEMRUN-354ccb9dc1023a0bd420d48f/inputs-inspector/TOBS-SEM-2afc594c6bbdaabe79c4052b.json	data/curacion-registro/ejecucion-semantica/runs/SEMRUN-354ccb9dc1023a0bd420d48f/reportes-neutrales/TOBS-SEM-2afc594c6bbdaabe79c4052b.json	data/curacion-registro/ejecucion-semantica/runs/SEMRUN-354ccb9dc1023a0bd420d48f/inputs-curador/TCUR-2afc594c6bbdaabe79c4052b.json
TOBS-SEM-ce89bad5829d87356038337d	REL-72ff714a3ba6d0bab952e05f	N2	NO_DETERMINADO	data/curacion-registro/ejecucion-semantica/runs/SEMRUN-354ccb9dc1023a0bd420d48f/inputs-inspector/TOBS-SEM-ce89bad5829d87356038337d.json	data/curacion-registro/ejecucion-semantica/runs/SEMRUN-354ccb9dc1023a0bd420d48f/reportes-neutrales/TOBS-SEM-ce89bad5829d87356038337d.json	data/curacion-registro/ejecucion-semantica/runs/SEMRUN-354ccb9dc1023a0bd420d48f/inputs-curador/TCUR-ce89bad5829d87356038337d.json
TOBS-SEM-0cc2dcc09a88442d3ed6f491	REL-75b2ff53a19d8058eba2dbb7	N13	NO_DETERMINADO	data/curacion-registro/ejecucion-semantica/runs/SEMRUN-354ccb9dc1023a0bd420d48f/inputs-inspector/TOBS-SEM-0cc2dcc09a88442d3ed6f491.json	data/curacion-registro/ejecucion-semantica/runs/SEMRUN-354ccb9dc1023a0bd420d48f/reportes-neutrales/TOBS-SEM-0cc2dcc09a88442d3ed6f491.json	data/curacion-registro/ejecucion-semantica/runs/SEMRUN-354ccb9dc1023a0bd420d48f/inputs-curador/TCUR-0cc2dcc09a88442d3ed6f491.json
TOBS-SEM-8efebc75fe46505e8dd50018	REL-75c66af2edc4b79afcb439c3	N6	NO_DETERMINADO	data/curacion-registro/ejecucion-semantica/runs/SEMRUN-354ccb9dc1023a0bd420d48f/inputs-inspector/TOBS-SEM-8efebc75fe46505e8dd50018.json	data/curacion-registro/ejecucion-semantica/runs/SEMRUN-354ccb9dc1023a0bd420d48f/reportes-neutrales/TOBS-SEM-8efebc75fe46505e8dd50018.json	data/curacion-registro/ejecucion-semantica/runs/SEMRUN-354ccb9dc1023a0bd420d48f/inputs-curador/TCUR-8efebc75fe46505e8dd50018.json
TOBS-SEM-96ba340533699c6b8c558b4e	REL-75de72336ada4a506a3b5476	N30	NO_DETERMINADO	data/curacion-registro/ejecucion-semantica/runs/SEMRUN-354ccb9dc1023a0bd420d48f/inputs-inspector/TOBS-SEM-96ba340533699c6b8c558b4e.json	data/curacion-registro/ejecucion-semantica/runs/SEMRUN-354ccb9dc1023a0bd420d48f/reportes-neutrales/TOBS-SEM-96ba340533699c6b8c558b4e.json	data/curacion-registro/ejecucion-semantica/runs/SEMRUN-354ccb9dc1023a0bd420d48f/inputs-curador/TCUR-96ba340533699c6b8c558b4e.json
TOBS-SEM-6669ced48b6249621696bc81	REL-7751c832c7e30e4e4d7603cc	N12	NO_DETERMINADO	data/curacion-registro/ejecucion-semantica/runs/SEMRUN-354ccb9dc1023a0bd420d48f/inputs-inspector/TOBS-SEM-6669ced48b6249621696bc81.json	data/curacion-registro/ejecucion-semantica/runs/SEMRUN-354ccb9dc1023a0bd420d48f/reportes-neutrales/TOBS-SEM-6669ced48b6249621696bc81.json	data/curacion-registro/ejecucion-semantica/runs/SEMRUN-354ccb9dc1023a0bd420d48f/inputs-curador/TCUR-6669ced48b6249621696bc81.json
TOBS-SEM-fd3581cd746da1a56f77ab34	REL-781037a17e27bb2b93e13a63	N27	NO_DETERMINADO	data/curacion-registro/ejecucion-semantica/runs/SEMRUN-354ccb9dc1023a0bd420d48f/inputs-inspector/TOBS-SEM-fd3581cd746da1a56f77ab34.json	data/curacion-registro/ejecucion-semantica/runs/SEMRUN-354ccb9dc1023a0bd420d48f/reportes-neutrales/TOBS-SEM-fd3581cd746da1a56f77ab34.json	data/curacion-registro/ejecucion-semantica/runs/SEMRUN-354ccb9dc1023a0bd420d48f/inputs-curador/TCUR-fd3581cd746da1a56f77ab34.json
TOBS-SEM-1fc6d358ccb7f33668a1e983	REL-7a38c275915e890903752598	N24	NO_DETERMINADO	data/curacion-registro/ejecucion-semantica/runs/SEMRUN-354ccb9dc1023a0bd420d48f/inputs-inspector/TOBS-SEM-1fc6d358ccb7f33668a1e983.json	data/curacion-registro/ejecucion-semantica/runs/SEMRUN-354ccb9dc1023a0bd420d48f/reportes-neutrales/TOBS-SEM-1fc6d358ccb7f33668a1e983.json	data/curacion-registro/ejecucion-semantica/runs/SEMRUN-354ccb9dc1023a0bd420d48f/inputs-curador/TCUR-1fc6d358ccb7f33668a1e983.json
TOBS-SEM-b845751646740957b69ed664	REL-7c92eca186a227ee718864e6	N6	NO_DETERMINADO	data/curacion-registro/ejecucion-semantica/runs/SEMRUN-354ccb9dc1023a0bd420d48f/inputs-inspector/TOBS-SEM-b845751646740957b69ed664.json	data/curacion-registro/ejecucion-semantica/runs/SEMRUN-354ccb9dc1023a0bd420d48f/reportes-neutrales/TOBS-SEM-b845751646740957b69ed664.json	data/curacion-registro/ejecucion-semantica/runs/SEMRUN-354ccb9dc1023a0bd420d48f/inputs-curador/TCUR-b845751646740957b69ed664.json
TOBS-SEM-c93a0ca2e9bcfbbc93712da0	REL-7da283a75f336e409f2ff88d	N30	NO_DETERMINADO	data/curacion-registro/ejecucion-semantica/runs/SEMRUN-354ccb9dc1023a0bd420d48f/inputs-inspector/TOBS-SEM-c93a0ca2e9bcfbbc93712da0.json	data/curacion-registro/ejecucion-semantica/runs/SEMRUN-354ccb9dc1023a0bd420d48f/reportes-neutrales/TOBS-SEM-c93a0ca2e9bcfbbc93712da0.json	data/curacion-registro/ejecucion-semantica/runs/SEMRUN-354ccb9dc1023a0bd420d48f/inputs-curador/TCUR-c93a0ca2e9bcfbbc93712da0.json
TOBS-SEM-75f05bc1c3c751ce6898f1db	REL-7feec534a72e40bdf9b6b393	N19	NO_DETERMINADO	data/curacion-registro/ejecucion-semantica/runs/SEMRUN-354ccb9dc1023a0bd420d48f/inputs-inspector/TOBS-SEM-75f05bc1c3c751ce6898f1db.json	data/curacion-registro/ejecucion-semantica/runs/SEMRUN-354ccb9dc1023a0bd420d48f/reportes-neutrales/TOBS-SEM-75f05bc1c3c751ce6898f1db.json	data/curacion-registro/ejecucion-semantica/runs/SEMRUN-354ccb9dc1023a0bd420d48f/inputs-curador/TCUR-75f05bc1c3c751ce6898f1db.json
TOBS-SEM-97f5b97aaf860cae8ef8d3b3	REL-837d54e76ebe85170870493a	N19	NO_DETERMINADO	data/curacion-registro/ejecucion-semantica/runs/SEMRUN-354ccb9dc1023a0bd420d48f/inputs-inspector/TOBS-SEM-97f5b97aaf860cae8ef8d3b3.json	data/curacion-registro/ejecucion-semantica/runs/SEMRUN-354ccb9dc1023a0bd420d48f/reportes-neutrales/TOBS-SEM-97f5b97aaf860cae8ef8d3b3.json	data/curacion-registro/ejecucion-semantica/runs/SEMRUN-354ccb9dc1023a0bd420d48f/inputs-curador/TCUR-97f5b97aaf860cae8ef8d3b3.json
TOBS-SEM-52463210d7eeb32c9eee8bbf	REL-845a93bc24990147a394f897	N2	NO_DETERMINADO	data/curacion-registro/ejecucion-semantica/runs/SEMRUN-354ccb9dc1023a0bd420d48f/inputs-inspector/TOBS-SEM-52463210d7eeb32c9eee8bbf.json	data/curacion-registro/ejecucion-semantica/runs/SEMRUN-354ccb9dc1023a0bd420d48f/reportes-neutrales/TOBS-SEM-52463210d7eeb32c9eee8bbf.json	data/curacion-registro/ejecucion-semantica/runs/SEMRUN-354ccb9dc1023a0bd420d48f/inputs-curador/TCUR-52463210d7eeb32c9eee8bbf.json
TOBS-SEM-498db14e3698b86d3b8fd854	REL-87b4ab08a7e1b65f965ffb88	N29	NO_DETERMINADO	data/curacion-registro/ejecucion-semantica/runs/SEMRUN-354ccb9dc1023a0bd420d48f/inputs-inspector/TOBS-SEM-498db14e3698b86d3b8fd854.json	data/curacion-registro/ejecucion-semantica/runs/SEMRUN-354ccb9dc1023a0bd420d48f/reportes-neutrales/TOBS-SEM-498db14e3698b86d3b8fd854.json	data/curacion-registro/ejecucion-semantica/runs/SEMRUN-354ccb9dc1023a0bd420d48f/inputs-curador/TCUR-498db14e3698b86d3b8fd854.json
TOBS-SEM-ebbc81083e49e2be1b5f5f98	REL-894b3c5025557df7ef942f2a	N13	NO_DETERMINADO	data/curacion-registro/ejecucion-semantica/runs/SEMRUN-354ccb9dc1023a0bd420d48f/inputs-inspector/TOBS-SEM-ebbc81083e49e2be1b5f5f98.json	data/curacion-registro/ejecucion-semantica/runs/SEMRUN-354ccb9dc1023a0bd420d48f/reportes-neutrales/TOBS-SEM-ebbc81083e49e2be1b5f5f98.json	data/curacion-registro/ejecucion-semantica/runs/SEMRUN-354ccb9dc1023a0bd420d48f/inputs-curador/TCUR-ebbc81083e49e2be1b5f5f98.json
TOBS-SEM-5f9f488ccf92800375ddd137	REL-89b5a730c80b52245609d460	N12	NO_DETERMINADO	data/curacion-registro/ejecucion-semantica/runs/SEMRUN-354ccb9dc1023a0bd420d48f/inputs-inspector/TOBS-SEM-5f9f488ccf92800375ddd137.json	data/curacion-registro/ejecucion-semantica/runs/SEMRUN-354ccb9dc1023a0bd420d48f/reportes-neutrales/TOBS-SEM-5f9f488ccf92800375ddd137.json	data/curacion-registro/ejecucion-semantica/runs/SEMRUN-354ccb9dc1023a0bd420d48f/inputs-curador/TCUR-5f9f488ccf92800375ddd137.json
TOBS-SEM-9f595eb21acbf73c87aae864	REL-8b5abcdb9a618f64c2639477	N25	NO_DETERMINADO	data/curacion-registro/ejecucion-semantica/runs/SEMRUN-354ccb9dc1023a0bd420d48f/inputs-inspector/TOBS-SEM-9f595eb21acbf73c87aae864.json	data/curacion-registro/ejecucion-semantica/runs/SEMRUN-354ccb9dc1023a0bd420d48f/reportes-neutrales/TOBS-SEM-9f595eb21acbf73c87aae864.json	data/curacion-registro/ejecucion-semantica/runs/SEMRUN-354ccb9dc1023a0bd420d48f/inputs-curador/TCUR-9f595eb21acbf73c87aae864.json
TOBS-SEM-e6713155b4e615bd21e9e286	REL-8b8dd24f3edbc5fd0b11d4a4	N19	NO_DETERMINADO	data/curacion-registro/ejecucion-semantica/runs/SEMRUN-354ccb9dc1023a0bd420d48f/inputs-inspector/TOBS-SEM-e6713155b4e615bd21e9e286.json	data/curacion-registro/ejecucion-semantica/runs/SEMRUN-354ccb9dc1023a0bd420d48f/reportes-neutrales/TOBS-SEM-e6713155b4e615bd21e9e286.json	data/curacion-registro/ejecucion-semantica/runs/SEMRUN-354ccb9dc1023a0bd420d48f/inputs-curador/TCUR-e6713155b4e615bd21e9e286.json
TOBS-SEM-1a49ac4026e27ed901489468	REL-8d2952203ec3678f3bd0c473	N30	NO_DETERMINADO	data/curacion-registro/ejecucion-semantica/runs/SEMRUN-354ccb9dc1023a0bd420d48f/inputs-inspector/TOBS-SEM-1a49ac4026e27ed901489468.json	data/curacion-registro/ejecucion-semantica/runs/SEMRUN-354ccb9dc1023a0bd420d48f/reportes-neutrales/TOBS-SEM-1a49ac4026e27ed901489468.json	data/curacion-registro/ejecucion-semantica/runs/SEMRUN-354ccb9dc1023a0bd420d48f/inputs-curador/TCUR-1a49ac4026e27ed901489468.json
TOBS-SEM-0984cd636391d2e5c647dfb0	REL-8d5ee427f92ae19be789b8d6	N27	NO_DETERMINADO	data/curacion-registro/ejecucion-semantica/runs/SEMRUN-354ccb9dc1023a0bd420d48f/inputs-inspector/TOBS-SEM-0984cd636391d2e5c647dfb0.json	data/curacion-registro/ejecucion-semantica/runs/SEMRUN-354ccb9dc1023a0bd420d48f/reportes-neutrales/TOBS-SEM-0984cd636391d2e5c647dfb0.json	data/curacion-registro/ejecucion-semantica/runs/SEMRUN-354ccb9dc1023a0bd420d48f/inputs-curador/TCUR-0984cd636391d2e5c647dfb0.json
TOBS-SEM-97a6f8b693c267e3e06aa995	REL-8da82cf2f91efb7fe1958467	N15	NO_DETERMINADO	data/curacion-registro/ejecucion-semantica/runs/SEMRUN-354ccb9dc1023a0bd420d48f/inputs-inspector/TOBS-SEM-97a6f8b693c267e3e06aa995.json	data/curacion-registro/ejecucion-semantica/runs/SEMRUN-354ccb9dc1023a0bd420d48f/reportes-neutrales/TOBS-SEM-97a6f8b693c267e3e06aa995.json	data/curacion-registro/ejecucion-semantica/runs/SEMRUN-354ccb9dc1023a0bd420d48f/inputs-curador/TCUR-97a6f8b693c267e3e06aa995.json
TOBS-SEM-48df4f52c797311cffda3906	REL-8f6cc360dac1c16f2ea6c7ea	N17	NO_DETERMINADO	data/curacion-registro/ejecucion-semantica/runs/SEMRUN-354ccb9dc1023a0bd420d48f/inputs-inspector/TOBS-SEM-48df4f52c797311cffda3906.json	data/curacion-registro/ejecucion-semantica/runs/SEMRUN-354ccb9dc1023a0bd420d48f/reportes-neutrales/TOBS-SEM-48df4f52c797311cffda3906.json	data/curacion-registro/ejecucion-semantica/runs/SEMRUN-354ccb9dc1023a0bd420d48f/inputs-curador/TCUR-48df4f52c797311cffda3906.json
TOBS-SEM-939f3aa39a8855ab203dc599	REL-928de62ad3c403adf193bfc4	N20	NO_DETERMINADO	data/curacion-registro/ejecucion-semantica/runs/SEMRUN-354ccb9dc1023a0bd420d48f/inputs-inspector/TOBS-SEM-939f3aa39a8855ab203dc599.json	data/curacion-registro/ejecucion-semantica/runs/SEMRUN-354ccb9dc1023a0bd420d48f/reportes-neutrales/TOBS-SEM-939f3aa39a8855ab203dc599.json	data/curacion-registro/ejecucion-semantica/runs/SEMRUN-354ccb9dc1023a0bd420d48f/inputs-curador/TCUR-939f3aa39a8855ab203dc599.json
TOBS-SEM-b522581a3dec61247ee96e17	REL-987f01cb468fa0b51b2dffc6	N4	NO_DETERMINADO	data/curacion-registro/ejecucion-semantica/runs/SEMRUN-354ccb9dc1023a0bd420d48f/inputs-inspector/TOBS-SEM-b522581a3dec61247ee96e17.json	data/curacion-registro/ejecucion-semantica/runs/SEMRUN-354ccb9dc1023a0bd420d48f/reportes-neutrales/TOBS-SEM-b522581a3dec61247ee96e17.json	data/curacion-registro/ejecucion-semantica/runs/SEMRUN-354ccb9dc1023a0bd420d48f/inputs-curador/TCUR-b522581a3dec61247ee96e17.json
TOBS-SEM-51a0096e8031fcc2ada42c06	REL-99525527adc1ae5960ac2055	N27	NO_DETERMINADO	data/curacion-registro/ejecucion-semantica/runs/SEMRUN-354ccb9dc1023a0bd420d48f/inputs-inspector/TOBS-SEM-51a0096e8031fcc2ada42c06.json	data/curacion-registro/ejecucion-semantica/runs/SEMRUN-354ccb9dc1023a0bd420d48f/reportes-neutrales/TOBS-SEM-51a0096e8031fcc2ada42c06.json	data/curacion-registro/ejecucion-semantica/runs/SEMRUN-354ccb9dc1023a0bd420d48f/inputs-curador/TCUR-51a0096e8031fcc2ada42c06.json
TOBS-SEM-06c6026245c8cd27120db435	REL-9ccac3c7a04b0040d317efb7	N27	NO_DETERMINADO	data/curacion-registro/ejecucion-semantica/runs/SEMRUN-354ccb9dc1023a0bd420d48f/inputs-inspector/TOBS-SEM-06c6026245c8cd27120db435.json	data/curacion-registro/ejecucion-semantica/runs/SEMRUN-354ccb9dc1023a0bd420d48f/reportes-neutrales/TOBS-SEM-06c6026245c8cd27120db435.json	data/curacion-registro/ejecucion-semantica/runs/SEMRUN-354ccb9dc1023a0bd420d48f/inputs-curador/TCUR-06c6026245c8cd27120db435.json
TOBS-SEM-24ca81c50341d1dd036867b6	REL-9dfab617c356df5594575a3c	N12	NO_DETERMINADO	data/curacion-registro/ejecucion-semantica/runs/SEMRUN-354ccb9dc1023a0bd420d48f/inputs-inspector/TOBS-SEM-24ca81c50341d1dd036867b6.json	data/curacion-registro/ejecucion-semantica/runs/SEMRUN-354ccb9dc1023a0bd420d48f/reportes-neutrales/TOBS-SEM-24ca81c50341d1dd036867b6.json	data/curacion-registro/ejecucion-semantica/runs/SEMRUN-354ccb9dc1023a0bd420d48f/inputs-curador/TCUR-24ca81c50341d1dd036867b6.json
TOBS-SEM-1d17b3a8add1d87ba8aed92b	REL-a63dce9852d52046595e28f0	N12	NO_DETERMINADO	data/curacion-registro/ejecucion-semantica/runs/SEMRUN-354ccb9dc1023a0bd420d48f/inputs-inspector/TOBS-SEM-1d17b3a8add1d87ba8aed92b.json	data/curacion-registro/ejecucion-semantica/runs/SEMRUN-354ccb9dc1023a0bd420d48f/reportes-neutrales/TOBS-SEM-1d17b3a8add1d87ba8aed92b.json	data/curacion-registro/ejecucion-semantica/runs/SEMRUN-354ccb9dc1023a0bd420d48f/inputs-curador/TCUR-1d17b3a8add1d87ba8aed92b.json
TOBS-SEM-1aef57dff356cf0c7dabff27	REL-a750d90d3d9e1e19938fa8c4	N12	NO_DETERMINADO	data/curacion-registro/ejecucion-semantica/runs/SEMRUN-354ccb9dc1023a0bd420d48f/inputs-inspector/TOBS-SEM-1aef57dff356cf0c7dabff27.json	data/curacion-registro/ejecucion-semantica/runs/SEMRUN-354ccb9dc1023a0bd420d48f/reportes-neutrales/TOBS-SEM-1aef57dff356cf0c7dabff27.json	data/curacion-registro/ejecucion-semantica/runs/SEMRUN-354ccb9dc1023a0bd420d48f/inputs-curador/TCUR-1aef57dff356cf0c7dabff27.json
TOBS-SEM-fa6f610cb3bbe49bfc45e05f	REL-a8d0e6223c2d79b63a90b4f5	N27	NO_DETERMINADO	data/curacion-registro/ejecucion-semantica/runs/SEMRUN-354ccb9dc1023a0bd420d48f/inputs-inspector/TOBS-SEM-fa6f610cb3bbe49bfc45e05f.json	data/curacion-registro/ejecucion-semantica/runs/SEMRUN-354ccb9dc1023a0bd420d48f/reportes-neutrales/TOBS-SEM-fa6f610cb3bbe49bfc45e05f.json	data/curacion-registro/ejecucion-semantica/runs/SEMRUN-354ccb9dc1023a0bd420d48f/inputs-curador/TCUR-fa6f610cb3bbe49bfc45e05f.json
TOBS-SEM-277b279fc394b3aba4b63673	REL-aaf9d3c2e0d9b3d294df4840	N19	NO_DETERMINADO	data/curacion-registro/ejecucion-semantica/runs/SEMRUN-354ccb9dc1023a0bd420d48f/inputs-inspector/TOBS-SEM-277b279fc394b3aba4b63673.json	data/curacion-registro/ejecucion-semantica/runs/SEMRUN-354ccb9dc1023a0bd420d48f/reportes-neutrales/TOBS-SEM-277b279fc394b3aba4b63673.json	data/curacion-registro/ejecucion-semantica/runs/SEMRUN-354ccb9dc1023a0bd420d48f/inputs-curador/TCUR-277b279fc394b3aba4b63673.json
TOBS-SEM-191fa324b0e3df001f1aa3fe	REL-abd2650bcf443274eb467a60	N23	NO_DETERMINADO	data/curacion-registro/ejecucion-semantica/runs/SEMRUN-354ccb9dc1023a0bd420d48f/inputs-inspector/TOBS-SEM-191fa324b0e3df001f1aa3fe.json	data/curacion-registro/ejecucion-semantica/runs/SEMRUN-354ccb9dc1023a0bd420d48f/reportes-neutrales/TOBS-SEM-191fa324b0e3df001f1aa3fe.json	data/curacion-registro/ejecucion-semantica/runs/SEMRUN-354ccb9dc1023a0bd420d48f/inputs-curador/TCUR-191fa324b0e3df001f1aa3fe.json
TOBS-SEM-8bec8cdf4e68317ff2c0221a	REL-b034b04e9ba040bd02e39b8b	N14	NO_DETERMINADO	data/curacion-registro/ejecucion-semantica/runs/SEMRUN-354ccb9dc1023a0bd420d48f/inputs-inspector/TOBS-SEM-8bec8cdf4e68317ff2c0221a.json	data/curacion-registro/ejecucion-semantica/runs/SEMRUN-354ccb9dc1023a0bd420d48f/reportes-neutrales/TOBS-SEM-8bec8cdf4e68317ff2c0221a.json	data/curacion-registro/ejecucion-semantica/runs/SEMRUN-354ccb9dc1023a0bd420d48f/inputs-curador/TCUR-8bec8cdf4e68317ff2c0221a.json
TOBS-SEM-cc5e3fdbd98ba9f00c9deb7f	REL-b8a1bd303f0aac03e3b1bdd7	N4	NO_DETERMINADO	data/curacion-registro/ejecucion-semantica/runs/SEMRUN-354ccb9dc1023a0bd420d48f/inputs-inspector/TOBS-SEM-cc5e3fdbd98ba9f00c9deb7f.json	data/curacion-registro/ejecucion-semantica/runs/SEMRUN-354ccb9dc1023a0bd420d48f/reportes-neutrales/TOBS-SEM-cc5e3fdbd98ba9f00c9deb7f.json	data/curacion-registro/ejecucion-semantica/runs/SEMRUN-354ccb9dc1023a0bd420d48f/inputs-curador/TCUR-cc5e3fdbd98ba9f00c9deb7f.json
TOBS-SEM-75c2e32f4ee994e46217df03	REL-bb570a7a7c72c881de31f75d	N25	NO_DETERMINADO	data/curacion-registro/ejecucion-semantica/runs/SEMRUN-354ccb9dc1023a0bd420d48f/inputs-inspector/TOBS-SEM-75c2e32f4ee994e46217df03.json	data/curacion-registro/ejecucion-semantica/runs/SEMRUN-354ccb9dc1023a0bd420d48f/reportes-neutrales/TOBS-SEM-75c2e32f4ee994e46217df03.json	data/curacion-registro/ejecucion-semantica/runs/SEMRUN-354ccb9dc1023a0bd420d48f/inputs-curador/TCUR-75c2e32f4ee994e46217df03.json
TOBS-SEM-5211d9cddf15a8eafed6c87a	REL-be38af5d3d025cfda97775c1	N27	NO_DETERMINADO	data/curacion-registro/ejecucion-semantica/runs/SEMRUN-354ccb9dc1023a0bd420d48f/inputs-inspector/TOBS-SEM-5211d9cddf15a8eafed6c87a.json	data/curacion-registro/ejecucion-semantica/runs/SEMRUN-354ccb9dc1023a0bd420d48f/reportes-neutrales/TOBS-SEM-5211d9cddf15a8eafed6c87a.json	data/curacion-registro/ejecucion-semantica/runs/SEMRUN-354ccb9dc1023a0bd420d48f/inputs-curador/TCUR-5211d9cddf15a8eafed6c87a.json
TOBS-SEM-405ac49148a2b472dc0765c2	REL-c065ff3c4b02af2b359a6a40	N14	NO_DETERMINADO	data/curacion-registro/ejecucion-semantica/runs/SEMRUN-354ccb9dc1023a0bd420d48f/inputs-inspector/TOBS-SEM-405ac49148a2b472dc0765c2.json	data/curacion-registro/ejecucion-semantica/runs/SEMRUN-354ccb9dc1023a0bd420d48f/reportes-neutrales/TOBS-SEM-405ac49148a2b472dc0765c2.json	data/curacion-registro/ejecucion-semantica/runs/SEMRUN-354ccb9dc1023a0bd420d48f/inputs-curador/TCUR-405ac49148a2b472dc0765c2.json
TOBS-SEM-3c87404291e3fd010df2fa91	REL-c0ffdbcc616f342880df820a	N26	NO_DETERMINADO	data/curacion-registro/ejecucion-semantica/runs/SEMRUN-354ccb9dc1023a0bd420d48f/inputs-inspector/TOBS-SEM-3c87404291e3fd010df2fa91.json	data/curacion-registro/ejecucion-semantica/runs/SEMRUN-354ccb9dc1023a0bd420d48f/reportes-neutrales/TOBS-SEM-3c87404291e3fd010df2fa91.json	data/curacion-registro/ejecucion-semantica/runs/SEMRUN-354ccb9dc1023a0bd420d48f/inputs-curador/TCUR-3c87404291e3fd010df2fa91.json
TOBS-SEM-d514d958d30ab3e514cffd9f	REL-c3e1306bb304b019d0a94e4b	N14	NO_DETERMINADO	data/curacion-registro/ejecucion-semantica/runs/SEMRUN-354ccb9dc1023a0bd420d48f/inputs-inspector/TOBS-SEM-d514d958d30ab3e514cffd9f.json	data/curacion-registro/ejecucion-semantica/runs/SEMRUN-354ccb9dc1023a0bd420d48f/reportes-neutrales/TOBS-SEM-d514d958d30ab3e514cffd9f.json	data/curacion-registro/ejecucion-semantica/runs/SEMRUN-354ccb9dc1023a0bd420d48f/inputs-curador/TCUR-d514d958d30ab3e514cffd9f.json
TOBS-SEM-0bdd43331347c0e7a4a85107	REL-c59edf3fce0cc17066bed9ee	N25	NO_DETERMINADO	data/curacion-registro/ejecucion-semantica/runs/SEMRUN-354ccb9dc1023a0bd420d48f/inputs-inspector/TOBS-SEM-0bdd43331347c0e7a4a85107.json	data/curacion-registro/ejecucion-semantica/runs/SEMRUN-354ccb9dc1023a0bd420d48f/reportes-neutrales/TOBS-SEM-0bdd43331347c0e7a4a85107.json	data/curacion-registro/ejecucion-semantica/runs/SEMRUN-354ccb9dc1023a0bd420d48f/inputs-curador/TCUR-0bdd43331347c0e7a4a85107.json
TOBS-SEM-62eecdbd86a466771ad58b2e	REL-c6870668d94d02dded8c4126	N31	NO_DETERMINADO	data/curacion-registro/ejecucion-semantica/runs/SEMRUN-354ccb9dc1023a0bd420d48f/inputs-inspector/TOBS-SEM-62eecdbd86a466771ad58b2e.json	data/curacion-registro/ejecucion-semantica/runs/SEMRUN-354ccb9dc1023a0bd420d48f/reportes-neutrales/TOBS-SEM-62eecdbd86a466771ad58b2e.json	data/curacion-registro/ejecucion-semantica/runs/SEMRUN-354ccb9dc1023a0bd420d48f/inputs-curador/TCUR-62eecdbd86a466771ad58b2e.json
TOBS-SEM-4da3c96bdd885aa41809e8b9	REL-c72dd30027c28df4603464d5	N15	NO_DETERMINADO	data/curacion-registro/ejecucion-semantica/runs/SEMRUN-354ccb9dc1023a0bd420d48f/inputs-inspector/TOBS-SEM-4da3c96bdd885aa41809e8b9.json	data/curacion-registro/ejecucion-semantica/runs/SEMRUN-354ccb9dc1023a0bd420d48f/reportes-neutrales/TOBS-SEM-4da3c96bdd885aa41809e8b9.json	data/curacion-registro/ejecucion-semantica/runs/SEMRUN-354ccb9dc1023a0bd420d48f/inputs-curador/TCUR-4da3c96bdd885aa41809e8b9.json
TOBS-SEM-4989def735c2d8e7a015ff7b	REL-c9a73bd2a8258784f9f08ea8	N3	NO_DETERMINADO	data/curacion-registro/ejecucion-semantica/runs/SEMRUN-354ccb9dc1023a0bd420d48f/inputs-inspector/TOBS-SEM-4989def735c2d8e7a015ff7b.json	data/curacion-registro/ejecucion-semantica/runs/SEMRUN-354ccb9dc1023a0bd420d48f/reportes-neutrales/TOBS-SEM-4989def735c2d8e7a015ff7b.json	data/curacion-registro/ejecucion-semantica/runs/SEMRUN-354ccb9dc1023a0bd420d48f/inputs-curador/TCUR-4989def735c2d8e7a015ff7b.json
TOBS-SEM-47b3d1ff0ef31288f235b2de	REL-ca5ecbdfd4be3728df0e509f	N5	NO_DETERMINADO	data/curacion-registro/ejecucion-semantica/runs/SEMRUN-354ccb9dc1023a0bd420d48f/inputs-inspector/TOBS-SEM-47b3d1ff0ef31288f235b2de.json	data/curacion-registro/ejecucion-semantica/runs/SEMRUN-354ccb9dc1023a0bd420d48f/reportes-neutrales/TOBS-SEM-47b3d1ff0ef31288f235b2de.json	data/curacion-registro/ejecucion-semantica/runs/SEMRUN-354ccb9dc1023a0bd420d48f/inputs-curador/TCUR-47b3d1ff0ef31288f235b2de.json
TOBS-SEM-944c4ecb0ada0b70c1e85973	REL-cc6596882b8f135c946ad0f4	N30	NO_DETERMINADO	data/curacion-registro/ejecucion-semantica/runs/SEMRUN-354ccb9dc1023a0bd420d48f/inputs-inspector/TOBS-SEM-944c4ecb0ada0b70c1e85973.json	data/curacion-registro/ejecucion-semantica/runs/SEMRUN-354ccb9dc1023a0bd420d48f/reportes-neutrales/TOBS-SEM-944c4ecb0ada0b70c1e85973.json	data/curacion-registro/ejecucion-semantica/runs/SEMRUN-354ccb9dc1023a0bd420d48f/inputs-curador/TCUR-944c4ecb0ada0b70c1e85973.json
TOBS-SEM-5786d01b96f19625781608ff	REL-cd0d1c5fd7e85418603c73cd	N13	NO_DETERMINADO	data/curacion-registro/ejecucion-semantica/runs/SEMRUN-354ccb9dc1023a0bd420d48f/inputs-inspector/TOBS-SEM-5786d01b96f19625781608ff.json	data/curacion-registro/ejecucion-semantica/runs/SEMRUN-354ccb9dc1023a0bd420d48f/reportes-neutrales/TOBS-SEM-5786d01b96f19625781608ff.json	data/curacion-registro/ejecucion-semantica/runs/SEMRUN-354ccb9dc1023a0bd420d48f/inputs-curador/TCUR-5786d01b96f19625781608ff.json
TOBS-SEM-0a4b4f9fe3338b76fd4498d9	REL-cf53a5e4bf5bf666390fa543	N6	NO_DETERMINADO	data/curacion-registro/ejecucion-semantica/runs/SEMRUN-354ccb9dc1023a0bd420d48f/inputs-inspector/TOBS-SEM-0a4b4f9fe3338b76fd4498d9.json	data/curacion-registro/ejecucion-semantica/runs/SEMRUN-354ccb9dc1023a0bd420d48f/reportes-neutrales/TOBS-SEM-0a4b4f9fe3338b76fd4498d9.json	data/curacion-registro/ejecucion-semantica/runs/SEMRUN-354ccb9dc1023a0bd420d48f/inputs-curador/TCUR-0a4b4f9fe3338b76fd4498d9.json
TOBS-SEM-f0d04dcf58fab5e70f92fba7	REL-cf8f5979c73cdbe59cfaf5fd	N1	NO_DETERMINADO	data/curacion-registro/ejecucion-semantica/runs/SEMRUN-354ccb9dc1023a0bd420d48f/inputs-inspector/TOBS-SEM-f0d04dcf58fab5e70f92fba7.json	data/curacion-registro/ejecucion-semantica/runs/SEMRUN-354ccb9dc1023a0bd420d48f/reportes-neutrales/TOBS-SEM-f0d04dcf58fab5e70f92fba7.json	data/curacion-registro/ejecucion-semantica/runs/SEMRUN-354ccb9dc1023a0bd420d48f/inputs-curador/TCUR-f0d04dcf58fab5e70f92fba7.json
TOBS-SEM-9ed8411365fe2fb663697000	REL-d630dc1ea394364e53631401	N13	NO_DETERMINADO	data/curacion-registro/ejecucion-semantica/runs/SEMRUN-354ccb9dc1023a0bd420d48f/inputs-inspector/TOBS-SEM-9ed8411365fe2fb663697000.json	data/curacion-registro/ejecucion-semantica/runs/SEMRUN-354ccb9dc1023a0bd420d48f/reportes-neutrales/TOBS-SEM-9ed8411365fe2fb663697000.json	data/curacion-registro/ejecucion-semantica/runs/SEMRUN-354ccb9dc1023a0bd420d48f/inputs-curador/TCUR-9ed8411365fe2fb663697000.json
TOBS-SEM-927f614b030359d6a7f4248b	REL-d67770c443936b1d84304513	N19	NO_DETERMINADO	data/curacion-registro/ejecucion-semantica/runs/SEMRUN-354ccb9dc1023a0bd420d48f/inputs-inspector/TOBS-SEM-927f614b030359d6a7f4248b.json	data/curacion-registro/ejecucion-semantica/runs/SEMRUN-354ccb9dc1023a0bd420d48f/reportes-neutrales/TOBS-SEM-927f614b030359d6a7f4248b.json	data/curacion-registro/ejecucion-semantica/runs/SEMRUN-354ccb9dc1023a0bd420d48f/inputs-curador/TCUR-927f614b030359d6a7f4248b.json
TOBS-SEM-3b33a263f48eda81649d760e	REL-d7d327e72f466b970d040e81	N5	NO_DETERMINADO	data/curacion-registro/ejecucion-semantica/runs/SEMRUN-354ccb9dc1023a0bd420d48f/inputs-inspector/TOBS-SEM-3b33a263f48eda81649d760e.json	data/curacion-registro/ejecucion-semantica/runs/SEMRUN-354ccb9dc1023a0bd420d48f/reportes-neutrales/TOBS-SEM-3b33a263f48eda81649d760e.json	data/curacion-registro/ejecucion-semantica/runs/SEMRUN-354ccb9dc1023a0bd420d48f/inputs-curador/TCUR-3b33a263f48eda81649d760e.json
TOBS-SEM-ec1c75f94e5e0359a7510eea	REL-d82eb6cef055001e7587db31	N2	NO_DETERMINADO	data/curacion-registro/ejecucion-semantica/runs/SEMRUN-354ccb9dc1023a0bd420d48f/inputs-inspector/TOBS-SEM-ec1c75f94e5e0359a7510eea.json	data/curacion-registro/ejecucion-semantica/runs/SEMRUN-354ccb9dc1023a0bd420d48f/reportes-neutrales/TOBS-SEM-ec1c75f94e5e0359a7510eea.json	data/curacion-registro/ejecucion-semantica/runs/SEMRUN-354ccb9dc1023a0bd420d48f/inputs-curador/TCUR-ec1c75f94e5e0359a7510eea.json
TOBS-SEM-fbe1329c7b1664d0e21e8788	REL-da62a7c3cdb80080258aa148	N11	NO_DETERMINADO	data/curacion-registro/ejecucion-semantica/runs/SEMRUN-354ccb9dc1023a0bd420d48f/inputs-inspector/TOBS-SEM-fbe1329c7b1664d0e21e8788.json	data/curacion-registro/ejecucion-semantica/runs/SEMRUN-354ccb9dc1023a0bd420d48f/reportes-neutrales/TOBS-SEM-fbe1329c7b1664d0e21e8788.json	data/curacion-registro/ejecucion-semantica/runs/SEMRUN-354ccb9dc1023a0bd420d48f/inputs-curador/TCUR-fbe1329c7b1664d0e21e8788.json
TOBS-SEM-ea41fbae11a4da76ce899f9e	REL-dc5971db0730ed2876fdb5b3	N23	NO_DETERMINADO	data/curacion-registro/ejecucion-semantica/runs/SEMRUN-354ccb9dc1023a0bd420d48f/inputs-inspector/TOBS-SEM-ea41fbae11a4da76ce899f9e.json	data/curacion-registro/ejecucion-semantica/runs/SEMRUN-354ccb9dc1023a0bd420d48f/reportes-neutrales/TOBS-SEM-ea41fbae11a4da76ce899f9e.json	data/curacion-registro/ejecucion-semantica/runs/SEMRUN-354ccb9dc1023a0bd420d48f/inputs-curador/TCUR-ea41fbae11a4da76ce899f9e.json
TOBS-SEM-4ce5ae71f317b2de47ec1547	REL-dd07107a27bb1a5682a22176	N7	NO_DETERMINADO	data/curacion-registro/ejecucion-semantica/runs/SEMRUN-354ccb9dc1023a0bd420d48f/inputs-inspector/TOBS-SEM-4ce5ae71f317b2de47ec1547.json	data/curacion-registro/ejecucion-semantica/runs/SEMRUN-354ccb9dc1023a0bd420d48f/reportes-neutrales/TOBS-SEM-4ce5ae71f317b2de47ec1547.json	data/curacion-registro/ejecucion-semantica/runs/SEMRUN-354ccb9dc1023a0bd420d48f/inputs-curador/TCUR-4ce5ae71f317b2de47ec1547.json
TOBS-SEM-3831d4c2a43ceb1cb3ec2f12	REL-ddc381f55d9879a6629a14d4	N27	NO_DETERMINADO	data/curacion-registro/ejecucion-semantica/runs/SEMRUN-354ccb9dc1023a0bd420d48f/inputs-inspector/TOBS-SEM-3831d4c2a43ceb1cb3ec2f12.json	data/curacion-registro/ejecucion-semantica/runs/SEMRUN-354ccb9dc1023a0bd420d48f/reportes-neutrales/TOBS-SEM-3831d4c2a43ceb1cb3ec2f12.json	data/curacion-registro/ejecucion-semantica/runs/SEMRUN-354ccb9dc1023a0bd420d48f/inputs-curador/TCUR-3831d4c2a43ceb1cb3ec2f12.json
TOBS-SEM-617cb6705a958cc442a7ba1a	REL-de059d547843c8fefa01197a	N25	NO_DETERMINADO	data/curacion-registro/ejecucion-semantica/runs/SEMRUN-354ccb9dc1023a0bd420d48f/inputs-inspector/TOBS-SEM-617cb6705a958cc442a7ba1a.json	data/curacion-registro/ejecucion-semantica/runs/SEMRUN-354ccb9dc1023a0bd420d48f/reportes-neutrales/TOBS-SEM-617cb6705a958cc442a7ba1a.json	data/curacion-registro/ejecucion-semantica/runs/SEMRUN-354ccb9dc1023a0bd420d48f/inputs-curador/TCUR-617cb6705a958cc442a7ba1a.json
TOBS-SEM-8e0fbca7714f4a96adbf8778	REL-e10120bebb9ed07d210a3a86	N28	NO_DETERMINADO	data/curacion-registro/ejecucion-semantica/runs/SEMRUN-354ccb9dc1023a0bd420d48f/inputs-inspector/TOBS-SEM-8e0fbca7714f4a96adbf8778.json	data/curacion-registro/ejecucion-semantica/runs/SEMRUN-354ccb9dc1023a0bd420d48f/reportes-neutrales/TOBS-SEM-8e0fbca7714f4a96adbf8778.json	data/curacion-registro/ejecucion-semantica/runs/SEMRUN-354ccb9dc1023a0bd420d48f/inputs-curador/TCUR-8e0fbca7714f4a96adbf8778.json
TOBS-SEM-a7e4abba49020d2232feb785	REL-e2371e6b0d421f30c496d3da	N22	NO_DETERMINADO	data/curacion-registro/ejecucion-semantica/runs/SEMRUN-354ccb9dc1023a0bd420d48f/inputs-inspector/TOBS-SEM-a7e4abba49020d2232feb785.json	data/curacion-registro/ejecucion-semantica/runs/SEMRUN-354ccb9dc1023a0bd420d48f/reportes-neutrales/TOBS-SEM-a7e4abba49020d2232feb785.json	data/curacion-registro/ejecucion-semantica/runs/SEMRUN-354ccb9dc1023a0bd420d48f/inputs-curador/TCUR-a7e4abba49020d2232feb785.json
TOBS-SEM-df52f5f519c8ddcd4f209db4	REL-e247f2d5250d822fb74a0638	N17	NO_DETERMINADO	data/curacion-registro/ejecucion-semantica/runs/SEMRUN-354ccb9dc1023a0bd420d48f/inputs-inspector/TOBS-SEM-df52f5f519c8ddcd4f209db4.json	data/curacion-registro/ejecucion-semantica/runs/SEMRUN-354ccb9dc1023a0bd420d48f/reportes-neutrales/TOBS-SEM-df52f5f519c8ddcd4f209db4.json	data/curacion-registro/ejecucion-semantica/runs/SEMRUN-354ccb9dc1023a0bd420d48f/inputs-curador/TCUR-df52f5f519c8ddcd4f209db4.json
TOBS-SEM-1c59a5117e675eec209a01c9	REL-e74ad11dd79c7485c9704116	N16	NO_DETERMINADO	data/curacion-registro/ejecucion-semantica/runs/SEMRUN-354ccb9dc1023a0bd420d48f/inputs-inspector/TOBS-SEM-1c59a5117e675eec209a01c9.json	data/curacion-registro/ejecucion-semantica/runs/SEMRUN-354ccb9dc1023a0bd420d48f/reportes-neutrales/TOBS-SEM-1c59a5117e675eec209a01c9.json	data/curacion-registro/ejecucion-semantica/runs/SEMRUN-354ccb9dc1023a0bd420d48f/inputs-curador/TCUR-1c59a5117e675eec209a01c9.json
TOBS-SEM-caf2408edd14259fc5037549	REL-e86c10c4e19ea32e57b6a28d	N32	NO_DETERMINADO	data/curacion-registro/ejecucion-semantica/runs/SEMRUN-354ccb9dc1023a0bd420d48f/inputs-inspector/TOBS-SEM-caf2408edd14259fc5037549.json	data/curacion-registro/ejecucion-semantica/runs/SEMRUN-354ccb9dc1023a0bd420d48f/reportes-neutrales/TOBS-SEM-caf2408edd14259fc5037549.json	data/curacion-registro/ejecucion-semantica/runs/SEMRUN-354ccb9dc1023a0bd420d48f/inputs-curador/TCUR-caf2408edd14259fc5037549.json
TOBS-SEM-1c5ec2bd1920714e4a1cb611	REL-e95e26820797a0f55c9246d7	N12	NO_DETERMINADO	data/curacion-registro/ejecucion-semantica/runs/SEMRUN-354ccb9dc1023a0bd420d48f/inputs-inspector/TOBS-SEM-1c5ec2bd1920714e4a1cb611.json	data/curacion-registro/ejecucion-semantica/runs/SEMRUN-354ccb9dc1023a0bd420d48f/reportes-neutrales/TOBS-SEM-1c5ec2bd1920714e4a1cb611.json	data/curacion-registro/ejecucion-semantica/runs/SEMRUN-354ccb9dc1023a0bd420d48f/inputs-curador/TCUR-1c5ec2bd1920714e4a1cb611.json
TOBS-SEM-1f395bbc5ab6343427bd7707	REL-ea0dde2ebf4bd96af8e3e139	N16	NO_DETERMINADO	data/curacion-registro/ejecucion-semantica/runs/SEMRUN-354ccb9dc1023a0bd420d48f/inputs-inspector/TOBS-SEM-1f395bbc5ab6343427bd7707.json	data/curacion-registro/ejecucion-semantica/runs/SEMRUN-354ccb9dc1023a0bd420d48f/reportes-neutrales/TOBS-SEM-1f395bbc5ab6343427bd7707.json	data/curacion-registro/ejecucion-semantica/runs/SEMRUN-354ccb9dc1023a0bd420d48f/inputs-curador/TCUR-1f395bbc5ab6343427bd7707.json
TOBS-SEM-7903598fa491f55ba986b18a	REL-ed3674d93fbcd45914630569	N3	NO_DETERMINADO	data/curacion-registro/ejecucion-semantica/runs/SEMRUN-354ccb9dc1023a0bd420d48f/inputs-inspector/TOBS-SEM-7903598fa491f55ba986b18a.json	data/curacion-registro/ejecucion-semantica/runs/SEMRUN-354ccb9dc1023a0bd420d48f/reportes-neutrales/TOBS-SEM-7903598fa491f55ba986b18a.json	data/curacion-registro/ejecucion-semantica/runs/SEMRUN-354ccb9dc1023a0bd420d48f/inputs-curador/TCUR-7903598fa491f55ba986b18a.json
TOBS-SEM-ae097b727fe5086898bd3367	REL-ee1e829631a8bb7de93bcfd3	N26	NO_DETERMINADO	data/curacion-registro/ejecucion-semantica/runs/SEMRUN-354ccb9dc1023a0bd420d48f/inputs-inspector/TOBS-SEM-ae097b727fe5086898bd3367.json	data/curacion-registro/ejecucion-semantica/runs/SEMRUN-354ccb9dc1023a0bd420d48f/reportes-neutrales/TOBS-SEM-ae097b727fe5086898bd3367.json	data/curacion-registro/ejecucion-semantica/runs/SEMRUN-354ccb9dc1023a0bd420d48f/inputs-curador/TCUR-ae097b727fe5086898bd3367.json
TOBS-SEM-09fa7280afae0967e9298e59	REL-f07a221600f81a075ee85ac8	N30	NO_DETERMINADO	data/curacion-registro/ejecucion-semantica/runs/SEMRUN-354ccb9dc1023a0bd420d48f/inputs-inspector/TOBS-SEM-09fa7280afae0967e9298e59.json	data/curacion-registro/ejecucion-semantica/runs/SEMRUN-354ccb9dc1023a0bd420d48f/reportes-neutrales/TOBS-SEM-09fa7280afae0967e9298e59.json	data/curacion-registro/ejecucion-semantica/runs/SEMRUN-354ccb9dc1023a0bd420d48f/inputs-curador/TCUR-09fa7280afae0967e9298e59.json
TOBS-SEM-d7870d5638d2f65fb56c1187	REL-f09043ef09997adc0bb4a3f2	N15	NO_DETERMINADO	data/curacion-registro/ejecucion-semantica/runs/SEMRUN-354ccb9dc1023a0bd420d48f/inputs-inspector/TOBS-SEM-d7870d5638d2f65fb56c1187.json	data/curacion-registro/ejecucion-semantica/runs/SEMRUN-354ccb9dc1023a0bd420d48f/reportes-neutrales/TOBS-SEM-d7870d5638d2f65fb56c1187.json	data/curacion-registro/ejecucion-semantica/runs/SEMRUN-354ccb9dc1023a0bd420d48f/inputs-curador/TCUR-d7870d5638d2f65fb56c1187.json
TOBS-SEM-72c609edb4c19b295cb35b7b	REL-f0cb8d6fa174935fae071144	N3	NO_DETERMINADO	data/curacion-registro/ejecucion-semantica/runs/SEMRUN-354ccb9dc1023a0bd420d48f/inputs-inspector/TOBS-SEM-72c609edb4c19b295cb35b7b.json	data/curacion-registro/ejecucion-semantica/runs/SEMRUN-354ccb9dc1023a0bd420d48f/reportes-neutrales/TOBS-SEM-72c609edb4c19b295cb35b7b.json	data/curacion-registro/ejecucion-semantica/runs/SEMRUN-354ccb9dc1023a0bd420d48f/inputs-curador/TCUR-72c609edb4c19b295cb35b7b.json
TOBS-SEM-6974fc1119cd0acae5686ce1	REL-f219eb1a0e1b71beb5a36f6f	N30	NO_DETERMINADO	data/curacion-registro/ejecucion-semantica/runs/SEMRUN-354ccb9dc1023a0bd420d48f/inputs-inspector/TOBS-SEM-6974fc1119cd0acae5686ce1.json	data/curacion-registro/ejecucion-semantica/runs/SEMRUN-354ccb9dc1023a0bd420d48f/reportes-neutrales/TOBS-SEM-6974fc1119cd0acae5686ce1.json	data/curacion-registro/ejecucion-semantica/runs/SEMRUN-354ccb9dc1023a0bd420d48f/inputs-curador/TCUR-6974fc1119cd0acae5686ce1.json
TOBS-SEM-bdd090bf8b06bdff4b5b5ffc	REL-f25c37290ef71e21d1d73760	N15	NO_DETERMINADO	data/curacion-registro/ejecucion-semantica/runs/SEMRUN-354ccb9dc1023a0bd420d48f/inputs-inspector/TOBS-SEM-bdd090bf8b06bdff4b5b5ffc.json	data/curacion-registro/ejecucion-semantica/runs/SEMRUN-354ccb9dc1023a0bd420d48f/reportes-neutrales/TOBS-SEM-bdd090bf8b06bdff4b5b5ffc.json	data/curacion-registro/ejecucion-semantica/runs/SEMRUN-354ccb9dc1023a0bd420d48f/inputs-curador/TCUR-bdd090bf8b06bdff4b5b5ffc.json
TOBS-SEM-2f16cf86eebc3a16fe7e15cd	REL-f586d39d7211922886da9f95	N10	NO_DETERMINADO	data/curacion-registro/ejecucion-semantica/runs/SEMRUN-354ccb9dc1023a0bd420d48f/inputs-inspector/TOBS-SEM-2f16cf86eebc3a16fe7e15cd.json	data/curacion-registro/ejecucion-semantica/runs/SEMRUN-354ccb9dc1023a0bd420d48f/reportes-neutrales/TOBS-SEM-2f16cf86eebc3a16fe7e15cd.json	data/curacion-registro/ejecucion-semantica/runs/SEMRUN-354ccb9dc1023a0bd420d48f/inputs-curador/TCUR-2f16cf86eebc3a16fe7e15cd.json
TOBS-SEM-d5eeaddbf8a73f2820bbf9e7	REL-f6d34c22618564c885af98e9	N19	NO_DETERMINADO	data/curacion-registro/ejecucion-semantica/runs/SEMRUN-354ccb9dc1023a0bd420d48f/inputs-inspector/TOBS-SEM-d5eeaddbf8a73f2820bbf9e7.json	data/curacion-registro/ejecucion-semantica/runs/SEMRUN-354ccb9dc1023a0bd420d48f/reportes-neutrales/TOBS-SEM-d5eeaddbf8a73f2820bbf9e7.json	data/curacion-registro/ejecucion-semantica/runs/SEMRUN-354ccb9dc1023a0bd420d48f/inputs-curador/TCUR-d5eeaddbf8a73f2820bbf9e7.json
TOBS-SEM-baf8e36c03cf045a94acb5ed	REL-f721d49d739e759d00a9643b	N8	NO_DETERMINADO	data/curacion-registro/ejecucion-semantica/runs/SEMRUN-354ccb9dc1023a0bd420d48f/inputs-inspector/TOBS-SEM-baf8e36c03cf045a94acb5ed.json	data/curacion-registro/ejecucion-semantica/runs/SEMRUN-354ccb9dc1023a0bd420d48f/reportes-neutrales/TOBS-SEM-baf8e36c03cf045a94acb5ed.json	data/curacion-registro/ejecucion-semantica/runs/SEMRUN-354ccb9dc1023a0bd420d48f/inputs-curador/TCUR-baf8e36c03cf045a94acb5ed.json
TOBS-SEM-f740b8a13b670f4a769675c8	REL-f96e306aefb2bab19baafbcc	N20	NO_DETERMINADO	data/curacion-registro/ejecucion-semantica/runs/SEMRUN-354ccb9dc1023a0bd420d48f/inputs-inspector/TOBS-SEM-f740b8a13b670f4a769675c8.json	data/curacion-registro/ejecucion-semantica/runs/SEMRUN-354ccb9dc1023a0bd420d48f/reportes-neutrales/TOBS-SEM-f740b8a13b670f4a769675c8.json	data/curacion-registro/ejecucion-semantica/runs/SEMRUN-354ccb9dc1023a0bd420d48f/inputs-curador/TCUR-f740b8a13b670f4a769675c8.json
TOBS-SEM-0a7e53f5637ea276eaa99dcb	REL-fb6a1baf579c6521a638b093	N4	NO_DETERMINADO	data/curacion-registro/ejecucion-semantica/runs/SEMRUN-354ccb9dc1023a0bd420d48f/inputs-inspector/TOBS-SEM-0a7e53f5637ea276eaa99dcb.json	data/curacion-registro/ejecucion-semantica/runs/SEMRUN-354ccb9dc1023a0bd420d48f/reportes-neutrales/TOBS-SEM-0a7e53f5637ea276eaa99dcb.json	data/curacion-registro/ejecucion-semantica/runs/SEMRUN-354ccb9dc1023a0bd420d48f/inputs-curador/TCUR-0a7e53f5637ea276eaa99dcb.json
TOBS-SEM-7cba8cba7caa80d12a5b77ab	REL-fd8abdfbae6d8de6a94eb38c	N21	NO_DETERMINADO	data/curacion-registro/ejecucion-semantica/runs/SEMRUN-354ccb9dc1023a0bd420d48f/inputs-inspector/TOBS-SEM-7cba8cba7caa80d12a5b77ab.json	data/curacion-registro/ejecucion-semantica/runs/SEMRUN-354ccb9dc1023a0bd420d48f/reportes-neutrales/TOBS-SEM-7cba8cba7caa80d12a5b77ab.json	data/curacion-registro/ejecucion-semantica/runs/SEMRUN-354ccb9dc1023a0bd420d48f/inputs-curador/TCUR-7cba8cba7caa80d12a5b77ab.json
TOBS-SEM-ef5960e3b1501ddee318cfe9	REL-ff97af04e1d92981b386ac08	N17	NO_DETERMINADO	data/curacion-registro/ejecucion-semantica/runs/SEMRUN-354ccb9dc1023a0bd420d48f/inputs-inspector/TOBS-SEM-ef5960e3b1501ddee318cfe9.json	data/curacion-registro/ejecucion-semantica/runs/SEMRUN-354ccb9dc1023a0bd420d48f/reportes-neutrales/TOBS-SEM-ef5960e3b1501ddee318cfe9.json	data/curacion-registro/ejecucion-semantica/runs/SEMRUN-354ccb9dc1023a0bd420d48f/inputs-curador/TCUR-ef5960e3b1501ddee318cfe9.json
