particion_id	fuente	familia_logica_id	relaciones	numero_relaciones
PART-411766862310a5dd60167dbc	01-	SIN_ACTIVO_EXACTO:01-	REL-c3e1306bb304b019d0a94e4b	1
PART-97ee71b7e09058e1ecc6c4a5	02-	SIN_ACTIVO_EXACTO:02-	REL-02e6e4861871631dd29048bd	1
PART-9e29869cbfd1a6c434174512	AHORRO FINANCIERO Y FINANCIAMI	SIN_ACTIVO_EXACTO:AHORRO FINANCIERO Y FINANCIAMI	REL-837d54e76ebe85170870493a	1
PART-2bf1be5588a9af8a4cd6eb07	BASE_DEL_OBSERVATORIO_DE_CONFLICTOS_POR_EL_AGUA	SIN_ACTIVO_EXACTO:BASE_DEL_OBSERVATORIO_DE_CONFLICTOS_POR_EL_AGUA	REL-be38af5d3d025cfda97775c1	1
PART-0c25ed99ff3d98d9f5fe390a	BASE_DE_EVENTOS_DE_PROTESTA_EN_MEXICO	SIN_ACTIVO_EXACTO:BASE_DE_EVENTOS_DE_PROTESTA_EN_MEXICO	REL-6c15fdac77dea33175ef25c5	1
PART-d122482e3bdb05ad0654b827	BDIF	SIN_ACTIVO_EXACTO:BDIF	REL-8b8dd24f3edbc5fd0b11d4a4	1
PART-731294f5a87c10fc55628771	BIARE	SIN_ACTIVO_EXACTO:BIARE	REL-75de72336ada4a506a3b5476	1
PART-ee91f2ae632040247fe17020	CCPV	SIN_ACTIVO_EXACTO:CCPV	REL-c6870668d94d02dded8c4126	1
PART-03ed18a56e1366aaff46bceb	CNGMD	SIN_ACTIVO_EXACTO:CNGMD	REL-e10120bebb9ed07d210a3a86	1
PART-0ba7166c879d56eaec84f881	COMPARATIVE_STUDY_OF_ELECTORAL_SYSTEMS_MEXICO_2018	SIN_ACTIVO_EXACTO:COMPARATIVE_STUDY_OF_ELECTORAL_SYSTEMS_MEXICO_2018	REL-c59edf3fce0cc17066bed9ee	1
PART-e19ddc9ff4f24a3a24180b05	CSES	SIN_ACTIVO_EXACTO:CSES	REL-02b8ee6d0e13dfb6dc7d3331;REL-162b116abdb2212886430f08;REL-48285fd8e0a22a38147245ed;REL-c0ffdbcc616f342880df820a;REL-ee1e829631a8bb7de93bcfd3	5
PART-cbadc31b222f9c7f4c75f337	DOES_CORRUPTION_INFORMATION_INSPIRE_THE_FIGHT_OR_QUASH_THE_HOPE	SIN_ACTIVO_EXACTO:DOES_CORRUPTION_INFORMATION_INSPIRE_THE_FIGHT_OR_QUASH_THE_HOPE	REL-20c9e9445e7c52770b6c3b10;REL-bb570a7a7c72c881de31f75d	2
PART-04187fc7f99933d544c1836f	EARLY_CHILDHOOD_EDUCATION_PROGRAM_IMPACT_EVALUATION_2012_2014	SIN_ACTIVO_EXACTO:EARLY_CHILDHOOD_EDUCATION_PROGRAM_IMPACT_EVALUATION_2012_2014	REL-894b3c5025557df7ef942f2a	1
PART-3f842c931be8b275389b6fde	ELECTORAL_PRECINCT_LEVEL_DATABASE_FOR_MEXICAN_MUNICIPAL_ELECTION	SIN_ACTIVO_EXACTO:ELECTORAL_PRECINCT_LEVEL_DATABASE_FOR_MEXICAN_MUNICIPAL_ELECTION	REL-374d073941162109bb37265b	1
PART-54c8a3bc7b5d563592adc7a7	ENAFIN	SIN_ACTIVO_EXACTO:ENAFIN	REL-d67770c443936b1d84304513	1
PART-a374a90af5b56f2e13b02f9f	ENBIARE	SIN_ACTIVO_EXACTO:ENBIARE	REL-51392f82de7f4c77d1bb75c1;REL-a750d90d3d9e1e19938fa8c4;REL-cc6596882b8f135c946ad0f4;REL-f07a221600f81a075ee85ac8	4
PART-5fdf5294ae1d3da1a4d35a13	ENCIG	SIN_ACTIVO_EXACTO:ENCIG	REL-60e9df4e4ea6f51ca6e4ddc0;REL-cf8f5979c73cdbe59cfaf5fd;REL-ea0dde2ebf4bd96af8e3e139	3
PART-7258d58a74d330d0779f1ac3	ENCOAP	SIN_ACTIVO_EXACTO:ENCOAP	REL-1d4ea097a836307f28dd2f49;REL-2fab7f66a0e6963788542b3a;REL-8da82cf2f91efb7fe1958467;REL-d82eb6cef055001e7587db31;REL-e74ad11dd79c7485c9704116	5
PART-02430f4e16d80b63e924d874	ENCUESTA_ANUAL_DE_COMPETENCIAS_FINANCIERAS_2019_2024	SIN_ACTIVO_EXACTO:ENCUESTA_ANUAL_DE_COMPETENCIAS_FINANCIERAS_2019_2024	REL-87b4ab08a7e1b65f965ffb88	1
PART-6255a475377d3dfcf5f4e0e0	ENCUESTA_ANUAL_DE_COMPETENCIAS_FINANCIERAS_DE_LA_POBLACION	SIN_ACTIVO_EXACTO:ENCUESTA_ANUAL_DE_COMPETENCIAS_FINANCIERAS_DE_LA_POBLACION	REL-63835b1a27c62356495d6104	1
PART-b696935ecff7166705f9c575	ENCUP	SIN_ACTIVO_EXACTO:ENCUP	REL-de059d547843c8fefa01197a	1
PART-0b9fea2e677ec178ae5d5e99	ENFIH	SIN_ACTIVO_EXACTO:ENFIH	REL-16d3c66af7fc856df2130139;REL-2d58abfc1b418484af3f2f7d;REL-36cde7fa0d470608a94ddb1e;REL-3b746c49c7c051083df6ee81;REL-45672e7d7c5ac7c69edaede4;REL-50e6d069fd121a8a7cd64fc5;REL-6b52ae9ea4b72a9f27f01260;REL-928de62ad3c403adf193bfc4;REL-987f01cb468fa0b51b2dffc6;REL-a63dce9852d52046595e28f0;REL-da62a7c3cdb80080258aa148;REL-fb6a1baf579c6521a638b093	12
PART-c2f3f261df79c63d1847bce3	ENIF	SIN_ACTIVO_EXACTO:ENIF	REL-00e7bd28c9c0db01fd89a3be;REL-12f0d41801fa7f161510f61e;REL-dd07107a27bb1a5682a22176;REL-f6d34c22618564c885af98e9;REL-f96e306aefb2bab19baafbcc	5
PART-b6fada5caa31436cbd7234d1	ENIGH	SIN_ACTIVO_EXACTO:ENIGH	REL-1677b0003626a1bd5bf971cb	1
PART-09a1397640a219447a7a306a	ENNVIH	SIN_ACTIVO_EXACTO:ENNVIH	REL-4773e33ebd7e704a595bbf07	1
PART-7f0056ff03521e5ac3eee0ad	ENOE	SIN_ACTIVO_EXACTO:ENOE	REL-4b4d25bbe2c702aed1884440	1
PART-00a248b37dcde8734dc1c1b0	ENSAFI	SIN_ACTIVO_EXACTO:ENSAFI	REL-01ff8326fdbe3c0a4e299a02;REL-0b6385436015c470992017f1;REL-12b348704acbcdd4b811185b;REL-641a2435b0e68b2049b73d72;REL-7c92eca186a227ee718864e6;REL-89b5a730c80b52245609d460;REL-8f6cc360dac1c16f2ea6c7ea;REL-b8a1bd303f0aac03e3b1bdd7;REL-c065ff3c4b02af2b359a6a40;REL-cf53a5e4bf5bf666390fa543;REL-d7d327e72f466b970d040e81;REL-ed3674d93fbcd45914630569;REL-f586d39d7211922886da9f95	13
PART-4ac46228f2faccd7a9baea0c	ENVIPE	SIN_ACTIVO_EXACTO:ENVIPE	REL-0c03e53054567fc014b50bc0;REL-32afb54be292bc8e3070dfca	2
PART-802cbdf564044d8e7c5f4fe5	EXPERIMENTO_DE_INFORMACION_ELECTORAL_2009	SIN_ACTIVO_EXACTO:EXPERIMENTO_DE_INFORMACION_ELECTORAL_2009	REL-0692b43ca9c2f7bb608a2858	1
PART-69b9d8ecd7d3c2d22860c4a1	FABLE	SIN_ACTIVO_EXACTO:FABLE	REL-6cd9055fa1486b7f8c8c5efa	1
PART-84299e02dd945b3cd9162798	FINANZAS	SIN_ACTIVO_EXACTO:FINANZAS	REL-0b0dac8dd04b5f25133518f8;REL-18976f4767e5da3c5e572877;REL-21e914d37dac786386bf91dc;REL-2fbf749b083e578d4462b842;REL-aaf9d3c2e0d9b3d294df4840	5
PART-cd6b18208cbba82f49e5f5c9	GDELT	SIN_ACTIVO_EXACTO:GDELT	REL-0d9c76a2adedc9b9f59984cc;REL-0fc632a7b102c3b39b2f540c;REL-3d47f2e740a4b56741e9c6e2;REL-9ccac3c7a04b0040d317efb7	4
PART-ad653d2a35ec7c452edbc78d	GLOBAL_PREFERENCES_SURVEY	SIN_ACTIVO_EXACTO:GLOBAL_PREFERENCES_SURVEY	REL-f25c37290ef71e21d1d73760	1
PART-b39a8610c112121ab6b288eb	GPS	SIN_ACTIVO_EXACTO:GPS	REL-4fd0d54316a62b4b5c7a0048;REL-655887a6745e8a139387cc90;REL-75c66af2edc4b79afcb439c3;REL-c72dd30027c28df4603464d5;REL-ca5ecbdfd4be3728df0e509f;REL-ff97af04e1d92981b386ac08	6
PART-baec0de1f8ab11244d1d89f1	IMPACT_EVALUATION_OF_PARENTAL_EMPOWERMENT_PROGRAM	SIN_ACTIVO_EXACTO:IMPACT_EVALUATION_OF_PARENTAL_EMPOWERMENT_PROGRAM	REL-08af2a451bfb04d90902eec4	1
PART-8cdb2ee0f5018a27ffd4599d	IMSS	SIN_ACTIVO_EXACTO:IMSS	REL-6f1cef5066c5478632ac5045	1
PART-bbf345f1b82d8cb9a19d3d01	INE	SIN_ACTIVO_EXACTO:INE	REL-4945113fd8870341191221b6;REL-8b5abcdb9a618f64c2639477	2
PART-8a971a5b7e719507808e62f2	INTERACTING_AS_EQUALS_REDUCES_PARTISAN_POLARIZATION_IN_MEXICO	SIN_ACTIVO_EXACTO:INTERACTING_AS_EQUALS_REDUCES_PARTISAN_POLARIZATION_IN_MEXICO	REL-10b7203dd243231cb3602e47;REL-71d03c31e21a53076736dfd0;REL-f0cb8d6fa174935fae071144	3
PART-51ae049796b8f3c0f2356de7	ISSP	SIN_ACTIVO_EXACTO:ISSP	REL-62c97ccb92d0e95c8120d776;REL-6b71873b3adacde57117ad99;REL-72ff714a3ba6d0bab952e05f;REL-75b2ff53a19d8058eba2dbb7;REL-7751c832c7e30e4e4d7603cc;REL-845a93bc24990147a394f897;REL-8d2952203ec3678f3bd0c473;REL-9dfab617c356df5594575a3c;REL-b034b04e9ba040bd02e39b8b;REL-cd0d1c5fd7e85418603c73cd;REL-d630dc1ea394364e53631401;REL-e95e26820797a0f55c9246d7;REL-f219eb1a0e1b71beb5a36f6f	13
PART-e7d0bf60dc3a3b6847ae8b1b	LAPOP	SIN_ACTIVO_EXACTO:LAPOP	REL-7da283a75f336e409f2ff88d	1
PART-813752f1e6e983a483786fde	LARGE_SCALE_FINANCIAL_EDUCATION_PROGRAM_IMPACT_EVALUATION_2011_2	SIN_ACTIVO_EXACTO:LARGE_SCALE_FINANCIAL_EDUCATION_PROGRAM_IMPACT_EVALUATION_2011_2	REL-2230c5027c1ce5589c32d9b0	1
PART-4e4c88d58aafaf66d10d5462	LATINOBARÓMETRO	SIN_ACTIVO_EXACTO:LATINOBARÓMETRO	REL-4360d0a91e5f8be30916c2b9;REL-f09043ef09997adc0bb4a3f2	2
PART-bd6d8e0cf3fc87fe2bc69123	MASS_MOBILIZATION_DATA_PROJECT_EVENTOS_MEXICO	SIN_ACTIVO_EXACTO:MASS_MOBILIZATION_DATA_PROJECT_EVENTOS_MEXICO	REL-1d9d402e2e1aa77c9c01cb5f;REL-32d05d4dc466d048e2961f7b	2
PART-af5d733e329e4bd7ff15ee24	MASS_MOBILIZATION_PROTEST_DATA	SIN_ACTIVO_EXACTO:MASS_MOBILIZATION_PROTEST_DATA	REL-435541bba7684694085356c2;REL-99525527adc1ae5960ac2055	2
PART-c1fe2ea06a6c5eb93aec869f	MASS_MOBILIZATION_PROTEST_DATA_MEXICO	SIN_ACTIVO_EXACTO:MASS_MOBILIZATION_PROTEST_DATA_MEXICO	REL-107500c8d4873fe4d05bb8e3;REL-e247f2d5250d822fb74a0638	2
PART-4d481ea068f11266f26c32c5	MEXICO_ENTERPRISE_SURVEYS_COMPONENTE_PANEL_CANDIDATO_2006_2010	SIN_ACTIVO_EXACTO:MEXICO_ENTERPRISE_SURVEYS_COMPONENTE_PANEL_CANDIDATO_2006_2010	REL-350211bc943be8bae0c8eea2;REL-abd2650bcf443274eb467a60;REL-e2371e6b0d421f30c496d3da	3
PART-c45a6a6d479ecdd65c399a38	MEXICO_PANEL_STUDY_2012	SIN_ACTIVO_EXACTO:MEXICO_PANEL_STUDY_2012	REL-382a1f202f13e8134f376a00;REL-ddc381f55d9879a6629a14d4	2
PART-6df238b627ba256d8ec80c7b	MICROCREDIT_IMPACTS_COMPARTAMOS_RCT	SIN_ACTIVO_EXACTO:MICROCREDIT_IMPACTS_COMPARTAMOS_RCT	REL-c9a73bd2a8258784f9f08ea8	1
PART-f6decc893c3621047a0dd47e	MICROCREDIT_IMPACTS_RANDOMIZED_MICROCREDIT_PROGRAM_PLACEMENT_EXP	SIN_ACTIVO_EXACTO:MICROCREDIT_IMPACTS_RANDOMIZED_MICROCREDIT_PROGRAM_PLACEMENT_EXP	REL-6c97fe0c5cb528557054a838	1
PART-2c42fefa914e2e904ea87f5a	OECD	SIN_ACTIVO_EXACTO:OECD	REL-5fc50aa3d056d5b63f4e18df	1
PART-93cbd734ae5da961e9bb88ce	PI	SIN_ACTIVO_EXACTO:PI	REL-7feec534a72e40bdf9b6b393	1
PART-46657511eb947627b014cfc0	PRICE_AND_INFORMATION_TYPE_IN_LIFE_MICROINSURANCE_DEMAND	SIN_ACTIVO_EXACTO:PRICE_AND_INFORMATION_TYPE_IN_LIFE_MICROINSURANCE_DEMAND	REL-0e3c2a3a6afd1dae2297740e	1
PART-556696914beff5734a1a1065	PUB	SIN_ACTIVO_EXACTO:PUB	REL-0a4bbf31b54c5ce3565ba753;REL-6ebc288cb21990e446f70262	2
PART-12192a10a0469f96d1b938b1	RELLABORALES	SIN_ACTIVO_EXACTO:RELLABORALES	REL-781037a17e27bb2b93e13a63	1
PART-ad000ee7c9b39f0a6d3f59b0	RELLABORALESPRUEBA	SIN_ACTIVO_EXACTO:RELLABORALESPRUEBA	REL-a8d0e6223c2d79b63a90b4f5	1
PART-b26559c48e26f38ff9759d05	REPORTE_SOBRE_USO_Y_CONFIANZA_DE_SERVICIOS_FINANCIEROS_DIGITALES	SIN_ACTIVO_EXACTO:REPORTE_SOBRE_USO_Y_CONFIANZA_DE_SERVICIOS_FINANCIEROS_DIGITALES	REL-0ccb1f487408f4999004b321	1
PART-b8bc07cb14a92e45ff05810e	REPOSITORIOS_UNAM_COLMEX_ITAM_DATAVERSE_ICPSR	SIN_ACTIVO_EXACTO:REPOSITORIOS_UNAM_COLMEX_ITAM_DATAVERSE_ICPSR	REL-235427b4ebd4727b5ccdeb98	1
PART-6c12c0e8f3a1319d37ee33e6	SE	SIN_ACTIVO_EXACTO:SE	REL-fd8abdfbae6d8de6a94eb38c	1
PART-ba9f6aaa3f660259e309a593	SERIES_SPEI_CODI_BANXICO	SIN_ACTIVO_EXACTO:SERIES_SPEI_CODI_BANXICO	REL-1867600f55b362380e728c4a;REL-7a38c275915e890903752598	2
PART-d80b60b7c1097ae574385e78	SIN_CANDIDATO_IDENTIFICADO	SIN_ACTIVO_EXACTO:SIN_CANDIDATO_IDENTIFICADO	REL-523fe941f36eef5710d093ee	1
PART-224ee9aeccdd42101a9e4e52	UCDP	SIN_ACTIVO_EXACTO:UCDP	REL-2a1cc2aeaa3a0d0f5e1e49d2;REL-6e785044dd97d2658a495bb2	2
PART-8fd3e0321403b806957bdb27	VOTAR_ENTRE_BALAS	SIN_ACTIVO_EXACTO:VOTAR_ENTRE_BALAS	REL-8d5ee427f92ae19be789b8d6;REL-f721d49d739e759d00a9643b	2
PART-c2016b9a23cccfe4f6161319	WORLD_BANK_ENTERPRISE_SURVEY_MEXICO_2023	SIN_ACTIVO_EXACTO:WORLD_BANK_ENTERPRISE_SURVEY_MEXICO_2023	REL-3e153324c7506ed0e35a7a70;REL-dc5971db0730ed2876fdb5b3;REL-e86c10c4e19ea32e57b6a28d	3
PART-5986354a19d62356d8f0e346	WVS	SIN_ACTIVO_EXACTO:WVS	REL-3d6a985a8dafc13fdbd39e4a;REL-57df012cdba3e281563c1068	2
