propuesta_id	relacion_id	task_id	input_existe	contrato_existe	reporte_worker_existe	schema_valido	hash_snapshot_valido	hash_baseline_valido	join_reporte_activo_valido	accion_original_preservada	unicidad_propuesta	excepcion_cegamiento_validada	expediente_integrable	modifica_baseline	estado_supervision	errores	razon_terminal
SEMPROP-0e91f90db5fe42e911953784	REL-c3e1306bb304b019d0a94e4b	SEMTSK-344b4adb025b410eca6b7a87	SI	SI	SI	SI	SI	SI	NO_APLICA_SIN_JOIN	SI	SI	NO_APLICA	NO	NO	VALIDADA_FAIL_CLOSED_SIN_INTEGRACION	NINGUNO	SIN_EXPEDIENTE_INTEGRABLE_SIN_JOIN_EXACTO
SEMPROP-cad5493b821afd2b424688ac	REL-02e6e4861871631dd29048bd	SEMTSK-c906685dfd65fa9409b28d20	SI	SI	SI	SI	SI	SI	NO_APLICA_SIN_JOIN	SI	SI	NO_APLICA	NO	NO	VALIDADA_FAIL_CLOSED_SIN_INTEGRACION	NINGUNO	SIN_EXPEDIENTE_INTEGRABLE_SIN_JOIN_EXACTO
SEMPROP-5596be842f97ff4f1df2fa9b	REL-837d54e76ebe85170870493a	SEMTSK-501759ad5c9a99a7cafbff34	SI	SI	SI	SI	SI	SI	NO_APLICA_SIN_JOIN	SI	SI	NO_APLICA	NO	NO	VALIDADA_FAIL_CLOSED_SIN_INTEGRACION	NINGUNO	SIN_EXPEDIENTE_INTEGRABLE_SIN_JOIN_EXACTO
SEMPROP-ccef2f127fac71edc841dac1	REL-be38af5d3d025cfda97775c1	SEMTSK-44673b0933470671d80cb3e6	SI	SI	SI	SI	SI	SI	NO_APLICA_SIN_JOIN	SI	SI	NO_APLICA	NO	NO	VALIDADA_FAIL_CLOSED_SIN_INTEGRACION	NINGUNO	SIN_EXPEDIENTE_INTEGRABLE_SIN_JOIN_EXACTO
SEMPROP-8117c1dfafc2c5bf107128b5	REL-6c15fdac77dea33175ef25c5	SEMTSK-63d38d7f96b33292dccd0aeb	SI	SI	SI	SI	SI	SI	NO_APLICA_SIN_JOIN	SI	SI	NO_APLICA	NO	NO	VALIDADA_FAIL_CLOSED_SIN_INTEGRACION	NINGUNO	SIN_EXPEDIENTE_INTEGRABLE_SIN_JOIN_EXACTO
SEMPROP-0f3e774804b7e397e6b0a11f	REL-8b8dd24f3edbc5fd0b11d4a4	SEMTSK-9b6207c4184c33ba4906af78	SI	SI	SI	SI	SI	SI	NO_APLICA_SIN_JOIN	SI	SI	NO_APLICA	NO	NO	VALIDADA_FAIL_CLOSED_SIN_INTEGRACION	NINGUNO	SIN_EXPEDIENTE_INTEGRABLE_SIN_JOIN_EXACTO
SEMPROP-0a887c710c145fe2f3f096bf	REL-75de72336ada4a506a3b5476	SEMTSK-045f83e3d32334d308d0a814	SI	SI	SI	SI	SI	SI	NO_APLICA_SIN_JOIN	SI	SI	NO_APLICA	NO	NO	VALIDADA_FAIL_CLOSED_SIN_INTEGRACION	NINGUNO	SIN_EXPEDIENTE_INTEGRABLE_SIN_JOIN_EXACTO
SEMPROP-2b87a6d5ac6923a0427d9e6a	REL-c6870668d94d02dded8c4126	SEMTSK-bbaee82dc5bf30de2b57bfc3	SI	SI	SI	SI	SI	SI	NO_APLICA_SIN_JOIN	SI	SI	NO_APLICA	NO	NO	VALIDADA_FAIL_CLOSED_SIN_INTEGRACION	NINGUNO	SIN_EXPEDIENTE_INTEGRABLE_SIN_JOIN_EXACTO
SEMPROP-99959ff3bb1a6c7d8b735bd4	REL-e10120bebb9ed07d210a3a86	SEMTSK-a8fab9db1b7cc9b9d65a663f	SI	SI	SI	SI	SI	SI	NO_APLICA_SIN_JOIN	SI	SI	NO_APLICA	NO	NO	VALIDADA_FAIL_CLOSED_SIN_INTEGRACION	NINGUNO	SIN_EXPEDIENTE_INTEGRABLE_SIN_JOIN_EXACTO
SEMPROP-49c67671ca21e8f08a6522e0	REL-c59edf3fce0cc17066bed9ee	SEMTSK-f86e4d15afa5b221da8de5ba	SI	SI	SI	SI	SI	SI	NO_APLICA_SIN_JOIN	SI	SI	NO_APLICA	NO	NO	VALIDADA_FAIL_CLOSED_SIN_INTEGRACION	NINGUNO	SIN_EXPEDIENTE_INTEGRABLE_SIN_JOIN_EXACTO
SEMPROP-016e061766317b7a57cf0510	REL-02b8ee6d0e13dfb6dc7d3331	SEMTSK-dddb9a9097f7fd957a5eb2ce	SI	SI	SI	SI	SI	SI	NO_APLICA_SIN_JOIN	SI	SI	NO_APLICA	NO	NO	VALIDADA_FAIL_CLOSED_SIN_INTEGRACION	NINGUNO	SIN_EXPEDIENTE_INTEGRABLE_SIN_JOIN_EXACTO
SEMPROP-1505eb6ac2a52c5836b1734f	REL-162b116abdb2212886430f08	SEMTSK-dddb9a9097f7fd957a5eb2ce	SI	SI	SI	SI	SI	SI	NO_APLICA_SIN_JOIN	SI	SI	NO_APLICA	NO	NO	VALIDADA_FAIL_CLOSED_SIN_INTEGRACION	NINGUNO	SIN_EXPEDIENTE_INTEGRABLE_SIN_JOIN_EXACTO
SEMPROP-b9f29ec668933bec3f759548	REL-48285fd8e0a22a38147245ed	SEMTSK-dddb9a9097f7fd957a5eb2ce	SI	SI	SI	SI	SI	SI	NO_APLICA_SIN_JOIN	SI	SI	NO_APLICA	NO	NO	VALIDADA_FAIL_CLOSED_SIN_INTEGRACION	NINGUNO	SIN_EXPEDIENTE_INTEGRABLE_SIN_JOIN_EXACTO
SEMPROP-ceed26db23c2b833a7b868b0	REL-c0ffdbcc616f342880df820a	SEMTSK-dddb9a9097f7fd957a5eb2ce	SI	SI	SI	SI	SI	SI	NO_APLICA_SIN_JOIN	SI	SI	NO_APLICA	NO	NO	VALIDADA_FAIL_CLOSED_SIN_INTEGRACION	NINGUNO	SIN_EXPEDIENTE_INTEGRABLE_SIN_JOIN_EXACTO
SEMPROP-50dce4ba73379a5272a6c1c1	REL-ee1e829631a8bb7de93bcfd3	SEMTSK-dddb9a9097f7fd957a5eb2ce	SI	SI	SI	SI	SI	SI	NO_APLICA_SIN_JOIN	SI	SI	NO_APLICA	NO	NO	VALIDADA_FAIL_CLOSED_SIN_INTEGRACION	NINGUNO	SIN_EXPEDIENTE_INTEGRABLE_SIN_JOIN_EXACTO
SEMPROP-82b6bcd0ad683b5ea6994fb3	REL-20c9e9445e7c52770b6c3b10	SEMTSK-ce2354d17ce132097cdf80d1	SI	SI	SI	SI	SI	SI	NO_APLICA_SIN_JOIN	SI	SI	NO_APLICA	NO	NO	VALIDADA_FAIL_CLOSED_SIN_INTEGRACION	NINGUNO	SIN_EXPEDIENTE_INTEGRABLE_SIN_JOIN_EXACTO
SEMPROP-257377a59f8e0025ceb576c7	REL-bb570a7a7c72c881de31f75d	SEMTSK-ce2354d17ce132097cdf80d1	SI	SI	SI	SI	SI	SI	NO_APLICA_SIN_JOIN	SI	SI	NO_APLICA	NO	NO	VALIDADA_FAIL_CLOSED_SIN_INTEGRACION	NINGUNO	SIN_EXPEDIENTE_INTEGRABLE_SIN_JOIN_EXACTO
SEMPROP-9812c6951c8ded730656f0fb	REL-894b3c5025557df7ef942f2a	SEMTSK-5fe01d6b0ee36f93ad99c21c	SI	SI	SI	SI	SI	SI	NO_APLICA_SIN_JOIN	SI	SI	NO_APLICA	NO	NO	VALIDADA_FAIL_CLOSED_SIN_INTEGRACION	NINGUNO	SIN_EXPEDIENTE_INTEGRABLE_SIN_JOIN_EXACTO
SEMPROP-5ab91df25cea3de9c2f64235	REL-374d073941162109bb37265b	SEMTSK-37f8f057f86be8b36d4f49f3	SI	SI	SI	SI	SI	SI	NO_APLICA_SIN_JOIN	SI	SI	NO_APLICA	NO	NO	VALIDADA_FAIL_CLOSED_SIN_INTEGRACION	NINGUNO	SIN_EXPEDIENTE_INTEGRABLE_SIN_JOIN_EXACTO
SEMPROP-fc2ed926c0de9ec3414d41fa	REL-d67770c443936b1d84304513	SEMTSK-7d62da78b912933008a8340a	SI	SI	SI	SI	SI	SI	NO_APLICA_SIN_JOIN	SI	SI	NO_APLICA	NO	NO	VALIDADA_FAIL_CLOSED_SIN_INTEGRACION	NINGUNO	SIN_EXPEDIENTE_INTEGRABLE_SIN_JOIN_EXACTO
SEMPROP-25d3a3e975bb04b42884978e	REL-51392f82de7f4c77d1bb75c1	SEMTSK-a157241ebb1c79de3ce81517	SI	SI	SI	SI	SI	SI	NO_APLICA_SIN_JOIN	SI	SI	NO_APLICA	NO	NO	VALIDADA_FAIL_CLOSED_SIN_INTEGRACION	NINGUNO	SIN_EXPEDIENTE_INTEGRABLE_SIN_JOIN_EXACTO
SEMPROP-bf92a7a3490f9d1c288d9225	REL-a750d90d3d9e1e19938fa8c4	SEMTSK-a157241ebb1c79de3ce81517	SI	SI	SI	SI	SI	SI	NO_APLICA_SIN_JOIN	SI	SI	NO_APLICA	NO	NO	VALIDADA_FAIL_CLOSED_SIN_INTEGRACION	NINGUNO	SIN_EXPEDIENTE_INTEGRABLE_SIN_JOIN_EXACTO
SEMPROP-69d0ffa8b39e250187fc5ec7	REL-cc6596882b8f135c946ad0f4	SEMTSK-a157241ebb1c79de3ce81517	SI	SI	SI	SI	SI	SI	NO_APLICA_SIN_JOIN	SI	SI	NO_APLICA	NO	NO	VALIDADA_FAIL_CLOSED_SIN_INTEGRACION	NINGUNO	SIN_EXPEDIENTE_INTEGRABLE_SIN_JOIN_EXACTO
SEMPROP-efe9f2aef32030dce56c6c71	REL-f07a221600f81a075ee85ac8	SEMTSK-a157241ebb1c79de3ce81517	SI	SI	SI	SI	SI	SI	NO_APLICA_SIN_JOIN	SI	SI	NO_APLICA	NO	NO	VALIDADA_FAIL_CLOSED_SIN_INTEGRACION	NINGUNO	SIN_EXPEDIENTE_INTEGRABLE_SIN_JOIN_EXACTO
SEMPROP-39347e9e2551774074491528	REL-60e9df4e4ea6f51ca6e4ddc0	SEMTSK-1c964807bd81e4e0ead2c010	SI	SI	SI	SI	SI	SI	NO_APLICA_SIN_JOIN	SI	SI	NO_APLICA	NO	NO	VALIDADA_FAIL_CLOSED_SIN_INTEGRACION	NINGUNO	SIN_EXPEDIENTE_INTEGRABLE_SIN_JOIN_EXACTO
SEMPROP-7bcb597554e9d3bb39998732	REL-cf8f5979c73cdbe59cfaf5fd	SEMTSK-1c964807bd81e4e0ead2c010	SI	SI	SI	SI	SI	SI	NO_APLICA_SIN_JOIN	SI	SI	NO_APLICA	NO	NO	VALIDADA_FAIL_CLOSED_SIN_INTEGRACION	NINGUNO	SIN_EXPEDIENTE_INTEGRABLE_SIN_JOIN_EXACTO
SEMPROP-399ddf3a333a0cca6a18f409	REL-ea0dde2ebf4bd96af8e3e139	SEMTSK-1c964807bd81e4e0ead2c010	SI	SI	SI	SI	SI	SI	NO_APLICA_SIN_JOIN	SI	SI	NO_APLICA	NO	NO	VALIDADA_FAIL_CLOSED_SIN_INTEGRACION	NINGUNO	SIN_EXPEDIENTE_INTEGRABLE_SIN_JOIN_EXACTO
SEMPROP-d8bdeedb8b516c3a7d8e5ff4	REL-1d4ea097a836307f28dd2f49	SEMTSK-3b6bf9d47738f63ea98fb8b5	SI	SI	SI	SI	SI	SI	NO_APLICA_SIN_JOIN	SI	SI	NO_APLICA	NO	NO	VALIDADA_FAIL_CLOSED_SIN_INTEGRACION	NINGUNO	SIN_EXPEDIENTE_INTEGRABLE_SIN_JOIN_EXACTO
SEMPROP-17d7799beaf671998ea61800	REL-2fab7f66a0e6963788542b3a	SEMTSK-3b6bf9d47738f63ea98fb8b5	SI	SI	SI	SI	SI	SI	NO_APLICA_SIN_JOIN	SI	SI	NO_APLICA	NO	NO	VALIDADA_FAIL_CLOSED_SIN_INTEGRACION	NINGUNO	SIN_EXPEDIENTE_INTEGRABLE_SIN_JOIN_EXACTO
SEMPROP-07c9210d4b600e10e67bb256	REL-8da82cf2f91efb7fe1958467	SEMTSK-3b6bf9d47738f63ea98fb8b5	SI	SI	SI	SI	SI	SI	NO_APLICA_SIN_JOIN	SI	SI	NO_APLICA	NO	NO	VALIDADA_FAIL_CLOSED_SIN_INTEGRACION	NINGUNO	SIN_EXPEDIENTE_INTEGRABLE_SIN_JOIN_EXACTO
SEMPROP-db3f6fe12b10fad954871834	REL-d82eb6cef055001e7587db31	SEMTSK-3b6bf9d47738f63ea98fb8b5	SI	SI	SI	SI	SI	SI	NO_APLICA_SIN_JOIN	SI	SI	NO_APLICA	NO	NO	VALIDADA_FAIL_CLOSED_SIN_INTEGRACION	NINGUNO	SIN_EXPEDIENTE_INTEGRABLE_SIN_JOIN_EXACTO
SEMPROP-a8ceaf2bd9a0fa7635a4c8a3	REL-e74ad11dd79c7485c9704116	SEMTSK-3b6bf9d47738f63ea98fb8b5	SI	SI	SI	SI	SI	SI	NO_APLICA_SIN_JOIN	SI	SI	NO_APLICA	NO	NO	VALIDADA_FAIL_CLOSED_SIN_INTEGRACION	NINGUNO	SIN_EXPEDIENTE_INTEGRABLE_SIN_JOIN_EXACTO
SEMPROP-78c1ef13d6d4e7566b5f160f	REL-87b4ab08a7e1b65f965ffb88	SEMTSK-4b8bc49453beab59d50eff74	SI	SI	SI	SI	SI	SI	NO_APLICA_SIN_JOIN	SI	SI	NO_APLICA	NO	NO	VALIDADA_FAIL_CLOSED_SIN_INTEGRACION	NINGUNO	SIN_EXPEDIENTE_INTEGRABLE_SIN_JOIN_EXACTO
SEMPROP-046a8e10e371688b1a4b72b8	REL-63835b1a27c62356495d6104	SEMTSK-c751b2cc702b660de290303b	SI	SI	SI	SI	SI	SI	NO_APLICA_SIN_JOIN	SI	SI	NO_APLICA	NO	NO	VALIDADA_FAIL_CLOSED_SIN_INTEGRACION	NINGUNO	SIN_EXPEDIENTE_INTEGRABLE_SIN_JOIN_EXACTO
SEMPROP-c9a2a103b4f0181250600007	REL-de059d547843c8fefa01197a	SEMTSK-3b18db64ab499eb0d247cee1	SI	SI	SI	SI	SI	SI	NO_APLICA_SIN_JOIN	SI	SI	NO_APLICA	NO	NO	VALIDADA_FAIL_CLOSED_SIN_INTEGRACION	NINGUNO	SIN_EXPEDIENTE_INTEGRABLE_SIN_JOIN_EXACTO
SEMPROP-7266d11d7c2b852d9dd338cd	REL-16d3c66af7fc856df2130139	SEMTSK-39c97ebccbcabb16be3b99ac	SI	SI	SI	SI	SI	SI	NO_APLICA_SIN_JOIN	SI	SI	NO_APLICA	NO	NO	VALIDADA_FAIL_CLOSED_SIN_INTEGRACION	NINGUNO	SIN_EXPEDIENTE_INTEGRABLE_SIN_JOIN_EXACTO
SEMPROP-c1dcd8eb77b8cdc4511b0f06	REL-2d58abfc1b418484af3f2f7d	SEMTSK-39c97ebccbcabb16be3b99ac	SI	SI	SI	SI	SI	SI	NO_APLICA_SIN_JOIN	SI	SI	NO_APLICA	NO	NO	VALIDADA_FAIL_CLOSED_SIN_INTEGRACION	NINGUNO	SIN_EXPEDIENTE_INTEGRABLE_SIN_JOIN_EXACTO
SEMPROP-701ff8f994a5a206acb7acd4	REL-36cde7fa0d470608a94ddb1e	SEMTSK-39c97ebccbcabb16be3b99ac	SI	SI	SI	SI	SI	SI	NO_APLICA_SIN_JOIN	SI	SI	NO_APLICA	NO	NO	VALIDADA_FAIL_CLOSED_SIN_INTEGRACION	NINGUNO	SIN_EXPEDIENTE_INTEGRABLE_SIN_JOIN_EXACTO
SEMPROP-bb7f92f0de87e772dde1cebe	REL-3b746c49c7c051083df6ee81	SEMTSK-39c97ebccbcabb16be3b99ac	SI	SI	SI	SI	SI	SI	NO_APLICA_SIN_JOIN	SI	SI	NO_APLICA	NO	NO	VALIDADA_FAIL_CLOSED_SIN_INTEGRACION	NINGUNO	SIN_EXPEDIENTE_INTEGRABLE_SIN_JOIN_EXACTO
SEMPROP-79b6860ea823a9b2b8255ee7	REL-45672e7d7c5ac7c69edaede4	SEMTSK-39c97ebccbcabb16be3b99ac	SI	SI	SI	SI	SI	SI	NO_APLICA_SIN_JOIN	SI	SI	NO_APLICA	NO	NO	VALIDADA_FAIL_CLOSED_SIN_INTEGRACION	NINGUNO	SIN_EXPEDIENTE_INTEGRABLE_SIN_JOIN_EXACTO
SEMPROP-d274fb609a0195a1277f61dc	REL-50e6d069fd121a8a7cd64fc5	SEMTSK-39c97ebccbcabb16be3b99ac	SI	SI	SI	SI	SI	SI	NO_APLICA_SIN_JOIN	SI	SI	NO_APLICA	NO	NO	VALIDADA_FAIL_CLOSED_SIN_INTEGRACION	NINGUNO	SIN_EXPEDIENTE_INTEGRABLE_SIN_JOIN_EXACTO
SEMPROP-04aded63e3a41623b3c9ac74	REL-6b52ae9ea4b72a9f27f01260	SEMTSK-39c97ebccbcabb16be3b99ac	SI	SI	SI	SI	SI	SI	NO_APLICA_SIN_JOIN	SI	SI	NO_APLICA	NO	NO	VALIDADA_FAIL_CLOSED_SIN_INTEGRACION	NINGUNO	SIN_EXPEDIENTE_INTEGRABLE_SIN_JOIN_EXACTO
SEMPROP-9c257cde07583770b6f7ce73	REL-928de62ad3c403adf193bfc4	SEMTSK-39c97ebccbcabb16be3b99ac	SI	SI	SI	SI	SI	SI	NO_APLICA_SIN_JOIN	SI	SI	NO_APLICA	NO	NO	VALIDADA_FAIL_CLOSED_SIN_INTEGRACION	NINGUNO	SIN_EXPEDIENTE_INTEGRABLE_SIN_JOIN_EXACTO
SEMPROP-f908b8c4b1b1a306520bfe49	REL-987f01cb468fa0b51b2dffc6	SEMTSK-39c97ebccbcabb16be3b99ac	SI	SI	SI	SI	SI	SI	NO_APLICA_SIN_JOIN	SI	SI	NO_APLICA	NO	NO	VALIDADA_FAIL_CLOSED_SIN_INTEGRACION	NINGUNO	SIN_EXPEDIENTE_INTEGRABLE_SIN_JOIN_EXACTO
SEMPROP-7620fd6ca18e32d59e78f928	REL-a63dce9852d52046595e28f0	SEMTSK-39c97ebccbcabb16be3b99ac	SI	SI	SI	SI	SI	SI	NO_APLICA_SIN_JOIN	SI	SI	NO_APLICA	NO	NO	VALIDADA_FAIL_CLOSED_SIN_INTEGRACION	NINGUNO	SIN_EXPEDIENTE_INTEGRABLE_SIN_JOIN_EXACTO
SEMPROP-960fe5b57b5d2b9eee822025	REL-da62a7c3cdb80080258aa148	SEMTSK-39c97ebccbcabb16be3b99ac	SI	SI	SI	SI	SI	SI	NO_APLICA_SIN_JOIN	SI	SI	NO_APLICA	NO	NO	VALIDADA_FAIL_CLOSED_SIN_INTEGRACION	NINGUNO	SIN_EXPEDIENTE_INTEGRABLE_SIN_JOIN_EXACTO
SEMPROP-667c7e7f75c22bcbc181755c	REL-fb6a1baf579c6521a638b093	SEMTSK-39c97ebccbcabb16be3b99ac	SI	SI	SI	SI	SI	SI	NO_APLICA_SIN_JOIN	SI	SI	NO_APLICA	NO	NO	VALIDADA_FAIL_CLOSED_SIN_INTEGRACION	NINGUNO	SIN_EXPEDIENTE_INTEGRABLE_SIN_JOIN_EXACTO
SEMPROP-4d64d541f6f2ee113d24c613	REL-00e7bd28c9c0db01fd89a3be	SEMTSK-718bda65cc2827a7c59c6cd3	SI	SI	SI	SI	SI	SI	NO_APLICA_SIN_JOIN	SI	SI	NO_APLICA	NO	NO	VALIDADA_FAIL_CLOSED_SIN_INTEGRACION	NINGUNO	SIN_EXPEDIENTE_INTEGRABLE_SIN_JOIN_EXACTO
SEMPROP-f08d2b003d526b995f508954	REL-12f0d41801fa7f161510f61e	SEMTSK-718bda65cc2827a7c59c6cd3	SI	SI	SI	SI	SI	SI	NO_APLICA_SIN_JOIN	SI	SI	NO_APLICA	NO	NO	VALIDADA_FAIL_CLOSED_SIN_INTEGRACION	NINGUNO	SIN_EXPEDIENTE_INTEGRABLE_SIN_JOIN_EXACTO
SEMPROP-0845daa8a39e3dd40f1dedd4	REL-dd07107a27bb1a5682a22176	SEMTSK-718bda65cc2827a7c59c6cd3	SI	SI	SI	SI	SI	SI	NO_APLICA_SIN_JOIN	SI	SI	NO_APLICA	NO	NO	VALIDADA_FAIL_CLOSED_SIN_INTEGRACION	NINGUNO	SIN_EXPEDIENTE_INTEGRABLE_SIN_JOIN_EXACTO
SEMPROP-49d1d2f7ffe0e85dfc193352	REL-f6d34c22618564c885af98e9	SEMTSK-718bda65cc2827a7c59c6cd3	SI	SI	SI	SI	SI	SI	NO_APLICA_SIN_JOIN	SI	SI	NO_APLICA	NO	NO	VALIDADA_FAIL_CLOSED_SIN_INTEGRACION	NINGUNO	SIN_EXPEDIENTE_INTEGRABLE_SIN_JOIN_EXACTO
SEMPROP-0765c99f52957d555d92bcd7	REL-f96e306aefb2bab19baafbcc	SEMTSK-718bda65cc2827a7c59c6cd3	SI	SI	SI	SI	SI	SI	NO_APLICA_SIN_JOIN	SI	SI	NO_APLICA	NO	NO	VALIDADA_FAIL_CLOSED_SIN_INTEGRACION	NINGUNO	SIN_EXPEDIENTE_INTEGRABLE_SIN_JOIN_EXACTO
SEMPROP-1b85fb13a560768816350675	REL-1677b0003626a1bd5bf971cb	SEMTSK-09c3e82c827fc9ccc9516671	SI	SI	SI	SI	SI	SI	NO_APLICA_SIN_JOIN	SI	SI	NO_APLICA	NO	NO	VALIDADA_FAIL_CLOSED_SIN_INTEGRACION	NINGUNO	SIN_EXPEDIENTE_INTEGRABLE_SIN_JOIN_EXACTO
SEMPROP-a6ded92343f3305a8145c514	REL-4773e33ebd7e704a595bbf07	SEMTSK-9f45d9d4b202bc05d4f830be	SI	SI	SI	SI	SI	SI	NO_APLICA_SIN_JOIN	SI	SI	NO_APLICA	NO	NO	VALIDADA_FAIL_CLOSED_SIN_INTEGRACION	NINGUNO	SIN_EXPEDIENTE_INTEGRABLE_SIN_JOIN_EXACTO
SEMPROP-1553329e93778fc44e1d3400	REL-4b4d25bbe2c702aed1884440	SEMTSK-7ab6d8e8a3185b4a6c836320	SI	SI	SI	SI	SI	SI	NO_APLICA_SIN_JOIN	SI	SI	NO_APLICA	NO	NO	VALIDADA_FAIL_CLOSED_SIN_INTEGRACION	NINGUNO	SIN_EXPEDIENTE_INTEGRABLE_SIN_JOIN_EXACTO
SEMPROP-4e3a4fc3b241d57001703e3b	REL-01ff8326fdbe3c0a4e299a02	SEMTSK-563a5ea45e21215bf3cbccca	SI	SI	SI	SI	SI	SI	NO_APLICA_SIN_JOIN	SI	SI	NO_APLICA	NO	NO	VALIDADA_FAIL_CLOSED_SIN_INTEGRACION	NINGUNO	SIN_EXPEDIENTE_INTEGRABLE_SIN_JOIN_EXACTO
SEMPROP-9fd87ed66076129f71054739	REL-0b6385436015c470992017f1	SEMTSK-563a5ea45e21215bf3cbccca	SI	SI	SI	SI	SI	SI	NO_APLICA_SIN_JOIN	SI	SI	NO_APLICA	NO	NO	VALIDADA_FAIL_CLOSED_SIN_INTEGRACION	NINGUNO	SIN_EXPEDIENTE_INTEGRABLE_SIN_JOIN_EXACTO
SEMPROP-06a6f1f288a16c0faa8be8d2	REL-12b348704acbcdd4b811185b	SEMTSK-563a5ea45e21215bf3cbccca	SI	SI	SI	SI	SI	SI	NO_APLICA_SIN_JOIN	SI	SI	NO_APLICA	NO	NO	VALIDADA_FAIL_CLOSED_SIN_INTEGRACION	NINGUNO	SIN_EXPEDIENTE_INTEGRABLE_SIN_JOIN_EXACTO
SEMPROP-e368f6d28c972b501a97190b	REL-641a2435b0e68b2049b73d72	SEMTSK-563a5ea45e21215bf3cbccca	SI	SI	SI	SI	SI	SI	NO_APLICA_SIN_JOIN	SI	SI	NO_APLICA	NO	NO	VALIDADA_FAIL_CLOSED_SIN_INTEGRACION	NINGUNO	SIN_EXPEDIENTE_INTEGRABLE_SIN_JOIN_EXACTO
SEMPROP-2fa9f767c94081ba4c3ca13b	REL-7c92eca186a227ee718864e6	SEMTSK-563a5ea45e21215bf3cbccca	SI	SI	SI	SI	SI	SI	NO_APLICA_SIN_JOIN	SI	SI	NO_APLICA	NO	NO	VALIDADA_FAIL_CLOSED_SIN_INTEGRACION	NINGUNO	SIN_EXPEDIENTE_INTEGRABLE_SIN_JOIN_EXACTO
SEMPROP-ec68d230ab21f31004e5eb0a	REL-89b5a730c80b52245609d460	SEMTSK-563a5ea45e21215bf3cbccca	SI	SI	SI	SI	SI	SI	NO_APLICA_SIN_JOIN	SI	SI	NO_APLICA	NO	NO	VALIDADA_FAIL_CLOSED_SIN_INTEGRACION	NINGUNO	SIN_EXPEDIENTE_INTEGRABLE_SIN_JOIN_EXACTO
SEMPROP-f59f1315fa16e7e9fbef7edf	REL-8f6cc360dac1c16f2ea6c7ea	SEMTSK-563a5ea45e21215bf3cbccca	SI	SI	SI	SI	SI	SI	NO_APLICA_SIN_JOIN	SI	SI	NO_APLICA	NO	NO	VALIDADA_FAIL_CLOSED_SIN_INTEGRACION	NINGUNO	SIN_EXPEDIENTE_INTEGRABLE_SIN_JOIN_EXACTO
SEMPROP-fad236dbca1fd6d664358b22	REL-b8a1bd303f0aac03e3b1bdd7	SEMTSK-563a5ea45e21215bf3cbccca	SI	SI	SI	SI	SI	SI	NO_APLICA_SIN_JOIN	SI	SI	NO_APLICA	NO	NO	VALIDADA_FAIL_CLOSED_SIN_INTEGRACION	NINGUNO	SIN_EXPEDIENTE_INTEGRABLE_SIN_JOIN_EXACTO
SEMPROP-65a1e07e7418bd6d7b6917ca	REL-c065ff3c4b02af2b359a6a40	SEMTSK-563a5ea45e21215bf3cbccca	SI	SI	SI	SI	SI	SI	NO_APLICA_SIN_JOIN	SI	SI	NO_APLICA	NO	NO	VALIDADA_FAIL_CLOSED_SIN_INTEGRACION	NINGUNO	SIN_EXPEDIENTE_INTEGRABLE_SIN_JOIN_EXACTO
SEMPROP-451b8fd29d84bf84ecdc9d14	REL-cf53a5e4bf5bf666390fa543	SEMTSK-563a5ea45e21215bf3cbccca	SI	SI	SI	SI	SI	SI	NO_APLICA_SIN_JOIN	SI	SI	NO_APLICA	NO	NO	VALIDADA_FAIL_CLOSED_SIN_INTEGRACION	NINGUNO	SIN_EXPEDIENTE_INTEGRABLE_SIN_JOIN_EXACTO
SEMPROP-f1edbdf4286745ba5e3af102	REL-d7d327e72f466b970d040e81	SEMTSK-563a5ea45e21215bf3cbccca	SI	SI	SI	SI	SI	SI	NO_APLICA_SIN_JOIN	SI	SI	NO_APLICA	NO	NO	VALIDADA_FAIL_CLOSED_SIN_INTEGRACION	NINGUNO	SIN_EXPEDIENTE_INTEGRABLE_SIN_JOIN_EXACTO
SEMPROP-41352bce360d291ebcd0a3d4	REL-ed3674d93fbcd45914630569	SEMTSK-563a5ea45e21215bf3cbccca	SI	SI	SI	SI	SI	SI	NO_APLICA_SIN_JOIN	SI	SI	NO_APLICA	NO	NO	VALIDADA_FAIL_CLOSED_SIN_INTEGRACION	NINGUNO	SIN_EXPEDIENTE_INTEGRABLE_SIN_JOIN_EXACTO
SEMPROP-7235cb9d8a098424873dbd6f	REL-f586d39d7211922886da9f95	SEMTSK-563a5ea45e21215bf3cbccca	SI	SI	SI	SI	SI	SI	NO_APLICA_SIN_JOIN	SI	SI	NO_APLICA	NO	NO	VALIDADA_FAIL_CLOSED_SIN_INTEGRACION	NINGUNO	SIN_EXPEDIENTE_INTEGRABLE_SIN_JOIN_EXACTO
SEMPROP-482bc659fd7bec80b759753f	REL-0c03e53054567fc014b50bc0	SEMTSK-0ad76db67c2503616ade139d	SI	SI	SI	SI	SI	SI	NO_APLICA_SIN_JOIN	SI	SI	NO_APLICA	NO	NO	VALIDADA_FAIL_CLOSED_SIN_INTEGRACION	NINGUNO	SIN_EXPEDIENTE_INTEGRABLE_SIN_JOIN_EXACTO
SEMPROP-e4be853af069621c1643a99f	REL-32afb54be292bc8e3070dfca	SEMTSK-0ad76db67c2503616ade139d	SI	SI	SI	SI	SI	SI	NO_APLICA_SIN_JOIN	SI	SI	NO_APLICA	NO	NO	VALIDADA_FAIL_CLOSED_SIN_INTEGRACION	NINGUNO	SIN_EXPEDIENTE_INTEGRABLE_SIN_JOIN_EXACTO
SEMPROP-d02b1aca62fe18409bbfd134	REL-0692b43ca9c2f7bb608a2858	SEMTSK-163221fd3fff94823edf5673	SI	SI	SI	SI	SI	SI	NO_APLICA_SIN_JOIN	SI	SI	NO_APLICA	NO	NO	VALIDADA_FAIL_CLOSED_SIN_INTEGRACION	NINGUNO	SIN_EXPEDIENTE_INTEGRABLE_SIN_JOIN_EXACTO
SEMPROP-839f058b6a07fd69ff19e52d	REL-6cd9055fa1486b7f8c8c5efa	SEMTSK-a19e230b40c8564bb997e5db	SI	SI	SI	SI	SI	SI	NO_APLICA_SIN_JOIN	SI	SI	NO_APLICA	NO	NO	VALIDADA_FAIL_CLOSED_SIN_INTEGRACION	NINGUNO	SIN_EXPEDIENTE_INTEGRABLE_SIN_JOIN_EXACTO
SEMPROP-083cd43048d7910e5607b71e	REL-0b0dac8dd04b5f25133518f8	SEMTSK-04d25946f5a067cea98d00d4	SI	SI	SI	SI	SI	SI	NO_APLICA_SIN_JOIN	SI	SI	NO_APLICA	NO	NO	VALIDADA_FAIL_CLOSED_SIN_INTEGRACION	NINGUNO	SIN_EXPEDIENTE_INTEGRABLE_SIN_JOIN_EXACTO
SEMPROP-9215a77c5cbd68a42bed7b23	REL-18976f4767e5da3c5e572877	SEMTSK-04d25946f5a067cea98d00d4	SI	SI	SI	SI	SI	SI	NO_APLICA_SIN_JOIN	SI	SI	NO_APLICA	NO	NO	VALIDADA_FAIL_CLOSED_SIN_INTEGRACION	NINGUNO	SIN_EXPEDIENTE_INTEGRABLE_SIN_JOIN_EXACTO
SEMPROP-cd061b00959a0a35baba18d0	REL-21e914d37dac786386bf91dc	SEMTSK-04d25946f5a067cea98d00d4	SI	SI	SI	SI	SI	SI	NO_APLICA_SIN_JOIN	SI	SI	NO_APLICA	NO	NO	VALIDADA_FAIL_CLOSED_SIN_INTEGRACION	NINGUNO	SIN_EXPEDIENTE_INTEGRABLE_SIN_JOIN_EXACTO
SEMPROP-b52864cf4894ea843975c5b3	REL-2fbf749b083e578d4462b842	SEMTSK-04d25946f5a067cea98d00d4	SI	SI	SI	SI	SI	SI	NO_APLICA_SIN_JOIN	SI	SI	NO_APLICA	NO	NO	VALIDADA_FAIL_CLOSED_SIN_INTEGRACION	NINGUNO	SIN_EXPEDIENTE_INTEGRABLE_SIN_JOIN_EXACTO
SEMPROP-61c502fd345195ab293f1285	REL-aaf9d3c2e0d9b3d294df4840	SEMTSK-04d25946f5a067cea98d00d4	SI	SI	SI	SI	SI	SI	NO_APLICA_SIN_JOIN	SI	SI	NO_APLICA	NO	NO	VALIDADA_FAIL_CLOSED_SIN_INTEGRACION	NINGUNO	SIN_EXPEDIENTE_INTEGRABLE_SIN_JOIN_EXACTO
SEMPROP-52bcdc2c7aacb3e888dee0a6	REL-0d9c76a2adedc9b9f59984cc	SEMTSK-43510bd0ada8ba4669ac9d56	SI	SI	SI	SI	SI	SI	NO_APLICA_SIN_JOIN	SI	SI	NO_APLICA	NO	NO	VALIDADA_FAIL_CLOSED_SIN_INTEGRACION	NINGUNO	SIN_EXPEDIENTE_INTEGRABLE_SIN_JOIN_EXACTO
SEMPROP-d47c19d4cdd80f8c0b33d1a1	REL-0fc632a7b102c3b39b2f540c	SEMTSK-43510bd0ada8ba4669ac9d56	SI	SI	SI	SI	SI	SI	NO_APLICA_SIN_JOIN	SI	SI	NO_APLICA	NO	NO	VALIDADA_FAIL_CLOSED_SIN_INTEGRACION	NINGUNO	SIN_EXPEDIENTE_INTEGRABLE_SIN_JOIN_EXACTO
SEMPROP-b0c0f35eb61982d10e485cf1	REL-3d47f2e740a4b56741e9c6e2	SEMTSK-43510bd0ada8ba4669ac9d56	SI	SI	SI	SI	SI	SI	NO_APLICA_SIN_JOIN	SI	SI	NO_APLICA	NO	NO	VALIDADA_FAIL_CLOSED_SIN_INTEGRACION	NINGUNO	SIN_EXPEDIENTE_INTEGRABLE_SIN_JOIN_EXACTO
SEMPROP-f6c37a67210c51bab0855db2	REL-9ccac3c7a04b0040d317efb7	SEMTSK-43510bd0ada8ba4669ac9d56	SI	SI	SI	SI	SI	SI	NO_APLICA_SIN_JOIN	SI	SI	NO_APLICA	NO	NO	VALIDADA_FAIL_CLOSED_SIN_INTEGRACION	NINGUNO	SIN_EXPEDIENTE_INTEGRABLE_SIN_JOIN_EXACTO
SEMPROP-61c5ef22a397c0042e793742	REL-f25c37290ef71e21d1d73760	SEMTSK-4ffe806a39cc5de490f2461b	SI	SI	SI	SI	SI	SI	NO_APLICA_SIN_JOIN	SI	SI	NO_APLICA	NO	NO	VALIDADA_FAIL_CLOSED_SIN_INTEGRACION	NINGUNO	SIN_EXPEDIENTE_INTEGRABLE_SIN_JOIN_EXACTO
SEMPROP-afe60a58df90f0bceff6527c	REL-4fd0d54316a62b4b5c7a0048	SEMTSK-f2c4212dae28a5c6e5556a2d	SI	SI	SI	SI	SI	SI	NO_APLICA_SIN_JOIN	SI	SI	NO_APLICA	NO	NO	VALIDADA_FAIL_CLOSED_SIN_INTEGRACION	NINGUNO	SIN_EXPEDIENTE_INTEGRABLE_SIN_JOIN_EXACTO
SEMPROP-620d5aee421861ddc7ffac1f	REL-655887a6745e8a139387cc90	SEMTSK-f2c4212dae28a5c6e5556a2d	SI	SI	SI	SI	SI	SI	NO_APLICA_SIN_JOIN	SI	SI	NO_APLICA	NO	NO	VALIDADA_FAIL_CLOSED_SIN_INTEGRACION	NINGUNO	SIN_EXPEDIENTE_INTEGRABLE_SIN_JOIN_EXACTO
SEMPROP-fad331a39b11eef7c193812f	REL-75c66af2edc4b79afcb439c3	SEMTSK-f2c4212dae28a5c6e5556a2d	SI	SI	SI	SI	SI	SI	NO_APLICA_SIN_JOIN	SI	SI	NO_APLICA	NO	NO	VALIDADA_FAIL_CLOSED_SIN_INTEGRACION	NINGUNO	SIN_EXPEDIENTE_INTEGRABLE_SIN_JOIN_EXACTO
SEMPROP-0ac7ffc8780cf688ab676d7b	REL-c72dd30027c28df4603464d5	SEMTSK-f2c4212dae28a5c6e5556a2d	SI	SI	SI	SI	SI	SI	NO_APLICA_SIN_JOIN	SI	SI	NO_APLICA	NO	NO	VALIDADA_FAIL_CLOSED_SIN_INTEGRACION	NINGUNO	SIN_EXPEDIENTE_INTEGRABLE_SIN_JOIN_EXACTO
SEMPROP-308f829c047481eeb21439f4	REL-ca5ecbdfd4be3728df0e509f	SEMTSK-f2c4212dae28a5c6e5556a2d	SI	SI	SI	SI	SI	SI	NO_APLICA_SIN_JOIN	SI	SI	NO_APLICA	NO	NO	VALIDADA_FAIL_CLOSED_SIN_INTEGRACION	NINGUNO	SIN_EXPEDIENTE_INTEGRABLE_SIN_JOIN_EXACTO
SEMPROP-96b6d1c966376aca19cb29fb	REL-ff97af04e1d92981b386ac08	SEMTSK-f2c4212dae28a5c6e5556a2d	SI	SI	SI	SI	SI	SI	NO_APLICA_SIN_JOIN	SI	SI	NO_APLICA	NO	NO	VALIDADA_FAIL_CLOSED_SIN_INTEGRACION	NINGUNO	SIN_EXPEDIENTE_INTEGRABLE_SIN_JOIN_EXACTO
SEMPROP-a79fe1e754ceaa7766abe5d0	REL-08af2a451bfb04d90902eec4	SEMTSK-b5e5292c4d9cd7c775a24ffa	SI	SI	SI	SI	SI	SI	NO_APLICA_SIN_JOIN	SI	SI	NO_APLICA	NO	NO	VALIDADA_FAIL_CLOSED_SIN_INTEGRACION	NINGUNO	SIN_EXPEDIENTE_INTEGRABLE_SIN_JOIN_EXACTO
SEMPROP-12fe7702f29023d26f539758	REL-6f1cef5066c5478632ac5045	SEMTSK-c7b22126c42dae58264ff575	SI	SI	SI	SI	SI	SI	NO_APLICA_SIN_JOIN	SI	SI	NO_APLICA	NO	NO	VALIDADA_FAIL_CLOSED_SIN_INTEGRACION	NINGUNO	SIN_EXPEDIENTE_INTEGRABLE_SIN_JOIN_EXACTO
SEMPROP-96ea4c3f7762d2b41c9fa310	REL-4945113fd8870341191221b6	SEMTSK-1c8d2ff60cd82a18f6ef4aa4	SI	SI	SI	SI	SI	SI	NO_APLICA_SIN_JOIN	SI	SI	NO_APLICA	NO	NO	VALIDADA_FAIL_CLOSED_SIN_INTEGRACION	NINGUNO	SIN_EXPEDIENTE_INTEGRABLE_SIN_JOIN_EXACTO
SEMPROP-18d26e84a4519e368e3539c7	REL-8b5abcdb9a618f64c2639477	SEMTSK-1c8d2ff60cd82a18f6ef4aa4	SI	SI	SI	SI	SI	SI	NO_APLICA_SIN_JOIN	SI	SI	NO_APLICA	NO	NO	VALIDADA_FAIL_CLOSED_SIN_INTEGRACION	NINGUNO	SIN_EXPEDIENTE_INTEGRABLE_SIN_JOIN_EXACTO
SEMPROP-6f40539240fdeb84d3d5213a	REL-10b7203dd243231cb3602e47	SEMTSK-d2a4ff61a997faa5504cb2a3	SI	SI	SI	SI	SI	SI	NO_APLICA_SIN_JOIN	SI	SI	NO_APLICA	NO	NO	VALIDADA_FAIL_CLOSED_SIN_INTEGRACION	NINGUNO	SIN_EXPEDIENTE_INTEGRABLE_SIN_JOIN_EXACTO
SEMPROP-eb2fddc962857272a2a5d82f	REL-71d03c31e21a53076736dfd0	SEMTSK-d2a4ff61a997faa5504cb2a3	SI	SI	SI	SI	SI	SI	NO_APLICA_SIN_JOIN	SI	SI	NO_APLICA	NO	NO	VALIDADA_FAIL_CLOSED_SIN_INTEGRACION	NINGUNO	SIN_EXPEDIENTE_INTEGRABLE_SIN_JOIN_EXACTO
SEMPROP-de473c7da4ec5f4cbd0d506b	REL-f0cb8d6fa174935fae071144	SEMTSK-d2a4ff61a997faa5504cb2a3	SI	SI	SI	SI	SI	SI	NO_APLICA_SIN_JOIN	SI	SI	NO_APLICA	NO	NO	VALIDADA_FAIL_CLOSED_SIN_INTEGRACION	NINGUNO	SIN_EXPEDIENTE_INTEGRABLE_SIN_JOIN_EXACTO
SEMPROP-2befd62d01385e4bf9706f59	REL-62c97ccb92d0e95c8120d776	SEMTSK-226d30bd56a40a35e02676da	SI	SI	SI	SI	SI	SI	NO_APLICA_SIN_JOIN	SI	SI	NO_APLICA	NO	NO	VALIDADA_FAIL_CLOSED_SIN_INTEGRACION	NINGUNO	SIN_EXPEDIENTE_INTEGRABLE_SIN_JOIN_EXACTO
SEMPROP-b7ab42b1ec4435b5b4eda41b	REL-6b71873b3adacde57117ad99	SEMTSK-226d30bd56a40a35e02676da	SI	SI	SI	SI	SI	SI	NO_APLICA_SIN_JOIN	SI	SI	NO_APLICA	NO	NO	VALIDADA_FAIL_CLOSED_SIN_INTEGRACION	NINGUNO	SIN_EXPEDIENTE_INTEGRABLE_SIN_JOIN_EXACTO
SEMPROP-bfa5bb1c567fbf0652afaa83	REL-72ff714a3ba6d0bab952e05f	SEMTSK-226d30bd56a40a35e02676da	SI	SI	SI	SI	SI	SI	NO_APLICA_SIN_JOIN	SI	SI	NO_APLICA	NO	NO	VALIDADA_FAIL_CLOSED_SIN_INTEGRACION	NINGUNO	SIN_EXPEDIENTE_INTEGRABLE_SIN_JOIN_EXACTO
SEMPROP-e37dd07116e41f5cacd9b4fd	REL-75b2ff53a19d8058eba2dbb7	SEMTSK-226d30bd56a40a35e02676da	SI	SI	SI	SI	SI	SI	NO_APLICA_SIN_JOIN	SI	SI	NO_APLICA	NO	NO	VALIDADA_FAIL_CLOSED_SIN_INTEGRACION	NINGUNO	SIN_EXPEDIENTE_INTEGRABLE_SIN_JOIN_EXACTO
SEMPROP-74c0f77a2967f524c5b87a48	REL-7751c832c7e30e4e4d7603cc	SEMTSK-226d30bd56a40a35e02676da	SI	SI	SI	SI	SI	SI	NO_APLICA_SIN_JOIN	SI	SI	NO_APLICA	NO	NO	VALIDADA_FAIL_CLOSED_SIN_INTEGRACION	NINGUNO	SIN_EXPEDIENTE_INTEGRABLE_SIN_JOIN_EXACTO
SEMPROP-77f1d9909d9eaa69686dcd81	REL-845a93bc24990147a394f897	SEMTSK-226d30bd56a40a35e02676da	SI	SI	SI	SI	SI	SI	NO_APLICA_SIN_JOIN	SI	SI	NO_APLICA	NO	NO	VALIDADA_FAIL_CLOSED_SIN_INTEGRACION	NINGUNO	SIN_EXPEDIENTE_INTEGRABLE_SIN_JOIN_EXACTO
SEMPROP-40d961a378a8e2d3a00af550	REL-8d2952203ec3678f3bd0c473	SEMTSK-226d30bd56a40a35e02676da	SI	SI	SI	SI	SI	SI	NO_APLICA_SIN_JOIN	SI	SI	NO_APLICA	NO	NO	VALIDADA_FAIL_CLOSED_SIN_INTEGRACION	NINGUNO	SIN_EXPEDIENTE_INTEGRABLE_SIN_JOIN_EXACTO
SEMPROP-710e8268ed8f0876fa47e172	REL-9dfab617c356df5594575a3c	SEMTSK-226d30bd56a40a35e02676da	SI	SI	SI	SI	SI	SI	NO_APLICA_SIN_JOIN	SI	SI	NO_APLICA	NO	NO	VALIDADA_FAIL_CLOSED_SIN_INTEGRACION	NINGUNO	SIN_EXPEDIENTE_INTEGRABLE_SIN_JOIN_EXACTO
SEMPROP-e5afbb068a034a871a9d8bc1	REL-b034b04e9ba040bd02e39b8b	SEMTSK-226d30bd56a40a35e02676da	SI	SI	SI	SI	SI	SI	NO_APLICA_SIN_JOIN	SI	SI	NO_APLICA	NO	NO	VALIDADA_FAIL_CLOSED_SIN_INTEGRACION	NINGUNO	SIN_EXPEDIENTE_INTEGRABLE_SIN_JOIN_EXACTO
SEMPROP-d8fc49d77887a45cc02e1826	REL-cd0d1c5fd7e85418603c73cd	SEMTSK-226d30bd56a40a35e02676da	SI	SI	SI	SI	SI	SI	NO_APLICA_SIN_JOIN	SI	SI	NO_APLICA	NO	NO	VALIDADA_FAIL_CLOSED_SIN_INTEGRACION	NINGUNO	SIN_EXPEDIENTE_INTEGRABLE_SIN_JOIN_EXACTO
SEMPROP-10ff6eed38d3967063a43769	REL-d630dc1ea394364e53631401	SEMTSK-226d30bd56a40a35e02676da	SI	SI	SI	SI	SI	SI	NO_APLICA_SIN_JOIN	SI	SI	NO_APLICA	NO	NO	VALIDADA_FAIL_CLOSED_SIN_INTEGRACION	NINGUNO	SIN_EXPEDIENTE_INTEGRABLE_SIN_JOIN_EXACTO
SEMPROP-8a3ca31c5bd86606bafbf8be	REL-e95e26820797a0f55c9246d7	SEMTSK-226d30bd56a40a35e02676da	SI	SI	SI	SI	SI	SI	NO_APLICA_SIN_JOIN	SI	SI	NO_APLICA	NO	NO	VALIDADA_FAIL_CLOSED_SIN_INTEGRACION	NINGUNO	SIN_EXPEDIENTE_INTEGRABLE_SIN_JOIN_EXACTO
SEMPROP-dd9e9bf5fedd946421b19315	REL-f219eb1a0e1b71beb5a36f6f	SEMTSK-226d30bd56a40a35e02676da	SI	SI	SI	SI	SI	SI	NO_APLICA_SIN_JOIN	SI	SI	NO_APLICA	NO	NO	VALIDADA_FAIL_CLOSED_SIN_INTEGRACION	NINGUNO	SIN_EXPEDIENTE_INTEGRABLE_SIN_JOIN_EXACTO
SEMPROP-fe79bdb497bf2815e18b075e	REL-7da283a75f336e409f2ff88d	SEMTSK-916cf86bd658db25e668cc37	SI	SI	SI	SI	SI	SI	NO_APLICA_SIN_JOIN	SI	SI	NO_APLICA	NO	NO	VALIDADA_FAIL_CLOSED_SIN_INTEGRACION	NINGUNO	SIN_EXPEDIENTE_INTEGRABLE_SIN_JOIN_EXACTO
SEMPROP-923110b635d7b95172031a73	REL-2230c5027c1ce5589c32d9b0	SEMTSK-e9726ea9c0c95719a4308cfe	SI	SI	SI	SI	SI	SI	NO_APLICA_SIN_JOIN	SI	SI	NO_APLICA	NO	NO	VALIDADA_FAIL_CLOSED_SIN_INTEGRACION	NINGUNO	SIN_EXPEDIENTE_INTEGRABLE_SIN_JOIN_EXACTO
SEMPROP-81e5c6ac1e16ce64e263107f	REL-4360d0a91e5f8be30916c2b9	SEMTSK-81718c18d1fab99b551fdf4b	SI	SI	SI	SI	SI	SI	NO_APLICA_SIN_JOIN	SI	SI	NO_APLICA	NO	NO	VALIDADA_FAIL_CLOSED_SIN_INTEGRACION	NINGUNO	SIN_EXPEDIENTE_INTEGRABLE_SIN_JOIN_EXACTO
SEMPROP-bc12e2cc0e8b1469488796c9	REL-f09043ef09997adc0bb4a3f2	SEMTSK-81718c18d1fab99b551fdf4b	SI	SI	SI	SI	SI	SI	NO_APLICA_SIN_JOIN	SI	SI	NO_APLICA	NO	NO	VALIDADA_FAIL_CLOSED_SIN_INTEGRACION	NINGUNO	SIN_EXPEDIENTE_INTEGRABLE_SIN_JOIN_EXACTO
SEMPROP-33103286c8f375410785d6bb	REL-1d9d402e2e1aa77c9c01cb5f	SEMTSK-524d4e466afaab3f0986d64a	SI	SI	SI	SI	SI	SI	NO_APLICA_SIN_JOIN	SI	SI	NO_APLICA	NO	NO	VALIDADA_FAIL_CLOSED_SIN_INTEGRACION	NINGUNO	SIN_EXPEDIENTE_INTEGRABLE_SIN_JOIN_EXACTO
SEMPROP-f0763573956febedafa99313	REL-32d05d4dc466d048e2961f7b	SEMTSK-524d4e466afaab3f0986d64a	SI	SI	SI	SI	SI	SI	NO_APLICA_SIN_JOIN	SI	SI	NO_APLICA	NO	NO	VALIDADA_FAIL_CLOSED_SIN_INTEGRACION	NINGUNO	SIN_EXPEDIENTE_INTEGRABLE_SIN_JOIN_EXACTO
SEMPROP-6a29bff621b4501f1752c48b	REL-435541bba7684694085356c2	SEMTSK-8a9b298b68defb965bfc0050	SI	SI	SI	SI	SI	SI	NO_APLICA_SIN_JOIN	SI	SI	NO_APLICA	NO	NO	VALIDADA_FAIL_CLOSED_SIN_INTEGRACION	NINGUNO	SIN_EXPEDIENTE_INTEGRABLE_SIN_JOIN_EXACTO
SEMPROP-dd734a17de006c8e4ba4672d	REL-99525527adc1ae5960ac2055	SEMTSK-8a9b298b68defb965bfc0050	SI	SI	SI	SI	SI	SI	NO_APLICA_SIN_JOIN	SI	SI	NO_APLICA	NO	NO	VALIDADA_FAIL_CLOSED_SIN_INTEGRACION	NINGUNO	SIN_EXPEDIENTE_INTEGRABLE_SIN_JOIN_EXACTO
SEMPROP-a7e1c5684e168f5daaae1475	REL-107500c8d4873fe4d05bb8e3	SEMTSK-77bc99bf6f1590312fc55959	SI	SI	SI	SI	SI	SI	NO_APLICA_SIN_JOIN	SI	SI	NO_APLICA	NO	NO	VALIDADA_FAIL_CLOSED_SIN_INTEGRACION	NINGUNO	SIN_EXPEDIENTE_INTEGRABLE_SIN_JOIN_EXACTO
SEMPROP-42e4b0d7fb788206c21ede4a	REL-e247f2d5250d822fb74a0638	SEMTSK-77bc99bf6f1590312fc55959	SI	SI	SI	SI	SI	SI	NO_APLICA_SIN_JOIN	SI	SI	NO_APLICA	NO	NO	VALIDADA_FAIL_CLOSED_SIN_INTEGRACION	NINGUNO	SIN_EXPEDIENTE_INTEGRABLE_SIN_JOIN_EXACTO
SEMPROP-9f29a54a37f228ba93f796e3	REL-350211bc943be8bae0c8eea2	SEMTSK-b6566cd1dcd301d7dcf62839	SI	SI	SI	SI	SI	SI	NO_APLICA_SIN_JOIN	SI	SI	NO_APLICA	NO	NO	VALIDADA_FAIL_CLOSED_SIN_INTEGRACION	NINGUNO	SIN_EXPEDIENTE_INTEGRABLE_SIN_JOIN_EXACTO
SEMPROP-a1dddb5efc3187c5b4e4b04a	REL-abd2650bcf443274eb467a60	SEMTSK-b6566cd1dcd301d7dcf62839	SI	SI	SI	SI	SI	SI	NO_APLICA_SIN_JOIN	SI	SI	NO_APLICA	NO	NO	VALIDADA_FAIL_CLOSED_SIN_INTEGRACION	NINGUNO	SIN_EXPEDIENTE_INTEGRABLE_SIN_JOIN_EXACTO
SEMPROP-b05ef904efb4dd88d4226a60	REL-e2371e6b0d421f30c496d3da	SEMTSK-b6566cd1dcd301d7dcf62839	SI	SI	SI	SI	SI	SI	NO_APLICA_SIN_JOIN	SI	SI	NO_APLICA	NO	NO	VALIDADA_FAIL_CLOSED_SIN_INTEGRACION	NINGUNO	SIN_EXPEDIENTE_INTEGRABLE_SIN_JOIN_EXACTO
SEMPROP-e13b6eb4a0147deff7a8a80c	REL-382a1f202f13e8134f376a00	SEMTSK-8e9b0c31206f4fad1ad03a66	SI	SI	SI	SI	SI	SI	NO_APLICA_SIN_JOIN	SI	SI	NO_APLICA	NO	NO	VALIDADA_FAIL_CLOSED_SIN_INTEGRACION	NINGUNO	SIN_EXPEDIENTE_INTEGRABLE_SIN_JOIN_EXACTO
SEMPROP-017d261169984f5e011152d5	REL-ddc381f55d9879a6629a14d4	SEMTSK-8e9b0c31206f4fad1ad03a66	SI	SI	SI	SI	SI	SI	NO_APLICA_SIN_JOIN	SI	SI	NO_APLICA	NO	NO	VALIDADA_FAIL_CLOSED_SIN_INTEGRACION	NINGUNO	SIN_EXPEDIENTE_INTEGRABLE_SIN_JOIN_EXACTO
SEMPROP-384f81e888fdc50f18d04ae5	REL-c9a73bd2a8258784f9f08ea8	SEMTSK-7b76c9fc39eedca3fb8873d8	SI	SI	SI	SI	SI	SI	NO_APLICA_SIN_JOIN	SI	SI	NO_APLICA	NO	NO	VALIDADA_FAIL_CLOSED_SIN_INTEGRACION	NINGUNO	SIN_EXPEDIENTE_INTEGRABLE_SIN_JOIN_EXACTO
SEMPROP-afaf8f44afee80414bbc2137	REL-6c97fe0c5cb528557054a838	SEMTSK-91f4d13a88b9bc5a846d13ab	SI	SI	SI	SI	SI	SI	NO_APLICA_SIN_JOIN	SI	SI	NO_APLICA	NO	NO	VALIDADA_FAIL_CLOSED_SIN_INTEGRACION	NINGUNO	SIN_EXPEDIENTE_INTEGRABLE_SIN_JOIN_EXACTO
SEMPROP-99afee4268c2017ee36a6386	REL-5fc50aa3d056d5b63f4e18df	SEMTSK-421f998d197e956bac3c19e1	SI	SI	SI	SI	SI	SI	NO_APLICA_SIN_JOIN	SI	SI	NO_APLICA	NO	NO	VALIDADA_FAIL_CLOSED_SIN_INTEGRACION	NINGUNO	SIN_EXPEDIENTE_INTEGRABLE_SIN_JOIN_EXACTO
SEMPROP-07f1228b55c85bea53ce85cf	REL-7feec534a72e40bdf9b6b393	SEMTSK-7fe6463046e954ef879a076d	SI	SI	SI	SI	SI	SI	NO_APLICA_SIN_JOIN	SI	SI	NO_APLICA	NO	NO	VALIDADA_FAIL_CLOSED_SIN_INTEGRACION	NINGUNO	SIN_EXPEDIENTE_INTEGRABLE_SIN_JOIN_EXACTO
SEMPROP-ce0e65d5bffd942b4d2f50b4	REL-0e3c2a3a6afd1dae2297740e	SEMTSK-6e6975b837ee9b2460e0fb32	SI	SI	SI	SI	SI	SI	NO_APLICA_SIN_JOIN	SI	SI	NO_APLICA	NO	NO	VALIDADA_FAIL_CLOSED_SIN_INTEGRACION	NINGUNO	SIN_EXPEDIENTE_INTEGRABLE_SIN_JOIN_EXACTO
SEMPROP-fc64f42325455f3a1c39a570	REL-0a4bbf31b54c5ce3565ba753	SEMTSK-b338f458980c8edbf66ea592	SI	SI	SI	SI	SI	SI	NO_APLICA_SIN_JOIN	SI	SI	NO_APLICA	NO	NO	VALIDADA_FAIL_CLOSED_SIN_INTEGRACION	NINGUNO	SIN_EXPEDIENTE_INTEGRABLE_SIN_JOIN_EXACTO
SEMPROP-2e6cb27983c3d1829592de16	REL-6ebc288cb21990e446f70262	SEMTSK-b338f458980c8edbf66ea592	SI	SI	SI	SI	SI	SI	NO_APLICA_SIN_JOIN	SI	SI	NO_APLICA	NO	NO	VALIDADA_FAIL_CLOSED_SIN_INTEGRACION	NINGUNO	SIN_EXPEDIENTE_INTEGRABLE_SIN_JOIN_EXACTO
SEMPROP-b6a77a9d4f7fd61a66dd40d5	REL-781037a17e27bb2b93e13a63	SEMTSK-d1f03a8c4f335b935d659731	SI	SI	SI	SI	SI	SI	NO_APLICA_SIN_JOIN	SI	SI	NO_APLICA	NO	NO	VALIDADA_FAIL_CLOSED_SIN_INTEGRACION	NINGUNO	SIN_EXPEDIENTE_INTEGRABLE_SIN_JOIN_EXACTO
SEMPROP-36e24d56fbcbdaf416c4439d	REL-a8d0e6223c2d79b63a90b4f5	SEMTSK-940132106fc12f8f75d722b9	SI	SI	SI	SI	SI	SI	NO_APLICA_SIN_JOIN	SI	SI	NO_APLICA	NO	NO	VALIDADA_FAIL_CLOSED_SIN_INTEGRACION	NINGUNO	SIN_EXPEDIENTE_INTEGRABLE_SIN_JOIN_EXACTO
SEMPROP-0aaff200ab7bb260e5e14a08	REL-0ccb1f487408f4999004b321	SEMTSK-a51729167f0aec41496d5fb5	SI	SI	SI	SI	SI	SI	NO_APLICA_SIN_JOIN	SI	SI	NO_APLICA	NO	NO	VALIDADA_FAIL_CLOSED_SIN_INTEGRACION	NINGUNO	SIN_EXPEDIENTE_INTEGRABLE_SIN_JOIN_EXACTO
SEMPROP-7f29e63288e41a883dd60731	REL-235427b4ebd4727b5ccdeb98	SEMTSK-859ede5ae349b219c1e7e396	SI	SI	SI	SI	SI	SI	NO_APLICA_SIN_JOIN	SI	SI	NO_APLICA	NO	NO	VALIDADA_FAIL_CLOSED_SIN_INTEGRACION	NINGUNO	SIN_EXPEDIENTE_INTEGRABLE_SIN_JOIN_EXACTO
SEMPROP-a5c97c07abc454829210d0b7	REL-fd8abdfbae6d8de6a94eb38c	SEMTSK-51b8e8170336bc3261725518	SI	SI	SI	SI	SI	SI	NO_APLICA_SIN_JOIN	SI	SI	NO_APLICA	NO	NO	VALIDADA_FAIL_CLOSED_SIN_INTEGRACION	NINGUNO	SIN_EXPEDIENTE_INTEGRABLE_SIN_JOIN_EXACTO
SEMPROP-64165fe1b0215c05932153d6	REL-1867600f55b362380e728c4a	SEMTSK-57bba265dc10cb681f69b5f3	SI	SI	SI	SI	SI	SI	NO_APLICA_SIN_JOIN	SI	SI	NO_APLICA	NO	NO	VALIDADA_FAIL_CLOSED_SIN_INTEGRACION	NINGUNO	SIN_EXPEDIENTE_INTEGRABLE_SIN_JOIN_EXACTO
SEMPROP-712debeeb5ae9908edeb6432	REL-7a38c275915e890903752598	SEMTSK-57bba265dc10cb681f69b5f3	SI	SI	SI	SI	SI	SI	NO_APLICA_SIN_JOIN	SI	SI	NO_APLICA	NO	NO	VALIDADA_FAIL_CLOSED_SIN_INTEGRACION	NINGUNO	SIN_EXPEDIENTE_INTEGRABLE_SIN_JOIN_EXACTO
SEMPROP-3d59dd57761be69786d3479f	REL-523fe941f36eef5710d093ee	SEMTSK-f955cb694c43f418077c525b	SI	SI	SI	SI	SI	SI	NO_APLICA_SIN_JOIN	SI	SI	NO_APLICA	NO	NO	VALIDADA_FAIL_CLOSED_SIN_INTEGRACION	NINGUNO	SIN_EXPEDIENTE_INTEGRABLE_SIN_JOIN_EXACTO
SEMPROP-0ef74a29d9f05efe6da0f32b	REL-2a1cc2aeaa3a0d0f5e1e49d2	SEMTSK-22b146a107e2dff4fc4f7c15	SI	SI	SI	SI	SI	SI	NO_APLICA_SIN_JOIN	SI	SI	NO_APLICA	NO	NO	VALIDADA_FAIL_CLOSED_SIN_INTEGRACION	NINGUNO	SIN_EXPEDIENTE_INTEGRABLE_SIN_JOIN_EXACTO
SEMPROP-af7fec8a599d2890c5a1c50d	REL-6e785044dd97d2658a495bb2	SEMTSK-22b146a107e2dff4fc4f7c15	SI	SI	SI	SI	SI	SI	NO_APLICA_SIN_JOIN	SI	SI	NO_APLICA	NO	NO	VALIDADA_FAIL_CLOSED_SIN_INTEGRACION	NINGUNO	SIN_EXPEDIENTE_INTEGRABLE_SIN_JOIN_EXACTO
SEMPROP-1136329bd6f9d14a93eec561	REL-8d5ee427f92ae19be789b8d6	SEMTSK-ff48a53572105ce853fca39b	SI	SI	SI	SI	SI	SI	NO_APLICA_SIN_JOIN	SI	SI	NO_APLICA	NO	NO	VALIDADA_FAIL_CLOSED_SIN_INTEGRACION	NINGUNO	SIN_EXPEDIENTE_INTEGRABLE_SIN_JOIN_EXACTO
SEMPROP-e8f553d9e9438384a38b2656	REL-f721d49d739e759d00a9643b	SEMTSK-ff48a53572105ce853fca39b	SI	SI	SI	SI	SI	SI	NO_APLICA_SIN_JOIN	SI	SI	NO_APLICA	NO	NO	VALIDADA_FAIL_CLOSED_SIN_INTEGRACION	NINGUNO	SIN_EXPEDIENTE_INTEGRABLE_SIN_JOIN_EXACTO
SEMPROP-173cc90e881d6d06a15d8d19	REL-3e153324c7506ed0e35a7a70	SEMTSK-aeaa5ec5cfdd3cd907e60169	SI	SI	SI	SI	SI	SI	NO_APLICA_SIN_JOIN	SI	SI	NO_APLICA	NO	NO	VALIDADA_FAIL_CLOSED_SIN_INTEGRACION	NINGUNO	SIN_EXPEDIENTE_INTEGRABLE_SIN_JOIN_EXACTO
SEMPROP-ddac84522a46b165feac047f	REL-dc5971db0730ed2876fdb5b3	SEMTSK-aeaa5ec5cfdd3cd907e60169	SI	SI	SI	SI	SI	SI	NO_APLICA_SIN_JOIN	SI	SI	NO_APLICA	NO	NO	VALIDADA_FAIL_CLOSED_SIN_INTEGRACION	NINGUNO	SIN_EXPEDIENTE_INTEGRABLE_SIN_JOIN_EXACTO
SEMPROP-fa828e81c8cb61428af4d631	REL-e86c10c4e19ea32e57b6a28d	SEMTSK-aeaa5ec5cfdd3cd907e60169	SI	SI	SI	SI	SI	SI	NO_APLICA_SIN_JOIN	SI	SI	NO_APLICA	NO	NO	VALIDADA_FAIL_CLOSED_SIN_INTEGRACION	NINGUNO	SIN_EXPEDIENTE_INTEGRABLE_SIN_JOIN_EXACTO
SEMPROP-d159f06758c75debce68f978	REL-3d6a985a8dafc13fdbd39e4a	SEMTSK-93ceb697157e065bdc061612	SI	SI	SI	SI	SI	SI	NO_APLICA_SIN_JOIN	SI	SI	NO_APLICA	NO	NO	VALIDADA_FAIL_CLOSED_SIN_INTEGRACION	NINGUNO	SIN_EXPEDIENTE_INTEGRABLE_SIN_JOIN_EXACTO
SEMPROP-8370eabbc9fe58c88a5e20ec	REL-57df012cdba3e281563c1068	SEMTSK-93ceb697157e065bdc061612	SI	SI	SI	SI	SI	SI	NO_APLICA_SIN_JOIN	SI	SI	NO_APLICA	NO	NO	VALIDADA_FAIL_CLOSED_SIN_INTEGRACION	NINGUNO	SIN_EXPEDIENTE_INTEGRABLE_SIN_JOIN_EXACTO
