fuente_canonica	puerta	evidencia_de_equivalencia	clasificacion_a4_de_la_puerta	capa2_agregada	en_cola	gap
ACLED	VACIO	cruce por nombre exacto: 0 coincidencias; cruce por URL (cola.url_conocida vs puertas.url): sin coincidencia; cruce por necesidad_que_sirve: sin puerta cuyo nombre/institucion corrobore identidad (solo posible traslape tematico, insuficiente por si solo)	NO-ENCONTRADO	NO_REFERENCIADO	10	SIN-PUERTA
AHORRO FINANCIERO Y FINANCIAMI	VACIO	cruce por nombre exacto: 0 coincidencias; cruce por URL (cola.url_conocida vs puertas.url): sin coincidencia; cruce por necesidad_que_sirve: sin puerta cuyo nombre/institucion corrobore identidad (solo posible traslape tematico, insuficiente por si solo)	NO-ENCONTRADO	NO_REFERENCIADO	47	SIN-PUERTA
BASE_DEL_OBSERVATORIO_DE_CONFLICTOS_POR_EL_AGUA	VACIO	cruce por nombre exacto: 0 coincidencias; cruce por URL (cola.url_conocida vs puertas.url): sin coincidencia; cruce por necesidad_que_sirve: sin puerta cuyo nombre/institucion corrobore identidad (solo posible traslape tematico, insuficiente por si solo)	NO-ENCONTRADO	NO_REFERENCIADO	26	SIN-PUERTA
BASE_DE_EVENTOS_DE_PROTESTA_EN_MEXICO	VACIO	cruce por nombre exacto: 0 coincidencias; cruce por URL (cola.url_conocida vs puertas.url): sin coincidencia; cruce por necesidad_que_sirve: sin puerta cuyo nombre/institucion corrobore identidad (solo posible traslape tematico, insuficiente por si solo)	NO-ENCONTRADO	NO_REFERENCIADO	27	SIN-PUERTA
BDIF	VACIO	cruce por nombre exacto: 0 coincidencias; cruce por URL (cola.url_conocida vs puertas.url): sin coincidencia; cruce por necesidad_que_sirve: sin puerta cuyo nombre/institucion corrobore identidad (solo posible traslape tematico, insuficiente por si solo)	NO-ENCONTRADO	NO_REFERENCIADO	48	SIN-PUERTA
BIARE	VACIO	cruce por nombre exacto: 0 coincidencias; cruce por URL (cola.url_conocida vs puertas.url): sin coincidencia; cruce por necesidad_que_sirve: sin puerta cuyo nombre/institucion corrobore identidad (solo posible traslape tematico, insuficiente por si solo)	NO-ENCONTRADO	SI_O_REFERENCIADO	NO	SIN-PUERTA
CANAL_DE_ADQUISICION_REFERIDOS_FINTECH	VACIO	cruce por nombre exacto: 0 coincidencias; cruce por URL (cola.url_conocida vs puertas.url): sin coincidencia; cruce por necesidad_que_sirve: sin puerta cuyo nombre/institucion corrobore identidad (solo posible traslape tematico, insuficiente por si solo)	NO-ENCONTRADO	NO_REFERENCIADO	20	SIN-PUERTA
CCPV	VACIO	cruce por nombre exacto: 0 coincidencias; cruce por URL (cola.url_conocida vs puertas.url): sin coincidencia; cruce por necesidad_que_sirve: sin puerta cuyo nombre/institucion corrobore identidad (solo posible traslape tematico, insuficiente por si solo)	NO-ENCONTRADO	SI_O_REFERENCIADO	NO	SIN-PUERTA
CNGMD	VACIO	cruce por nombre exacto: 0 coincidencias; cruce por URL (cola.url_conocida vs puertas.url): sin coincidencia; cruce por necesidad_que_sirve: sin puerta cuyo nombre/institucion corrobore identidad (solo posible traslape tematico, insuficiente por si solo)	NO-ENCONTRADO	NO_REFERENCIADO	28	SIN-PUERTA
COMPARATIVE_STUDY_OF_ELECTORAL_SYSTEMS_MEXICO_2018	VACIO	cruce por nombre exacto: 0 coincidencias; cruce por URL (cola.url_conocida vs puertas.url): sin coincidencia; cruce por necesidad_que_sirve: sin puerta cuyo nombre/institucion corrobore identidad (solo posible traslape tematico, insuficiente por si solo)	NO-ENCONTRADO	NO_REFERENCIADO	29	SIN-PUERTA
CSES	VACIO	cruce por nombre exacto: 0 coincidencias; cruce por URL (cola.url_conocida vs puertas.url): sin coincidencia; cruce por necesidad_que_sirve: sin puerta cuyo nombre/institucion corrobore identidad (solo posible traslape tematico, insuficiente por si solo)	NO-ENCONTRADO	NO_REFERENCIADO	7	SIN-PUERTA
DENUNCIA_VINCULADA_CON_TENENCIA_DE_SEGURO	VACIO	cruce por nombre exacto: 0 coincidencias; cruce por URL (cola.url_conocida vs puertas.url): sin coincidencia; cruce por necesidad_que_sirve: sin puerta cuyo nombre/institucion corrobore identidad (solo posible traslape tematico, insuficiente por si solo)	NO-ENCONTRADO	NO_REFERENCIADO	21	SIN-PUERTA
DOES_CORRUPTION_INFORMATION_INSPIRE_THE_FIGHT_OR_QUASH_THE_HOPE	VACIO	cruce por nombre exacto: 0 coincidencias; cruce por URL (cola.url_conocida vs puertas.url): sin coincidencia; cruce por necesidad_que_sirve: sin puerta cuyo nombre/institucion corrobore identidad (solo posible traslape tematico, insuficiente por si solo)	NO-ENCONTRADO	NO_REFERENCIADO	30	SIN-PUERTA
EARLY_CHILDHOOD_EDUCATION_PROGRAM_IMPACT_EVALUATION_2012_2014	VACIO	cruce por nombre exacto: 0 coincidencias; cruce por URL (cola.url_conocida vs puertas.url): sin coincidencia; cruce por necesidad_que_sirve: sin puerta cuyo nombre/institucion corrobore identidad (solo posible traslape tematico, insuficiente por si solo)	NO-ENCONTRADO	NO_REFERENCIADO	4	SIN-PUERTA
ELECTORAL_PRECINCT_LEVEL_DATABASE_FOR_MEXICAN_MUNICIPAL_ELECTION	VACIO	cruce por nombre exacto: 0 coincidencias; cruce por URL (cola.url_conocida vs puertas.url): sin coincidencia; cruce por necesidad_que_sirve: sin puerta cuyo nombre/institucion corrobore identidad (solo posible traslape tematico, insuficiente por si solo)	NO-ENCONTRADO	NO_REFERENCIADO	31	SIN-PUERTA
ENAFIN	VACIO	cruce por nombre exacto: 0 coincidencias; cruce por URL (cola.url_conocida vs puertas.url): sin coincidencia; cruce por necesidad_que_sirve: sin puerta cuyo nombre/institucion corrobore identidad (solo posible traslape tematico, insuficiente por si solo)	NO-ENCONTRADO	NO_REFERENCIADO	49	SIN-PUERTA
ENASIC	RNM_ENASIC_2022_ficha922	coincidencia de nombre exacta (ENASIC 2022 = ficha RNM 922 ya en produccion propia via SELLO-B)	EXISTE-SATISFACE	SI	NO	CON-PUERTA-CLASIFICADA
ENBIARE	RNM_ENBIARE_2021_ficha730	coincidencia de nombre exacta (ENBIARE 2021 = ficha RNM 730)	EXISTE-SATISFACE	SI	NO	CON-PUERTA-CLASIFICADA
ENCIG	VACIO	cruce por nombre exacto: 0 coincidencias; cruce por URL (cola.url_conocida vs puertas.url): sin coincidencia; cruce por necesidad_que_sirve: sin puerta cuyo nombre/institucion corrobore identidad (solo posible traslape tematico, insuficiente por si solo)	NO-ENCONTRADO	SI_O_REFERENCIADO	NO	SIN-PUERTA
ENCOAP	VACIO	cruce por nombre exacto: 0 coincidencias; cruce por URL (cola.url_conocida vs puertas.url): sin coincidencia; cruce por necesidad_que_sirve: sin puerta cuyo nombre/institucion corrobore identidad (solo posible traslape tematico, insuficiente por si solo)	NO-ENCONTRADO	SI_O_REFERENCIADO	17	SIN-PUERTA
ENCUCI	RNM_ENCUCI_2020_ficha647	coincidencia de nombre exacta (ENCUCI 2020 = ficha RNM 647)	EXISTE-SATISFACE	SI_O_REFERENCIADO	NO	CON-PUERTA-CLASIFICADA
ENCUESTA_ANUAL_DE_COMPETENCIAS_FINANCIERAS_2019_2024	VACIO	cruce por nombre exacto: 0 coincidencias; cruce por URL (cola.url_conocida vs puertas.url): sin coincidencia; cruce por necesidad_que_sirve: sin puerta cuyo nombre/institucion corrobore identidad (solo posible traslape tematico, insuficiente por si solo)	NO-ENCONTRADO	NO_REFERENCIADO	32	SIN-PUERTA
ENCUESTA_ANUAL_DE_COMPETENCIAS_FINANCIERAS_DE_LA_POBLACION	VACIO	cruce por nombre exacto: 0 coincidencias; cruce por URL (cola.url_conocida vs puertas.url): sin coincidencia; cruce por necesidad_que_sirve: sin puerta cuyo nombre/institucion corrobore identidad (solo posible traslape tematico, insuficiente por si solo)	NO-ENCONTRADO	NO_REFERENCIADO	33	SIN-PUERTA
ENCUP	VACIO	cruce por nombre exacto: 0 coincidencias; cruce por URL (cola.url_conocida vs puertas.url): sin coincidencia; cruce por necesidad_que_sirve: sin puerta cuyo nombre/institucion corrobore identidad (solo posible traslape tematico, insuficiente por si solo)	NO-ENCONTRADO	NO_REFERENCIADO	51	SIN-PUERTA
ENFIH	VACIO	cruce por nombre exacto: 0 coincidencias; cruce por URL (cola.url_conocida vs puertas.url): sin coincidencia; cruce por necesidad_que_sirve: sin puerta cuyo nombre/institucion corrobore identidad (solo posible traslape tematico, insuficiente por si solo)	NO-ENCONTRADO	SI	NO	SIN-PUERTA
ENIF	VACIO	cruce por nombre exacto: 0 coincidencias; cruce por URL (cola.url_conocida vs puertas.url): sin coincidencia; cruce por necesidad_que_sirve: sin puerta cuyo nombre/institucion corrobore identidad (solo posible traslape tematico, insuficiente por si solo)	NO-ENCONTRADO	SI_O_REFERENCIADO	44	SIN-PUERTA
ENIGH	VACIO	cruce por nombre exacto: 0 coincidencias; cruce por URL (cola.url_conocida vs puertas.url): sin coincidencia; cruce por necesidad_que_sirve: sin puerta cuyo nombre/institucion corrobore identidad (solo posible traslape tematico, insuficiente por si solo)	NO-ENCONTRADO	SI_O_REFERENCIADO	NO	SIN-PUERTA
ENNVIH	VACIO	cruce por nombre exacto: 0 coincidencias; cruce por URL (cola.url_conocida vs puertas.url): sin coincidencia; cruce por necesidad_que_sirve: sin puerta cuyo nombre/institucion corrobore identidad (solo posible traslape tematico, insuficiente por si solo)	NO-ENCONTRADO	SI_O_REFERENCIADO	NO	SIN-PUERTA
ENOE	VACIO	cruce por nombre exacto: 0 coincidencias; cruce por URL (cola.url_conocida vs puertas.url): sin coincidencia; cruce por necesidad_que_sirve: sin puerta cuyo nombre/institucion corrobore identidad (solo posible traslape tematico, insuficiente por si solo)	NO-ENCONTRADO	SI_O_REFERENCIADO	NO	SIN-PUERTA
ENSAFI	VACIO	cruce por nombre exacto: 0 coincidencias; cruce por URL (cola.url_conocida vs puertas.url): sin coincidencia; cruce por necesidad_que_sirve: sin puerta cuyo nombre/institucion corrobore identidad (solo posible traslape tematico, insuficiente por si solo)	NO-ENCONTRADO	SI	NO	SIN-PUERTA
ENVIPE	VACIO	cruce por nombre exacto: 0 coincidencias; cruce por URL (cola.url_conocida vs puertas.url): sin coincidencia; cruce por necesidad_que_sirve: sin puerta cuyo nombre/institucion corrobore identidad (solo posible traslape tematico, insuficiente por si solo)	NO-ENCONTRADO	SI_O_REFERENCIADO	NO	SIN-PUERTA
ESTUDIOS_DE_RECHAZOS_Y_CORPUS_PRAGMATICO_DE_FELIX_BRASDEFER	VACIO	cruce por nombre exacto: 0 coincidencias; cruce por URL (cola.url_conocida vs puertas.url): sin coincidencia; cruce por necesidad_que_sirve: sin puerta cuyo nombre/institucion corrobore identidad (solo posible traslape tematico, insuficiente por si solo)	NO-ENCONTRADO	NO_REFERENCIADO	2	SIN-PUERTA
EXPERIMENTO_DE_INFORMACION_ELECTORAL_2009	VACIO	cruce por nombre exacto: 0 coincidencias; cruce por URL (cola.url_conocida vs puertas.url): sin coincidencia; cruce por necesidad_que_sirve: sin puerta cuyo nombre/institucion corrobore identidad (solo posible traslape tematico, insuficiente por si solo)	NO-ENCONTRADO	SI_O_REFERENCIADO	NO	SIN-PUERTA
FABLE	VACIO	cruce por nombre exacto: 0 coincidencias; cruce por URL (cola.url_conocida vs puertas.url): sin coincidencia; cruce por necesidad_que_sirve: sin puerta cuyo nombre/institucion corrobore identidad (solo posible traslape tematico, insuficiente por si solo)	NO-ENCONTRADO	SI_O_REFERENCIADO	NO	SIN-PUERTA
FINANZAS	VACIO	cruce por nombre exacto: 0 coincidencias; cruce por URL (cola.url_conocida vs puertas.url): sin coincidencia; cruce por necesidad_que_sirve: sin puerta cuyo nombre/institucion corrobore identidad (solo posible traslape tematico, insuficiente por si solo)	NO-ENCONTRADO	SI_O_REFERENCIADO	NO	SIN-PUERTA
FINTECH_LENDING_TO_BORROWERS_WITH_NO_CREDIT_HISTORY	VACIO	cruce por nombre exacto: 0 coincidencias; cruce por URL (cola.url_conocida vs puertas.url): sin coincidencia; cruce por necesidad_que_sirve: sin puerta cuyo nombre/institucion corrobore identidad (solo posible traslape tematico, insuficiente por si solo)	NO-ENCONTRADO	NO_REFERENCIADO	22	SIN-PUERTA
GDELT	VACIO	cruce por nombre exacto: 0 coincidencias; cruce por URL (cola.url_conocida vs puertas.url): sin coincidencia; cruce por necesidad_que_sirve: sin puerta cuyo nombre/institucion corrobore identidad (solo posible traslape tematico, insuficiente por si solo)	NO-ENCONTRADO	NO_REFERENCIADO	11	SIN-PUERTA
GLOBAL_PREFERENCES_SURVEY	VACIO	cruce por nombre exacto: 0 coincidencias; cruce por URL (cola.url_conocida vs puertas.url): sin coincidencia; cruce por necesidad_que_sirve: sin puerta cuyo nombre/institucion corrobore identidad (solo posible traslape tematico, insuficiente por si solo)	NO-ENCONTRADO	SI_O_REFERENCIADO	NO	SIN-PUERTA
GPS	VACIO	cruce por nombre exacto: 0 coincidencias; cruce por URL (cola.url_conocida vs puertas.url): sin coincidencia; cruce por necesidad_que_sirve: sin puerta cuyo nombre/institucion corrobore identidad (solo posible traslape tematico, insuficiente por si solo)	NO-ENCONTRADO	SI_O_REFERENCIADO	6	SIN-PUERTA
HOMESCAN_CONSUMER_PANEL_SERVICES	VACIO	cruce por nombre exacto: 0 coincidencias; cruce por URL (cola.url_conocida vs puertas.url): sin coincidencia; cruce por necesidad_que_sirve: sin puerta cuyo nombre/institucion corrobore identidad (solo posible traslape tematico, insuficiente por si solo)	NO-ENCONTRADO	NO_REFERENCIADO	34	SIN-PUERTA
IMPACT_EVALUATION_OF_MOBILE_PEDAGOGICAL_TUTORS_2016	VACIO	cruce por nombre exacto: 0 coincidencias; cruce por URL (cola.url_conocida vs puertas.url): sin coincidencia; cruce por necesidad_que_sirve: sin puerta cuyo nombre/institucion corrobore identidad (solo posible traslape tematico, insuficiente por si solo)	NO-ENCONTRADO	NO_REFERENCIADO	5	SIN-PUERTA
IMPACT_EVALUATION_OF_PARENTAL_EMPOWERMENT_PROGRAM	VACIO	cruce por nombre exacto: 0 coincidencias; cruce por URL (cola.url_conocida vs puertas.url): sin coincidencia; cruce por necesidad_que_sirve: sin puerta cuyo nombre/institucion corrobore identidad (solo posible traslape tematico, insuficiente por si solo)	NO-ENCONTRADO	NO_REFERENCIADO	35	SIN-PUERTA
IMSS	VACIO	candidata descartada, no puerta: fuente_nombre de IMSS='Familia de instrumentos de satisfaccion de usuarios' (encuestas de satisfaccion) vs puerta='Datos Abiertos de Asegurados' (microdato administrativo de poblacion asegurada) -- mismo institucion, producto verificablemente distinto; no hay evidencia de URL o cita que los identifique. SIN-PUERTA.	NO-ENCONTRADO	SI_O_REFERENCIADO	NO	SIN-PUERTA
INE	INE_Conteos_Censales_Participacion	coincidencia de institucion (INE=Instituto Nacional Electoral, mismo nombre en fuente_nombre y en institucion de la puerta) + necesidad_id: INE sirve N25,N26; puerta.necesidad_que_sirve=N25 -- coincide solo N25, N26 queda sin puerta conocida (declarado, no resuelto: cobertura parcial)	EXISTE-NO-SATISFACE	NO_REFERENCIADO	46	CON-PUERTA-CLASIFICADA
INTERACTING_AS_EQUALS_REDUCES_PARTISAN_POLARIZATION_IN_MEXICO	VACIO	cruce por nombre exacto: 0 coincidencias; cruce por URL (cola.url_conocida vs puertas.url): sin coincidencia; cruce por necesidad_que_sirve: sin puerta cuyo nombre/institucion corrobore identidad (solo posible traslape tematico, insuficiente por si solo)	NO-ENCONTRADO	NO_REFERENCIADO	12	SIN-PUERTA
ISSP	VACIO	cruce por nombre exacto: 0 coincidencias; cruce por URL (cola.url_conocida vs puertas.url): sin coincidencia; cruce por necesidad_que_sirve: sin puerta cuyo nombre/institucion corrobore identidad (solo posible traslape tematico, insuficiente por si solo)	NO-ENCONTRADO	NO_REFERENCIADO	1	SIN-PUERTA
LAPOP	VACIO	cruce por nombre exacto: 0 coincidencias; cruce por URL (cola.url_conocida vs puertas.url): sin coincidencia; cruce por necesidad_que_sirve: sin puerta cuyo nombre/institucion corrobore identidad (solo posible traslape tematico, insuficiente por si solo)	NO-ENCONTRADO	NO_REFERENCIADO	52	SIN-PUERTA
LARGE_SCALE_FINANCIAL_EDUCATION_PROGRAM_IMPACT_EVALUATION_2011_2	VACIO	cruce por nombre exacto: 0 coincidencias; cruce por URL (cola.url_conocida vs puertas.url): sin coincidencia; cruce por necesidad_que_sirve: sin puerta cuyo nombre/institucion corrobore identidad (solo posible traslape tematico, insuficiente por si solo)	NO-ENCONTRADO	NO_REFERENCIADO	23	SIN-PUERTA
LATINOBARÓMETRO	VACIO	cruce por nombre exacto: 0 coincidencias; cruce por URL (cola.url_conocida vs puertas.url): sin coincidencia; cruce por necesidad_que_sirve: sin puerta cuyo nombre/institucion corrobore identidad (solo posible traslape tematico, insuficiente por si solo)	NO-ENCONTRADO	SI_O_REFERENCIADO	53	SIN-PUERTA
MASS_MOBILIZATION_DATA_PROJECT_EVENTOS_MEXICO	VACIO	cruce por nombre exacto: 0 coincidencias; cruce por URL (cola.url_conocida vs puertas.url): sin coincidencia; cruce por necesidad_que_sirve: sin puerta cuyo nombre/institucion corrobore identidad (solo posible traslape tematico, insuficiente por si solo)	NO-ENCONTRADO	NO_REFERENCIADO	13	SIN-PUERTA
MASS_MOBILIZATION_PROTEST_DATA	VACIO	cruce por nombre exacto: 0 coincidencias; cruce por URL (cola.url_conocida vs puertas.url): sin coincidencia; cruce por necesidad_que_sirve: sin puerta cuyo nombre/institucion corrobore identidad (solo posible traslape tematico, insuficiente por si solo)	NO-ENCONTRADO	NO_REFERENCIADO	14	SIN-PUERTA
MASS_MOBILIZATION_PROTEST_DATA_MEXICO	VACIO	cruce por nombre exacto: 0 coincidencias; cruce por URL (cola.url_conocida vs puertas.url): sin coincidencia; cruce por necesidad_que_sirve: sin puerta cuyo nombre/institucion corrobore identidad (solo posible traslape tematico, insuficiente por si solo)	NO-ENCONTRADO	NO_REFERENCIADO	15	SIN-PUERTA
MEXICO_ENTERPRISE_SURVEYS_COMPONENTE_PANEL_CANDIDATO_2006_2010	VACIO	cruce por nombre exacto: 0 coincidencias; cruce por URL (cola.url_conocida vs puertas.url): sin coincidencia; cruce por necesidad_que_sirve: sin puerta cuyo nombre/institucion corrobore identidad (solo posible traslape tematico, insuficiente por si solo)	NO-ENCONTRADO	NO_REFERENCIADO	8	SIN-PUERTA
MEXICO_PANEL_STUDY_2012	ICPSR_Mexico_Panel_Study_2012	URL: cola.url_conocida=https://www.icpsr.umich.edu/web/ICPSR/studies/35024 vs puerta.url=https://www.icpsr.umich.edu/web/RCMD/studies/35024 -- mismo study_id ICPSR 35024, solo difiere el prefijo de coleccion (ICPSR vs RCMD, ambos depositos del mismo estudio)	NO-ACCESIBLE	NO_REFERENCIADO	18	CON-PUERTA-CLASIFICADA
MICROCREDIT_IMPACTS_COMPARTAMOS_RCT	VACIO	cruce por nombre exacto: 0 coincidencias; cruce por URL (cola.url_conocida vs puertas.url): sin coincidencia; cruce por necesidad_que_sirve: sin puerta cuyo nombre/institucion corrobore identidad (solo posible traslape tematico, insuficiente por si solo)	NO-ENCONTRADO	NO_REFERENCIADO	24	SIN-PUERTA
MICROCREDIT_IMPACTS_RANDOMIZED_MICROCREDIT_PROGRAM_PLACEMENT_EXP	VACIO	cruce por nombre exacto: 0 coincidencias; cruce por URL (cola.url_conocida vs puertas.url): sin coincidencia; cruce por necesidad_que_sirve: sin puerta cuyo nombre/institucion corrobore identidad (solo posible traslape tematico, insuficiente por si solo)	NO-ENCONTRADO	NO_REFERENCIADO	25	SIN-PUERTA
OECD	VACIO	cruce por nombre exacto: 0 coincidencias; cruce por URL (cola.url_conocida vs puertas.url): sin coincidencia; cruce por necesidad_que_sirve: sin puerta cuyo nombre/institucion corrobore identidad (solo posible traslape tematico, insuficiente por si solo)	NO-ENCONTRADO	NO_REFERENCIADO	36	SIN-PUERTA
PANEL_DE_COMPRA_DE_HOGARES	VACIO	cruce por nombre exacto: 0 coincidencias; cruce por URL (cola.url_conocida vs puertas.url): sin coincidencia; cruce por necesidad_que_sirve: sin puerta cuyo nombre/institucion corrobore identidad (solo posible traslape tematico, insuficiente por si solo)	NO-ENCONTRADO	NO_REFERENCIADO	37	SIN-PUERTA
PI	CNBV_Portafolio_Informacion	coincidencia de nombre (fuente_nombre='Portafolio de Informacion' = puerta) + necesidad_id: PI sirve N19 (unica relacion), puerta.necesidad_que_sirve=N19, ambas coinciden	EXISTE-NO-SATISFACE	NO_REFERENCIADO	50	CON-PUERTA-CLASIFICADA
PRICE_AND_INFORMATION_TYPE_IN_LIFE_MICROINSURANCE_DEMAND	VACIO	cruce por nombre exacto: 0 coincidencias; cruce por URL (cola.url_conocida vs puertas.url): sin coincidencia; cruce por necesidad_que_sirve: sin puerta cuyo nombre/institucion corrobore identidad (solo posible traslape tematico, insuficiente por si solo)	NO-ENCONTRADO	NO_REFERENCIADO	38	SIN-PUERTA
PUB	VACIO	cruce por nombre exacto: 0 coincidencias; cruce por URL (cola.url_conocida vs puertas.url): sin coincidencia; cruce por necesidad_que_sirve: sin puerta cuyo nombre/institucion corrobore identidad (solo posible traslape tematico, insuficiente por si solo)	NO-ENCONTRADO	SI_O_REFERENCIADO	54	SIN-PUERTA
REGISTRO_DE_TANDAS_Y_REPUTACION	VACIO	cruce por nombre exacto: 0 coincidencias; cruce por URL (cola.url_conocida vs puertas.url): sin coincidencia; cruce por necesidad_que_sirve: sin puerta cuyo nombre/institucion corrobore identidad (solo posible traslape tematico, insuficiente por si solo)	NO-ENCONTRADO	NO_REFERENCIADO	39	SIN-PUERTA
REGISTRO_OPERATIVO_DE_TANDAS_DIGITALES	VACIO	cruce por nombre exacto: 0 coincidencias; cruce por URL (cola.url_conocida vs puertas.url): sin coincidencia; cruce por necesidad_que_sirve: sin puerta cuyo nombre/institucion corrobore identidad (solo posible traslape tematico, insuficiente por si solo)	NO-ENCONTRADO	NO_REFERENCIADO	40	SIN-PUERTA
RELLABORALES	VACIO	cruce por nombre exacto: 0 coincidencias; cruce por URL (cola.url_conocida vs puertas.url): sin coincidencia; cruce por necesidad_que_sirve: sin puerta cuyo nombre/institucion corrobore identidad (solo posible traslape tematico, insuficiente por si solo)	NO-ENCONTRADO	SI_O_REFERENCIADO	NO	SIN-PUERTA
RELLABORALESPRUEBA	VACIO	cruce por nombre exacto: 0 coincidencias; cruce por URL (cola.url_conocida vs puertas.url): sin coincidencia; cruce por necesidad_que_sirve: sin puerta cuyo nombre/institucion corrobore identidad (solo posible traslape tematico, insuficiente por si solo)	NO-ENCONTRADO	SI_O_REFERENCIADO	NO	SIN-PUERTA
REPORTE_SOBRE_USO_Y_CONFIANZA_DE_SERVICIOS_FINANCIEROS_DIGITALES	VACIO	cruce por nombre exacto: 0 coincidencias; cruce por URL (cola.url_conocida vs puertas.url): sin coincidencia; cruce por necesidad_que_sirve: sin puerta cuyo nombre/institucion corrobore identidad (solo posible traslape tematico, insuficiente por si solo)	NO-ENCONTRADO	NO_REFERENCIADO	41	SIN-PUERTA
REPOSITORIOS_UNAM_COLMEX_ITAM_DATAVERSE_ICPSR	UNAM_Repositorio_Institucional_panel;COLMEX_Repositorio_panel;ITAM_panel_household_finance;Harvard_Dataverse_Mexico_panel;ICPSR_Mexico_Panel_Study_2012	fuente_nombre='Repositorios UNAM/COLMEX/ITAM' enumera explicitamente las mismas instituciones que 5 puertas distintas ya clasificadas (UNAM/COLMEX/ITAM/Dataverse/ICPSR) -- ninguna evidencia en el repo prefiere una sobre las otras cuatro, EQUIVALENCIA-AMBIGUA con las 5 nombradas. Nota: ICPSR_Mexico_Panel_Study_2012 tambien es la puerta CONFIRMADA de un fuente distinto (MEXICO_PANEL_STUDY_2012, ver esa fila) -- puede servir a ambas demandas a la vez, no es una contradiccion.	VARIOS	SI_O_REFERENCIADO	NO	EQUIVALENCIA-AMBIGUA
SE	VACIO	cruce por nombre exacto: 0 coincidencias; cruce por URL (cola.url_conocida vs puertas.url): sin coincidencia; cruce por necesidad_que_sirve: sin puerta cuyo nombre/institucion corrobore identidad (solo posible traslape tematico, insuficiente por si solo)	NO-ENCONTRADO	SI_O_REFERENCIADO	19	SIN-PUERTA
SERIES_SPEI_CODI_BANXICO	VACIO	cruce por nombre exacto: 0 coincidencias; cruce por URL (cola.url_conocida vs puertas.url): sin coincidencia; cruce por necesidad_que_sirve: sin puerta cuyo nombre/institucion corrobore identidad (solo posible traslape tematico, insuficiente por si solo)	NO-ENCONTRADO	NO_REFERENCIADO	45	SIN-PUERTA
SICS	VACIO	cruce por nombre exacto: 0 coincidencias; cruce por URL (cola.url_conocida vs puertas.url): sin coincidencia; cruce por necesidad_que_sirve: sin puerta cuyo nombre/institucion corrobore identidad (solo posible traslape tematico, insuficiente por si solo)	NO-ENCONTRADO	NO_REFERENCIADO	42	SIN-PUERTA
SIN_CANDIDATO_IDENTIFICADO	VACIO	valor centinela de relaciones.tsv (sin fuente_nombre, sin candidato real) -- no es una fuente real que buscar, SIN-PUERTA trivial	NO-ENCONTRADO	SI_O_REFERENCIADO	NO	SIN-PUERTA
UCDP	VACIO	cruce por nombre exacto: 0 coincidencias; cruce por URL (cola.url_conocida vs puertas.url): sin coincidencia; cruce por necesidad_que_sirve: sin puerta cuyo nombre/institucion corrobore identidad (solo posible traslape tematico, insuficiente por si solo)	NO-ENCONTRADO	NO_REFERENCIADO	16	SIN-PUERTA
VOTAR_ENTRE_BALAS	VACIO	cruce por nombre exacto: 0 coincidencias; cruce por URL (cola.url_conocida vs puertas.url): sin coincidencia; cruce por necesidad_que_sirve: sin puerta cuyo nombre/institucion corrobore identidad (solo posible traslape tematico, insuficiente por si solo)	NO-ENCONTRADO	SI_O_REFERENCIADO	43	SIN-PUERTA
WORLD_BANK_ENTERPRISE_SURVEY_MEXICO_2023	VACIO	cruce por nombre exacto: 0 coincidencias; cruce por URL (cola.url_conocida vs puertas.url): sin coincidencia; cruce por necesidad_que_sirve: sin puerta cuyo nombre/institucion corrobore identidad (solo posible traslape tematico, insuficiente por si solo)	NO-ENCONTRADO	NO_REFERENCIADO	9	SIN-PUERTA
WVS	WVS_World_Values_Survey	coincidencia de nombre (fuente_nombre='World Values Survey' = nombre de puerta), verificado por lectura directa de ambos	NO-ENCONTRADO	NO_REFERENCIADO	3	CON-PUERTA-CLASIFICADA
