seccion	item	url	tipo	formato	frecuencia_o_ventana	que_mide_o_contiene	clasificacion_a4	universo_busqueda	receta_manual	notas	sha256_payload	id_manifiesto
A.1	SIE_catalogoSeries_token	https://www.banxico.org.mx/SieAPIRest/service/v1/token ; .../series/catalogoSeries	API REST con token	JSON/CSV	n/a	catalogo completo de 190,000+ series SIE, via de A.1 pedida por el encargo	NO-ACCESIBLE (registro gratuito requerido; este agente no llena formularios con el correo del usuario sin autorizacion explicita -- no es negativa de acceso, es limite de herramienta+autorizacion)	portal SIE, formulario de token por correo	1) Ir a https://www.banxico.org.mx/SieAPIRest/service/v1/token 2) Llenar correo, aceptar terminos (formulario gratuito, <1 min) 3) Token llega por correo 4) GET .../series/catalogoSeries?token=TOKEN y filtrar 'CoDi'/'SPEI' -- NO NECESARIO si se usa la via alterna de este acto (fila siguiente), que ya entrega los ids sin token	NO OBTENIDO POR ESTE AGENTE -- 0 intentos (no es fallo de red, es decision deliberada de no registrar el correo del usuario en un formulario externo sin pedir permiso primero). Superado en la practica por A.2/A.4: la via SieInternet (sin token) ya entrega idCuadro reales y datos.		
A.1	CoDi_SPEI_ids_de_serie	https://www.codi.org.mx/secundarias/estadisticas.html (enlaces reales a SieInternet)	idCuadro SIE (no idSerie SieAPIRest, via distinta)	HTML con enlaces a consultarDirectorioInternetAction.do	diaria (ventana visible sin JS: solo ultimos 3 dias)	5 idCuadro reales: CF881 cuentas validadas, CF882 cuentas pago/cobro, CF884 operaciones, CF885 monto, CF883 dispositivos Android/iOS enrolados	EXISTE-SATISFACE -- resuelve el objetivo de A.1 (localizar los ids) sin necesitar token, via SieInternet en vez de SieAPIRest	codi.org.mx/secundarias/estadisticas.html, abierta byte a byte	n/a -- ya resuelto	PR#149 probo dos conjeturas de idSerie (SF60653/SF61510) y las descarto sin adjudicar; este acto NO repitio esas conjeturas -- encontro los ids reales por el mecanismo correcto (abrir la pagina oficial que los expone). Los 5 cuadros bajados y registrados (ver filas siguientes).	ver filas CF881-CF885 c/u	ver filas CF881-CF885 c/u
A.2	codi_org_mx_estadisticas	https://www.codi.org.mx/secundarias/estadisticas.html	pagina oficial CoDi con 6 descargas	HTML	n/a	landing que separa las 4+ metricas exigidas por la ficha R3.4 en descargas distintas	EXISTE-SATISFACE	n/a -- URL directa del TSV de #149	n/a	Confirmado byte a byte. Es la mejor puerta de entrada -- desde aqui salen los 5 idCuadro.	43119a1bbf066c426c0b40bb9c8f0fa851caed5a4df163cba99f8ea5b9ea5983	codi_org_mx_estadisticas_landing
A.2	SIE_CF881_cuentas_validadas	banxico.org.mx/SieInternet/consultarDirectorioInternetAction.do?sector=21&accion=consultarCuadro&idCuadro=CF881	cuadro SIE, sin token	HTML (tabla)	diaria; ventana visible sin JS: 25,26,27-jul-2026 (3 dias)	Total de cuentas validadas por dia, por institucion. Metrica 1/4: cuentas registradas	EXISTE-SATISFACE	n/a	Para serie historica completa: abrir la URL en navegador y usar el selector de fechas interactivo (JS) -- este acto no logro range query por parametros GET (ver B.3-style intento documentado en nota forense)	25/26/27-jul-2026: 5,467 / 4,635 / 6,091 cuentas/dia -- valores pequenos, consistentes con FLUJO diario (altas), no stock.	1debc7f3cc65edde5ef8c48544c03bf7dd6244a836dd19ad299c138e25fc3f55	banxico_sie_cf881_cuentas_validadas
A.2	SIE_CF882_cuentas_pago_cobro	banxico.org.mx/SieInternet/consultarDirectorioInternetAction.do?sector=21&accion=consultarCuadro&idCuadro=CF882	cuadro SIE, sin token	HTML (tabla)	diaria; ventana 25-27/jul/2026	Cuentas que han realizado >=1 pago (STOCK) y >=1 cobro (STOCK). Metrica 2/4: cuentas con operacion	EXISTE-SATISFACE	n/a	idem CF881	pago: 2,797,082/2,797,925/2,799,154 -- candidata mas cercana a 3.09M (Cobertura360 oct-2024), no reconciliada del todo (ver fila discrepancia). cobro: 1,126,651/1,126,757/1,126,911. Definicion Banxico: por dia operativo SPEI (18:00 a 18:00).	05cec9b9a2937b22f8644e2f674c183559b86fd97b3235312f23b21ab99f4964	banxico_sie_cf882_cuentas_pago_cobro
A.2	SIE_CF884_operaciones	banxico.org.mx/SieInternet/consultarDirectorioInternetAction.do?sector=21&accion=consultarCuadro&idCuadro=CF884	cuadro SIE, sin token	HTML (tabla)	diaria; ventana 25-27/jul/2026	Total de operaciones enviadas por dia. Metrica 3/4: numero de operaciones	EXISTE-SATISFACE	n/a	idem CF881	7,425/5,470/11,687 operaciones/dia -- corrobora Informe Anual IdMF 2024 (9,903 op. promedio diarias, dic-2024): misma serie, dos fuentes primarias independientes coinciden en orden de magnitud.	5bd31243e63fad1cb680728f1a3cfbddba6196506aa0f7779adbc6c8aaa5a5de	banxico_sie_cf884_operaciones
A.2	SIE_CF885_monto	banxico.org.mx/SieInternet/consultarDirectorioInternetAction.do?sector=21&accion=consultarCuadro&idCuadro=CF885	cuadro SIE, sin token	HTML (tabla)	diaria; ventana 25-27/jul/2026	Total de monto enviado (pesos) por dia. Metrica 4/4: importes	EXISTE-SATISFACE	n/a	idem CF881	$7,758,533/$3,538,804/$12,985,859 pesos/dia -- corrobora Informe Anual IdMF 2024 ($10.6M promedio diario, dic-2024).	de7658bfa05dbab31166f681a3ad8b481ba3afebb16589d289ae58ac3e083748	banxico_sie_cf885_monto
A.2	SIE_CF883_dispositivos_enrolados	banxico.org.mx/SieInternet/consultarDirectorioInternetAction.do?sector=21&accion=consultarCuadro&idCuadro=CF883	cuadro SIE, sin token	HTML (tabla)	diaria (STOCK); ventana 25-27/jul/2026	Dispositivos Android/iOS enrolados (apps). NO es ninguna de las 4 metricas de la ficha -- es apps/dispositivos.	EXISTE-NO-SATISFACE (existe y es fuerte candidata para la discrepancia, pero no es 'cuentas' en sentido estricto)	n/a	idem CF881 para historico	Android: 24,150,606/24,155,308/24,161,851 (6-ago-2026) -- candidata mas fuerte para explicar 21.8M (El Economista, sept-2025): trayectoria de crecimiento compatible. iOS total no extraido (presupuesto de tiempo).	f6456499e8ab2e498cf0995308f6a14250ae9529611fe9320a578642d85c5b1a	banxico_sie_cf883_dispositivos_enrolados
A.2	banxico_codi_avances_fecha	https://www.banxico.org.mx/sistemas-de-pago/codi-avances-banco-mexico.html	pagina oficial, institucional	HTML	actualizacion declarada en pagina	avance de instituciones financieras (no cifras de usuario final): 35 participantes SPEI con CoDi, tiempos de procesamiento	EXISTE-SATISFACE (confirma fecha; NO satisface para cifras de cuentas/operaciones -- ver CF88x)	n/a	n/a	CONFIRMADO byte a byte: 'Ultima Actualizacion: 10 de julio de 2026' -- coincide exacto con snippet citado por EXPLORA-1.	3052e7114cb2b100d7f170c2dc78549ca47174a7b2f9e581e36bea12bfb0252a	banxico_codi_avances_2026
A.2	Informe_Anual_IdMF_2019_a_2024	banxico.org.mx/publicaciones-y-prensa/informe-anual-sobre-las-infraestructuras-de-los-me/informes-infraestructuras-mer.html (listado; 6 PDFs con GUID por edicion)	listado + 6 PDF	HTML (listado) + PDF (6 ediciones)	anual, 2019-2024	Politica IdMF + cifras operativas oficiales anuales de CoDi/SPEI (ed.2024 secc.2.3.3: 9,903 op/dia dic-2024, $10.6M/dia, 35 participantes, 1,020 comercios, 86 gob., ~257.8 mil cuentas activas Q4-2024)	EXISTE-SATISFACE	n/a	n/a -- las 6 ediciones bajadas completas	CONFIRMADO: NO existe edicion 2025 al 6-ago-2026 (la mas reciente es 2024, 9 ediciones totales 2016-2024 en el listado). Ed.2024 es la candidata mas fuerte del encargo Y la que mas cifras primarias aporta -- ninguna de sus cifras de cuentas llega a millones (fortalece hipotesis de que 21.8M/17.8M no son 'cuentas CoDi').	listado:ba11757f...639bff | 2019:fc9ed338...188a | 2020:76340050...96f4 | 2021:63e3e08a...cb95 | 2022:c63ec824...a322 | 2023:efbcd281...047d | 2024:c164b911...78d6f (hashes completos en data/manifiesto.yaml)	banxico_informe_anual_idmf_listado_ediciones, banxico_informe_anual_idmf_2019, _2020, _2021, _2022, _2023, _2024
A.3	discrepancia_3_09M_vs_21_8M_17_8M	(sin URL unica -- reconciliacion contra las fuentes primarias de arriba)	analisis de reconciliacion	n/a	n/a	si 3.09M (Cobertura360 oct-2024) y 21.8M/17.8M (El Economista/Fintechexpert sept-2025) son la misma magnitud en 2 fechas, magnitudes distintas, o una no reproduce	EXISTE-NO-SATISFACE -- ACOTADA, NO RECONCILIADA DEL TODO (dicho con esas palabras, ADR-37)	n/a	Para cerrar del todo: obtener el valor HISTORICO exacto de CF882 (cuentas c/pago) en oct-2024 y de CF883 Android en sept-2025 -- requiere token SieAPIRest + idSerie, o navegador con el selector de fechas JS de SieInternet (ninguno disponible en este acto)	NINGUNA cifra oficial actual (jul-ago 2026) ni del Informe Anual 2024 llega a millones de 'cuentas CoDi' strictu sensu (maximo oficial: ~257.8 mil cuentas activas trimestrales, cierre 2024). Dos magnitudes distintas, no dos fechas de la misma: (a) 21.8M/17.8M sept-2025 -- candidata mas fuerte es dispositivos Android enrolados (24.16M ago-2026, trayectoria de crecimiento compatible hacia atras); 17.8M podria ser iOS+Android con otro corte o la cifra de un solo SO, no verificado. (b) 3.09M oct-2024 -- candidata mas cercana por orden de magnitud es 'cuentas con >=1 pago' (2.80M jul-2026), pero esta ultima DEBERIA ser mayor 21 meses despues si es stock acumulado monotono, no menor -- contradiccion no resuelta, posible cambio de metodologia o que 3.09M mida otra cosa. No se fuerza una reconciliacion falsa.		
A.4	obligacion_reporte_series_encuestas_CoDi_SPEI	n/a -- lista de lo visto, no busqueda nueva	lista	n/a	n/a	Todas las series/encuestas que miden CoDi/SPEI vistas en este acto	n/a (obligacion de reporte, no una puerta)	n/a	n/a	SIE CF881/CF882/CF884/CF885/CF883 (ver filas arriba). Informe Anual IdMF (banxico, anual, secc.2.3.3 CoDi). ENIF 2024 -- 5 olas, 22/22 COINCIDE+INTEGRO en disco, ya en corpus (respaldo previo, no re-descargado). ENDUTIH -- ya en corpus (id endutih2024_bd_dbf_zip, encuesta ICT/hogares INEGI; NO verificado en este acto si su cuestionario pregunta especificamente por CoDi/pagos digitales -- queda para quien adjudique la ficha). No se identificaron series adicionales de SPEI puro (fuera de CoDi) en las paginas consultadas.		
B.1	ENAPROCE2018_RNM_download_13137	https://www.inegi.org.mx/rnm/index.php/catalog/518/download/13137	enlace de descarga catalogado en RNM	n/a (recurso no disponible)	n/a	Catalogado pero servidor devuelve error al pedirlo	EXISTE-NO-SATISFACE (catalogado; recurso no disponible server-side)	n/a -- URL directa del TSV de #149	Probar de nuevo en el futuro (podria ser temporal); si persiste, reportar a INEGI via atencion.usuarios@inegi.org.mx	HTTP 500, Content-Type text/html, 1109 bytes, cuerpo completo: 'Error An Error Was Encountered RESOURCE_NOT_AVAILABLE!' -- mensaje especifico del propio sistema RNM, no un 500 generico de servidor. NO es microdato ni documentacion: no hay archivo.	(no aplica -- no hay payload real, solo pagina de error)	(no registrado)
B.1	ENAPROCE2018_RNM_download_19219	https://www.inegi.org.mx/rnm/index.php/catalog/518/download/19219	PDF descargable	PDF (Content-Type declarado: application/octet-stream; Content-Disposition: attachment)	n/a	Informe Final del Levantamiento de la Informacion, ENAPROCE 2018 -- documentacion de campo/metodologica	EXISTE-NO-SATISFACE (existe, pero es documentacion, NO microdato)	n/a -- URL directa del TSV de #149	n/a -- ya resuelto	RESUELTO: NO es microdato (no era 'el hallazgo mas caro' que se esperaba). 26 paginas, 3,942,875 bytes.	ccde5597f5afe98464a4af1298d37223c69641a25b12d0d1b51f4cf91f30fa24	inegi_rnm_518_download_19219
B.2	ENAPROCE2015_RNM_politica_acceso_330	https://www.inegi.org.mx/rnm/index.php/catalog/330#metadata-data_access	metadato de catalogo, seccion politica de acceso	HTML	n/a	Condicion de acceso literal a microdato ENAPROCE 2015	NO-ACCESIBLE (condicion institucional -- Laboratorio de Microdatos, no descarga directa)	n/a	ver fila Laboratorio_Microdatos_Solicitud_Uso	Texto literal (nodo id=metadata-data_access): 'La informacion de la ENAPROCE a nivel microdato es confidencial; la descarga de la base de datos de este proyecto es restringida al publico en general. Sin embargo, es posible acceder a la informacion de microdatos de manera indirecta a traves del siguiente mecanismo: Laboratorio de analisis de datos para servidores publicos del Estado Mexicano, funcionarios de organismos internacionales e investigadores y estudiantes calificados...' CONFIRMA byte a byte la hipotesis SIN-FETCH que dejo EXPLORA-1.	25d01ec9153514adb967c76979923e1ac4a195bb5d4f4361496f7c46e6854881	inegi_rnm_catalog_330_enaproce2015
B.2	ENAPROCE2018_RNM_politica_acceso_518	https://www.inegi.org.mx/rnm/index.php/catalog/518#metadata-data_access	metadato de catalogo, seccion politica de acceso	HTML	n/a	Condicion de acceso literal a microdato ENAPROCE 2018	NO-ACCESIBLE (misma condicion institucional que 330)	n/a	ver fila Laboratorio_Microdatos_Solicitud_Uso	Texto identico en sustancia al de catalog/330 (verificado byte a byte, difieren solo referencias especificas a la edicion).	67dac48414d11adfcaf2b0fd25c1848a54f3233b33194dbc5eccbdf3ad7b1ffd	inegi_rnm_catalog_518_enaproce2018
B.3	ENESTYC_RNM_buscador	https://www.inegi.org.mx/rnm/index.php/catalog/search?search=ENESTYC (y ?ps=ENESTYC)	intento de busqueda por query string	HTML	n/a	si el catalogo RNM tiene una operacion estadistica llamada ENESTYC	NO-ENCONTRADO (mecanismo de busqueda no accesible por GET simple, no 'no existe la encuesta')	rnm/index.php/catalog/search, terminos 'search=ENESTYC' y 'ps=ENESTYC', 2026-08-06	Abrir https://www.inegi.org.mx/rnm/index.php/home en navegador, escribir 'ENESTYC' en el buscador visual y ver si autocompleta/filtra (mecanismo real es JS/AJAX, no reproducible por curl)	Ambos parametros probados devuelven el catalogo COMPLETO sin filtrar (825 de 825 operaciones estadisticas) -- confirma que RNM tiene 825 operaciones catalogadas en total, pero no permite adjudicar si ENESTYC es una de ellas por este mecanismo. No se probo un tercer parametro (disciplina anti-conjetura, misma que Tarea A con idSerie).	a466058ec91f9acf31e3cff06278f1618adedf9ec72c7c81adc7e7fe63c4c428	inegi_rnm_search_intento_param
B.4	CKAN_datosgobmx_enaproce_enestyc	https://www.datos.gob.mx/api/3/action/package_search?q=enaproce ; ?q=enestyc	API JSON publica (CKAN)	JSON	n/a	datasets con 'enaproce' o 'enestyc' en datos.gob.mx	NO-ENCONTRADO	datos.gob.mx CKAN package_search, terminos enaproce/enestyc, 2026-08-06	n/a -- ya resuelto, adjudicable	AMBAS consultas: success=true, count=0. Cero datasets. NOTA DE ENTORNO: este host fallo TLS por defecto en esta caja (curl 60, CA intermedia Let's Encrypt E8 ausente del trust store local) -- verificado que NO es bloqueo de sandbox (mismo fallo con dangerouslyDisableSandbox activo). Se uso curl -k puntualmente tras verificar manualmente que el certificado es legitimo (CN correcto, vigente, cadena solo le falta el intermedio local) -- no es MITM, declarado explicitamente.	d26a2cdbc9fcbf8b1fb6f6d35464c83dce825a99591d9012fa21d45da6b832d9	datosgobmx_ckan_enaproce_enestyc_cero
B.5	Laboratorio_Microdatos_Solicitud_Uso	https://www.inegi.org.mx/contenidos/app/microdatos/laboratoriodatos/doc/Solicitud_Uso.pdf	formulario PDF interactivo (4 paginas)	PDF	n/a	condicion exacta de acceso al Laboratorio de Microdatos / Procesamiento Remoto	NO-ACCESIBLE (condicion institucional; formulario en si es gratuito de llenar, pero exige afiliacion y no es de 1 minuto)	n/a	Llenar las 4 paginas (datos personales, institucion, supervisor/tesis si aplica, proyecto de investigacion con objetivo/metodologia/justificacion/difusion), elegir Laboratorio fisico o Procesamiento Remoto -- tramite de dias/semanas, no automatizable, es para el usuario	CORRECCION A EXPLORA-1 (PR#149): el TSV de #149 afirmaba 'enviar a microdatos@inegi.org.mx' -- ese correo NO aparece en ningun lugar del PDF real (verificado con grep sobre el texto completo extraido). El UNICO correo en el documento es unidad.transparencia@inegi.org.mx, y es especificamente para ejercer derechos ARCO de proteccion de datos, NO para enviar la solicitud. El formulario es un PDF interactivo con botones 'Guardar' -- el mecanismo real de envio/entrega no quedo determinado en este acto (posible portal en linea distinto al PDF). EXPLORA-1 marco esta fila SIN-FETCH y la cifra de correo parece derivada de un snippet de busqueda no verificado, no del documento mismo -- exactamente el tipo de brecha que EXPLORA-2 existe para cerrar.	5a5d041da5edbe1d17ef608c9eb4d072f34a0b7811c20c368c223cf08bb15c19	inegi_laboratorio_microdatos_solicitud_uso
