puerta	clase_origen	institucion	url	tipo	cobertura_temporal	unidad_observacion	granularidad_geo	hay_microdato	condicion_acceso	necesidad_que_sirve	llave_ADR57c_si_alguna	clasificacion_a4	universo_declarado	fecha_sondeo
CNBV_Portafolio_Informacion	canasta_publica	CNBV	https://www.gob.mx/cnbv/acciones-y-programas/informacion-estadistica-100861	canasta	periodica, fechas no extraidas (portal JS)	institucion financiera supervisada, agregado (no confirmado a nivel operacion/credito)	nacional/institucion	no (agregados por institucion, no verificado mas fino)	libre, sin registro aparente	N19		EXISTE-NO-SATISFACE	2 fetches abiertos (landing + Banca Multiple); portal real portafolioinfo.cnbv.gob.mx es dashboard JS que WebFetch no renderiza; dataset "Serie R13" hallado por buscador en datos.gob.mx da 404 real, verificado con curl -kL	2026-08-08
IMSS_Datos_Abiertos_Asegurados	canasta_publica	IMSS	http://datos.imss.gob.mx/	canasta	mensual (declarado por portal, ventana no extraida)	asegurados, agregado declarado por clinica/delegacion (no verificado a nivel individuo)	delegacion/unidad medica (declarado, no verificado)	declarado que si (CSV con diccionario de datos), no verificado abriendo un archivo real	libre, sin registro	N18 (formalidad como covariable/contraste de evasion)		EXISTE-NO-SATISFACE	Portal abierto 200 OK via curl -k (2 intentos WebFetch dieron 503, 3er intento curl directo confirmo); titulo "Datos Abiertos IMSS" verificado; no se abrio un archivo de datos real, solo la puerta	2026-08-08
STPS_Observatorio_Laboral	canasta_publica	STPS/SNE	https://observatoriolaboral.gob.mx/static/acerca-ola/Quienes_somos.html	tabulado	trimestral (via ENOE), actualizado	agregado -- perfiles de carrera/sector, no microdato	estatal	no	libre			EXISTE-NO-SATISFACE	Pagina abierta tras corregir hostname (el certificado exige dominio sin www); fuente declarada ENOE + registros administrativos IMSS, ambos ya conocidos por otra via -- no aporta puerta nueva	2026-08-08
INE_Conteos_Censales_Participacion	canasta_publica	INE	https://ine.mx/transparencia/datos-abiertos/visualizacion-datos/conteos-censales-participacion/	microdato	2009, 2012, 2015, 2018, 2021, 2024 (elecciones federales)	participacion/abstencionismo, desagregado hasta municipio (no casilla)	municipal (entidad/distrito federal/distrito local/municipio)	parcial -- 6 ZIP descargables reales confirmados por URL exacta	libre, descarga directa sin registro	N25		EXISTE-NO-SATISFACE	Pagina abierta 2 veces; 6 URLs .zip exactas confirmadas (2009-2024); solo elecciones federales en esta pagina -- la comparacion con elecciones locales concurrentes que N25 pide no se confirmo aqui	2026-08-08
CONEVAL_Pobreza_Multidimensional	canasta_publica	CONEVAL	https://www.coneval.org.mx/Medicion/Paginas/Cuadros-pobreza-multidimensional.aspx	tabulado	2008 en esta pagina; sidebar declara 2010-2020 municipal y 2022 nacional/estatal (no abierto)	agregado, indicadores de pobreza/carencias	estatal en esta pagina; municipal declarado en otra pagina no abierta	no (PDFs y un Excel agregado)	libre			EXISTE-NO-SATISFACE	Pagina abierta; solo cifras agregadas/PDF, no microdato; la propia pagina remite a plataformadetransparencia.org.mx para solicitudes formales	2026-08-08
CONAPO_Datos_Abiertos	canasta_publica	CONAPO	https://conapo.segob.gob.mx/es/CONAPO/Datos_abiertos	tabulado	proyecciones anuales, declarado (rango exacto no extraido esta sesion)	agregado demografico (poblacion, mortalidad, fertilidad, migracion)	municipal (declarado por buscador; no confirmado abriendo el catalogo real, portal es SPA)	no (proyecciones/estimaciones, no microdato individual)	libre			EXISTE-NO-SATISFACE	Portal abierto con remedio de CA documentado por EXPLORA-2 (curl -k; certificado real verificado, *.segob.gob.mx, emisor GoDaddy -- CA distinta a la de datos.gob.mx, mismo mecanismo de cadena incompleta); catalogo de datasets no extraido, la pagina es SPA y el grep solo capturo el menu de navegacion	2026-08-08
Mejoredu_INEE_Bases_Datos	canasta_publica	Mejoredu (ex-INEE)	https://www.inee.edu.mx/evaluaciones/bases-de-datos/ ; https://historico.mejoredu.gob.mx/evaluaciones/bases-de-datos/ ; https://www.mejoredu.gob.mx/	microdato (declarado por buscador: PLANEA/EXCALE en SPSS/CSV/SAS)	no verificada	no verificada	no verificada	declarado que si por buscador, no verificado	no verificada			NO OBTENIDO POR ESTE AGENTE EN 3 INTENTOS	Intento 1 inee.edu.mx -> ECONNREFUSED 127.0.0.1 (posible sinkhole, INEE fue disuelto); intento 2 historico.mejoredu.gob.mx -> DNS ESERVFAIL; intento 3 www.mejoredu.gob.mx -> HTTP 000/timeout via curl. Receta manual: buscar "Mejoredu bases de datos PLANEA" en un navegador, o navegar directo a mejoredu.gob.mx (menos de un minuto)	2026-08-08
CIDE_Panel_Mexico_2006	repositorio_academico	CIDE (con Reforma/NSF; Lawson/Magaloni/Moreno et al.)	http://investigadores.cide.edu/aparicio/data/encuestas/MexicoPanel2006/Methodological_Report.pdf ; mirror https://www.redalyc.org/pdf/603/60327293004.pdf	microdato	oct-2005 a jul-2006, 3 olas	individuo, mismo panel re-entrevistado (2400 -> 1770 -> 1594)	nacional	declarado que si por fuentes secundarias, no verificado descargando	no determinada (host primario caido; mirror no confirma terminos)		panel (posible, sin desenlace de las 33 necesidades confirmado)	NO OBTENIDO POR ESTE AGENTE EN 2 INTENTOS	Intento 1 URL primaria -> DNS ENOTFOUND (investigadores.cide.edu no resuelve). Intento 2 mirror redalyc.org -> PDF recuperado pero contenido binario/no legible por la herramienta. Contenido inferido de 2 WebSearch (abstract redalyc, cruce ICPSR): panel electoral de 3 olas, sin contenido financiero/crediticio confirmado. Receta manual: buscar "Panel Mexico 2006 Lawson Magaloni Moreno" o revisar mexicopanelstudy.mit.edu	2026-08-08
ICPSR_Mexico_Panel_Study_2012	repositorio_academico	ICPSR/Universidad de Michigan (Dominguez, Greene, Lawson, Moreno; campo DATA OPM)	https://www.icpsr.umich.edu/web/RCMD/studies/35024	microdato	2012, 2 olas (campaña presidencial)	individuo, mismo panel re-entrevistado (compra de voto, crimen/violencia, eleccion de voto)	nacional	si, declarado -- version restringida	NO-ACCESIBLE -- exige "Restricted Data Use Agreement", no es solo registro gratuito	N26, N27	panel con desenlace (eleccion de voto) dentro del MISMO instrumento que compra de voto/violencia -- candidata real a llave ADR-57(c), variables no verificadas por acceso restringido	NO-ACCESIBLE	Pagina intentada directo -> HTTP 403; contenido recuperado via 2 WebSearch con snippets de la propia pagina ICPSR, confirma acuerdo de datos restringido como condicion de descarga	2026-08-08
ESRU_EMOVI_Movilidad_Social	repositorio_academico	CEEY / COLMEX (Fundacion ESRU)	https://movilidadsocial.colmex.mx/encuesta/	microdato	2006, 2011, 2015, 2017, 2023 -- 5 levantamientos independientes (no panel), cada uno transversal retrospectivo	individuo/hogar; EMOVI-2015 especificamente diadas padre-hijo(a) 12-18 anos	nacional (EMOVI-2015: localidades urbanas >100k habitantes)	si, confirmado -- Stata 12, por tema (roster/adultos/jovenes/aspiraciones)	libre y gratuito, confirmado explicitamente en la pagina	N21 (parcial)		EXISTE-NO-SATISFACE	Pagina EMOVI-2015 abierta y leida completa. Cubre movilidad intergeneracional (activos, educacion, habilidades, aspiraciones) pero declara EXPLICITAMENTE que no cubre consumo, credito ni compra de marca -- el desenlace exacto que R1.4 pide esta ausente	2026-08-08
COLEF_EMIF_Norte_Sur	repositorio_academico	COLEF	https://www.colef.mx/emif/basescuestionarios.html	microdato	EMIF Norte 1993-2020 (retomada 2022-2023); EMIF Sur desde 2004	individuo migrante (flujo, no panel de hogares)	fronteras norte/sur, puntos de cruce	si, declarado -- estructura de descarga presente	registro requerido (nombre/correo/contrasena/institucion/rol); gratuidad no declarada explicitamente, nada indica costo			EXISTE-NO-SATISFACE	Pagina abierta y leida; portal de descarga real con formulario de registro; contenido de datasets especificos no confirmado mas alla del formulario	2026-08-08
IPUMS_International_Mexico	repositorio_academico	IPUMS (Universidad de Minnesota)	https://international.ipums.org/international/sample_designs/sample_designs_mx.shtml	microdato	censos 1960,1970,1990,1995,2000,2010,2020; 62 encuestas de fuerza laboral 2005-2020	individuo (censal, transversal)	municipal (censo)	si	registro gratuito (estandar IPUMS, detalle no confirmado esta sesion)			EXISTE-NO-SATISFACE	Hallazgo NEGATIVO real, no supuesto: buscado explicitamente "IPUMS Mexico microdata census panel available" -- confirma censos/ENOE transversales, CERO panel para Mexico. Vale como cierre de puerta (N5), no como puerta abierta	2026-08-08
UNAM_Repositorio_Institucional_panel	repositorio_academico	UNAM	https://repositorio.unam.mx/					no determinado				NO-ENCONTRADO	Buscado "UNAM repositorio institucional encuesta panel longitudinal datos Mexico" -- el repositorio general existe (2.7M recursos) pero ningun panel/encuesta longitudinal especifico aparecio; si aparece una Encuesta Nacional sobre Valores en la Juventud 2012 (transversal, no panel), Instituto de Investigaciones Juridicas	2026-08-08
COLMEX_Repositorio_panel	repositorio_academico	COLMEX	https://repositorio.colmex.mx/					no determinado				NO-ENCONTRADO	Buscado "COLMEX panel encuesta longitudinal microdatos repositorio" -- el repositorio digital general existe; el hallazgo mas cercano es que INEGI opera un laboratorio de microdatos DENTRO de COLMEX (acceso mediado a encuestas de INEGI, no un panel propio de COLMEX); ningun panel propio confirmado	2026-08-08
ITAM_panel_household_finance	repositorio_academico	ITAM	(ninguna URL especifica -- no se encontro pagina propia)					no determinado				NO-ENCONTRADO	Buscado "ITAM panel data survey Mexico household finance repository" -- ITAM aparece solo como mencion lateral academica, sin repositorio propio de panel identificado; el buscador devolvio en cambio ENIF/ENIGH/ENFIH (ya conocidos, INEGI/CNBV)	2026-08-08
Harvard_Dataverse_Mexico_panel	repositorio_academico	Harvard Dataverse	https://dataverse.harvard.edu/					no determinado				NO-ENCONTRADO	Buscado "Harvard Dataverse Mexico panel survey household credit dataset" -- la plataforma general existe (2000+ dataverses, 75k+ datasets) pero ningun dataset especifico de panel mexicano de credito/hogar aparecio; no se probo el buscador interno de dataverse.harvard.edu directamente, fuera del presupuesto de este acto	2026-08-08
MCCI_Encuesta_Corrupcion_Impunidad	ong_observatorio	MCCI (Mexicanos Contra la Corrupcion y la Impunidad)	https://contralacorrupcion.mx/encuesta-nacional-mcci-corrupcion-e-impunidad/	microdato	2019-2024, anual	individuo, percepcion e incidencia de corrupcion en la vida cotidiana (no confirma si mide pago de mordida conductual especifico)	no especificada en la pagina (nacional presumido, no confirmado municipal)	si -- descarga directa confirmada	libre y gratuito, URL de descarga directa confirmada (.xlsx)	N16	(vacio -- transversal repetido anual, no panel de los mismos individuos)	EXISTE-NO-SATISFACE	Pagina abierta y leida; boton de descarga real confirmado: contralacorrupcion.mx/wp-content/uploads/2024/08/Encuesta-MCCI_2019-2024.xlsx (URL exacta, no se descargo el archivo -- es mas alla del presupuesto de censo). Mide percepcion, no confirmado si mide conducta de pago de mordida ni granularidad municipal que N16 pide	2026-08-08
DataCivica_Explorador_Violencia	ong_observatorio	Data Civica	https://datacivica.org/ ; https://datacivica.org/proyectos/	microdato (declarado por buscador)	no verificado	feminicidio/homicidio/trata, por sexo/edad/escolaridad (declarado por buscador)	no verificado	no verificado	no verificado	N8, N9 (declarado por buscador, no confirmado)		NO OBTENIDO POR ESTE AGENTE EN 2 INTENTOS	Intento 1 datacivica.org -> HTTP 403. Intento 2 datacivica.org/proyectos/ -> HTTP 403 (mismo bloqueo, probable anti-bot). Contenido de "Explorador de Datos de Violencia" y proyecto "Votar entre balas" (con Mexico Evalua y Animal Politico) conocido solo por WebSearch, sin abrir -- SIN-FETCH real, no confirmado. Receta manual: abrir datacivica.org en navegador normal	2026-08-08
CeroDesabasto_Reportes	ong_observatorio	Cero Desabasto (Practica Lab + Nosotrxs)	https://cerodesabasto.org/	registro	~2019-2020 a la fecha, ~14000 reportes acumulados	reporte individual de desabasto (medicamento/insumo/vacuna/anticonceptivo), autoreportado	nacional con representaciones locales (detalle no verificado)	si -- seccion "Datos Abiertos"/"Explorar datos" confirmada en el sitio	libre			EXISTE-NO-SATISFACE	Pagina abierta y leida completa; confirma seccion de datos abiertos pero no formato de descarga exacto ni API; no mapea a ninguna de las 33 necesidades (R4.1/R9.1/R9.2, los relacionados con abasto, ya estan D-sellados desde 4/ago y no son de las 14 reglas abiertas)	2026-08-08
Mexico_Evalua_IMCO_SignosVitales_Intersecta	ong_observatorio	Mexico Evalua / IMCO / Signos Vitales / Intersecta	https://imco.org.mx/indices/ ; https://www.rendiciondecuentas.org.mx/signos-vitales-del-estado-mexicano/	tabulado (IMCO indices estatales confirmados por buscador; los otros tres no confirmados)	IMCO: series por edicion anual (2021-2023 vistas en buscador)	agregado estatal/municipal segun indice (declarado, no abierto)	estatal (IMCO ICE, ICU por ciudad)	no (indices agregados, no microdato)	libre (declarado, no verificado)	N16 (indirecto, gobernanza/finanzas subnacionales)		SIN-FETCH	Cuatro organizaciones buscadas, ninguna abierta byte a byte en este acto (presupuesto de clase agotandose) -- IMCO tiene el hallazgo mas solido (indices de competitividad estatal/urbana reales, imco.org.mx/indices/); Mexico Evalua no arrojo URL propia clara (los resultados devolvieron portales de datos.gob.mx/CDMX en su lugar); Signos Vitales aparece via rendiciondecuentas.org.mx, no sitio propio claro; Intersecta no arrojo base de datos propia, solo menciones de personal. Las cuatro quedan SIN-FETCH para un acto futuro que las abra una por una	2026-08-08
BID_IDB_Microdatos_Center	organismo_internacional	BID/IDB	https://microdatos.iadb.org/	microdato	multianual, encuestas de hogares armonizadas LAC (Mexico incluido, anos no confirmados por el defecto tecnico)	hogar/individuo, formato PAIS_anoronda_BID.dta	nacional (segun encuesta fuente armonizada)	si, declarado (ejecucion remota en Stata, sin descarga directa del archivo)	registro gratuito declarado por buscador (correo, compromiso de uso, contrasena) -- no confirmado costo	N18, N19		EXISTE-NO-SATISFACE	DEFECTO TECNICO real, verificado con curl -L y curl -D- (GET, no HEAD): microdatos.iadb.org devuelve 301 a "https://microdatos.iadb.org.iadb.org:443/" -- URL mal formada, autoreferencial, no resuelve como dominio legitimo. Portal roto en su URL principal hoy. Contenido/mecanismo (Stata remoto, PAIS_anoronda_BID.dta) conocido solo por WebSearch, no verificado abriendo la pagina real	2026-08-08
CEPAL_BADEHOG	organismo_internacional	CEPAL	https://badehog.cepal.org/	microdato (procesamiento en linea, no descarga de archivo crudo)	2000-2024	hogar/individuo -- ocupacion, seguridad social, pobreza, ingreso, educacion, vivienda	nacional (18 paises LAC incluido Mexico; subnacional no confirmado)	si -- sistema de procesamiento en linea confirmado, "Descargar tabla" disponible	libre, sin registro visible en la pagina	N18		EXISTE-NO-SATISFACE	Pagina abierta y leida completa; confirma Mexico entre 18 paises, 2000-2024, variables de ocupacion/seguridad-social/pobreza/ingreso reales. Es procesamiento de tablas en linea, no descarga de microdato crudo por registro individual -- no confirma variable de evasion/informalidad al nivel que N18 pide	2026-08-08
OIT_ILOSTAT	organismo_internacional	OIT/ILO	https://ilostat.ilo.org/data/	tabulado (declarado por buscador)	no verificado (informe reciente citado: "Labor Market Trends LAC 2026")	agregado nacional, informalidad laboral (52.4% citado)	nacional	no (indicadores agregados; la fuente subyacente es ENOE, ya conocida)	no verificado, bloqueado esta sesion	N18		EXISTE-NO-SATISFACE	Fetch directo -> HTTP 403 (posible bloqueo anti-bot), 1 intento. Cifra 52.4% de informalidad conocida solo por WebSearch (OIT via prensa), fuente primaria declarada ENOE -- no aporta puerta nueva mas alla de lo ya conocido	2026-08-08
Gallup_World_Poll	organismo_internacional	Gallup	https://www.gallup.com/analytics/318923/world-poll-public-datasets.aspx	microdato	desde 2006, anual, 167 paises	individuo	nacional	si, declarado	NO-ACCESIBLE -- "respondent-level global datasets are available for purchase", confirmado por buscador	N15 (potencial, via items de confianza/riesgo, no confirmado)		NO-ACCESIBLE	Confirmado por WebSearch (no se abrio la pagina de compra directamente, el hallazgo de "purchase" es suficientemente claro para clasificar sin fetch adicional): microdato a nivel de encuestado es de pago. Existe tambien acceso via bibliotecas universitarias (no aplica a este programa)	2026-08-08
WVS_World_Values_Survey	organismo_internacional	WVS Association	https://www.worldvaluessurvey.org/WVSDocumentationWV7.jsp	microdato	2018 (Wave 7)	individuo	nacional	si -- 6 formatos de datos (csv/csvtext/excel/exceltxt/spss/stata) + 5 documentos (cuestionario/metodologia/muestreo/equipo/codebook) obtenidos, integros (sha256 en manifiesto)	requeria sesion autenticada (cuenta WVS gratuita); registro hecho por el usuario, descarga manual via navegador -- confirma la hipotesis dejada abierta el 12/ago (bloqueo era de autenticacion, no defecto de portal)	N5,N15		EXISTE-SATISFACE	ACTUALIZA la fila de 2026-08-12 (antes NO OBTENIDO POR ESTE AGENTE EN 6 INTENTOS, tras la ejecucion automatizada de Commit 2). El usuario completo el registro WVS gratuito y descargo los 11 archivos manualmente via navegador (AJDownload.jsp/DocDownload -- el mismo endpoint que rechazo los 6 intentos anonimos con 1 byte de respuesta), a data/raices.local.yaml:descargas_mx. Los 11 registrados en data/manifiesto.yaml via tests/manifiesto.py --escanea/--promueve (ids f0000xxxx_.../f0001xxxx_..., DOID 6635/8602/10700/10701/11928/13032/13084/13146/13203/13259/13316), sha256 derivado del archivo real, --verifica COINCIDE en los 11. Detalle completo, incluyendo un defecto real de _formatear_entrada_staging (--escanea corrompe YAML de staging con valores largos, y no preserva metadatos entre invocaciones separadas del mismo --grupo), en forense/notas/2026-08-12-acto-p-lote1-adquisicion.md	2026-08-12
PNT_Plataforma_Nacional_Transparencia	transparencia	INAI / Sistema Nacional de Transparencia	https://www.plataformadetransparencia.org.mx/estadisticas-pnt/solicitudes	registro	migra >6 millones de solicitudes de Infomex; 30 millones de descargas de datos abiertos acumuladas (declarado)	solicitud de informacion / queja, por sujeto obligado federal y estatal	nacional/estatal, por sujeto obligado	no (registro de solicitudes, no microdato de encuesta)	libre			EXISTE-NO-SATISFACE	Fetch directo a la pagina de estadisticas -> HTTP 403 (bloqueo, 1 intento); contenido general (seccion Datos Abiertos, 30M descargas, 17M consultas) confirmado por WebSearch. No mapea directo a ninguna de las 33 necesidades -- es infraestructura de solicitudes, no encuesta ni registro administrativo tematico	2026-08-08
Tandas_para_el_Bienestar	transparencia	Secretaria de Economia	http://www.tandasparaelbienestar.economia.gob.mx/	registro (declarado por buscador)	programa desde 2019 (sexenio anterior), vigencia actual no confirmada	grupo/persona participante en tanda gubernamental	no verificada	no verificada	no verificada	N29 (candidato natural: tanda con enforcement de plataforma, no personal)		NO OBTENIDO POR ESTE AGENTE EN 2 INTENTOS	Intento 1 con www -> DNS ENOTFOUND. Intento 2 sin www -> HTTP 000 (conexion rechazada/no establecida). El dominio parece dado de baja -- coherente con ser un programa del sexenio 2018-2024. Receta manual: buscar "Tandas para el Bienestar" para confirmar si el programa sigue vigente bajo otro dominio, o si fue descontinuado	2026-08-08
RNM_Red_Nacional_Metadatos	catalogo_metadatos_inegi	INEGI	https://www.inegi.org.mx/rnm/index.php/catalog	catalogo_metadatos_ddi	vigente; cobertura por ficha individual, no unica	n/a (catalogo de fichas, no una encuesta)	n/a (catalogo de fichas, no una encuesta)	no (catalogo de metadatos DDI/NADA; el microdato se descarga por portal INEGI aparte, no por RNM)	libre, HTML navegable sin registro (verificado por curl, 200)			EXISTE-SATISFACE	catálogo DDI de estadística básica INEGI	2026-08-12
RNM_ENASIC_2022_ficha922	catalogo_metadatos_inegi	INEGI	https://www.inegi.org.mx/rnm/index.php/catalog/922	ficha_metadatos_ddi	2022 (levantamiento 24/oct-16/dic/2022)	hogares e integrantes; cuidadores 15+; receptores de cuidado (personas con discapacidad, NNA 0-17, adultos 60+, enfermos temporales); persona elegida 15-60; hogares unipersonales	nacional	si, declarado en la ficha (descarga directa por portal INEGI aparte de RNM); fuente ya en produccion propia (celda-D G5.familismo_obligacion.actitud, SELLO-B/CORRIDA-B)	publico, confidencialidad Art. 100 Ley del SNIEG; requiere citar fuente			EXISTE-SATISFACE	ficha de metadatos DDI/NADA de ENASIC 2022	2026-08-12
RNM_ENBIARE_2021_ficha730	catalogo_metadatos_inegi	INEGI	https://www.inegi.org.mx/rnm/index.php/catalog/730	ficha_metadatos_ddi	2021 (levantamiento 3/jun-23/jul/2021)	adultos 18+ hispanohablantes alfabetizados; niveles vivienda/hogar/individuo	nacional y por entidad federativa	si, declarado en la ficha, CSV y datos abiertos (descarga directa por portal INEGI aparte de RNM); fuente ya en produccion propia (celda-D G5.radio_confianza.encuci_vs_enbiare)	publico, confidencialidad protegida; requiere citar fuente; uso comercial permitido con credito			EXISTE-SATISFACE	ficha de metadatos DDI/NADA de ENBIARE 2021	2026-08-12
RNM_ENCUCI_2020_ficha647	catalogo_metadatos_inegi	INEGI	https://www.inegi.org.mx/rnm/index.php/catalog/647	ficha_metadatos_ddi	2020 (levantamiento ago-sep/2020; periodo de referencia ago/2019-sep/2020)	individuos 15+ residentes en viviendas particulares; tambien nivel hogar	nacional (urbano/rural) + 6 regiones geograficas	si, declarado en la ficha (descarga directa por portal INEGI aparte de RNM); fuente ya en produccion propia (celda-D G5.radio_confianza.encuci_vs_enbiare)	publico, confidencialidad protegida; requiere citar fuente			EXISTE-SATISFACE	ficha de metadatos DDI/NADA de ENCUCI 2020	2026-08-12
ACLED	gap_mapeo_map_b	NO-ENCONTRADO		(sin puerta -- gap de mapeo, ver crosswalk-fuente-puerta-2026-08-13.tsv)						N17,N27		NO-ENCONTRADO	buscada en el puntero 2026-08-12 y en la cola-adquisicion-2026-08-12 por nombre exacto y por URL, 2026-08-13 (MAP-B)	2026-08-13
AHORRO FINANCIERO Y FINANCIAMI	gap_mapeo_map_b	NO-ENCONTRADO		(sin puerta -- gap de mapeo, ver crosswalk-fuente-puerta-2026-08-13.tsv)						N19		NO-ENCONTRADO	buscada en el puntero 2026-08-12 y en la cola-adquisicion-2026-08-12 por nombre exacto y por URL, 2026-08-13 (MAP-B)	2026-08-13
BASE_DEL_OBSERVATORIO_DE_CONFLICTOS_POR_EL_AGUA	gap_mapeo_map_b	NO-ENCONTRADO		(sin puerta -- gap de mapeo, ver crosswalk-fuente-puerta-2026-08-13.tsv)						N27		NO-ENCONTRADO	buscada en el puntero 2026-08-12 y en la cola-adquisicion-2026-08-12 por nombre exacto y por URL, 2026-08-13 (MAP-B)	2026-08-13
BASE_DE_EVENTOS_DE_PROTESTA_EN_MEXICO	gap_mapeo_map_b	NO-ENCONTRADO		(sin puerta -- gap de mapeo, ver crosswalk-fuente-puerta-2026-08-13.tsv)						N27		NO-ENCONTRADO	buscada en el puntero 2026-08-12 y en la cola-adquisicion-2026-08-12 por nombre exacto y por URL, 2026-08-13 (MAP-B)	2026-08-13
BDIF	gap_mapeo_map_b	NO-ENCONTRADO		(sin puerta -- gap de mapeo, ver crosswalk-fuente-puerta-2026-08-13.tsv)						N19		NO-ENCONTRADO	buscada en el puntero 2026-08-12 y en la cola-adquisicion-2026-08-12 por nombre exacto y por URL, 2026-08-13 (MAP-B)	2026-08-13
BIARE	gap_mapeo_map_b	NO-ENCONTRADO		(sin puerta -- gap de mapeo, ver crosswalk-fuente-puerta-2026-08-13.tsv)						N30		NO-ENCONTRADO	buscada en el puntero 2026-08-12 y en la cola-adquisicion-2026-08-12 por nombre exacto y por URL, 2026-08-13 (MAP-B)	2026-08-13
CANAL_DE_ADQUISICION_REFERIDOS_FINTECH	gap_mapeo_map_b	NO-ENCONTRADO		(sin puerta -- gap de mapeo, ver crosswalk-fuente-puerta-2026-08-13.tsv)						N19		NO-ENCONTRADO	buscada en el puntero 2026-08-12 y en la cola-adquisicion-2026-08-12 por nombre exacto y por URL, 2026-08-13 (MAP-B)	2026-08-13
CCPV	gap_mapeo_map_b	NO-ENCONTRADO		(sin puerta -- gap de mapeo, ver crosswalk-fuente-puerta-2026-08-13.tsv)						N31		NO-ENCONTRADO	buscada en el puntero 2026-08-12 y en la cola-adquisicion-2026-08-12 por nombre exacto y por URL, 2026-08-13 (MAP-B)	2026-08-13
CNGMD	gap_mapeo_map_b	NO-ENCONTRADO		(sin puerta -- gap de mapeo, ver crosswalk-fuente-puerta-2026-08-13.tsv)						N28		NO-ENCONTRADO	buscada en el puntero 2026-08-12 y en la cola-adquisicion-2026-08-12 por nombre exacto y por URL, 2026-08-13 (MAP-B)	2026-08-13
COMPARATIVE_STUDY_OF_ELECTORAL_SYSTEMS_MEXICO_2018	gap_mapeo_map_b	NO-ENCONTRADO		(sin puerta -- gap de mapeo, ver crosswalk-fuente-puerta-2026-08-13.tsv)						N25		NO-ENCONTRADO	buscada en el puntero 2026-08-12 y en la cola-adquisicion-2026-08-12 por nombre exacto y por URL, 2026-08-13 (MAP-B)	2026-08-13
DENUNCIA_VINCULADA_CON_TENENCIA_DE_SEGURO	gap_mapeo_map_b	NO-ENCONTRADO		(sin puerta -- gap de mapeo, ver crosswalk-fuente-puerta-2026-08-13.tsv)						N20		NO-ENCONTRADO	buscada en el puntero 2026-08-12 y en la cola-adquisicion-2026-08-12 por nombre exacto y por URL, 2026-08-13 (MAP-B)	2026-08-13
DOES_CORRUPTION_INFORMATION_INSPIRE_THE_FIGHT_OR_QUASH_THE_HOPE	gap_mapeo_map_b	NO-ENCONTRADO		(sin puerta -- gap de mapeo, ver crosswalk-fuente-puerta-2026-08-13.tsv)						N25		NO-ENCONTRADO	buscada en el puntero 2026-08-12 y en la cola-adquisicion-2026-08-12 por nombre exacto y por URL, 2026-08-13 (MAP-B)	2026-08-13
ELECTORAL_PRECINCT_LEVEL_DATABASE_FOR_MEXICAN_MUNICIPAL_ELECTION	gap_mapeo_map_b	NO-ENCONTRADO		(sin puerta -- gap de mapeo, ver crosswalk-fuente-puerta-2026-08-13.tsv)						N25		NO-ENCONTRADO	buscada en el puntero 2026-08-12 y en la cola-adquisicion-2026-08-12 por nombre exacto y por URL, 2026-08-13 (MAP-B)	2026-08-13
ENAFIN	gap_mapeo_map_b	NO-ENCONTRADO		(sin puerta -- gap de mapeo, ver crosswalk-fuente-puerta-2026-08-13.tsv)						N19		NO-ENCONTRADO	buscada en el puntero 2026-08-12 y en la cola-adquisicion-2026-08-12 por nombre exacto y por URL, 2026-08-13 (MAP-B)	2026-08-13
ENCIG	gap_mapeo_map_b	NO-ENCONTRADO		(sin puerta -- gap de mapeo, ver crosswalk-fuente-puerta-2026-08-13.tsv)						N1,N16,N8		NO-ENCONTRADO	buscada en el puntero 2026-08-12 y en la cola-adquisicion-2026-08-12 por nombre exacto y por URL, 2026-08-13 (MAP-B)	2026-08-13
ENCOAP	gap_mapeo_map_b	NO-ENCONTRADO		(sin puerta -- gap de mapeo, ver crosswalk-fuente-puerta-2026-08-13.tsv)						N15,N16,N2,N30		NO-ENCONTRADO	buscada en el puntero 2026-08-12 y en la cola-adquisicion-2026-08-12 por nombre exacto y por URL, 2026-08-13 (MAP-B)	2026-08-13
ENCUESTA_ANUAL_DE_COMPETENCIAS_FINANCIERAS_2019_2024	gap_mapeo_map_b	NO-ENCONTRADO		(sin puerta -- gap de mapeo, ver crosswalk-fuente-puerta-2026-08-13.tsv)						N29		NO-ENCONTRADO	buscada en el puntero 2026-08-12 y en la cola-adquisicion-2026-08-12 por nombre exacto y por URL, 2026-08-13 (MAP-B)	2026-08-13
ENCUESTA_ANUAL_DE_COMPETENCIAS_FINANCIERAS_DE_LA_POBLACION	gap_mapeo_map_b	NO-ENCONTRADO		(sin puerta -- gap de mapeo, ver crosswalk-fuente-puerta-2026-08-13.tsv)						N29		NO-ENCONTRADO	buscada en el puntero 2026-08-12 y en la cola-adquisicion-2026-08-12 por nombre exacto y por URL, 2026-08-13 (MAP-B)	2026-08-13
ENCUP	gap_mapeo_map_b	NO-ENCONTRADO		(sin puerta -- gap de mapeo, ver crosswalk-fuente-puerta-2026-08-13.tsv)						N25		NO-ENCONTRADO	buscada en el puntero 2026-08-12 y en la cola-adquisicion-2026-08-12 por nombre exacto y por URL, 2026-08-13 (MAP-B)	2026-08-13
ENIF	gap_mapeo_map_b	NO-ENCONTRADO		(sin puerta -- gap de mapeo, ver crosswalk-fuente-puerta-2026-08-13.tsv)						N19,N20,N24,N26,N7		NO-ENCONTRADO	buscada en el puntero 2026-08-12 y en la cola-adquisicion-2026-08-12 por nombre exacto y por URL, 2026-08-13 (MAP-B)	2026-08-13
ENIGH	gap_mapeo_map_b	NO-ENCONTRADO		(sin puerta -- gap de mapeo, ver crosswalk-fuente-puerta-2026-08-13.tsv)						N18		NO-ENCONTRADO	buscada en el puntero 2026-08-12 y en la cola-adquisicion-2026-08-12 por nombre exacto y por URL, 2026-08-13 (MAP-B)	2026-08-13
ENNVIH	gap_mapeo_map_b	NO-ENCONTRADO		(sin puerta -- gap de mapeo, ver crosswalk-fuente-puerta-2026-08-13.tsv)						N5		NO-ENCONTRADO	buscada en el puntero 2026-08-12 y en la cola-adquisicion-2026-08-12 por nombre exacto y por URL, 2026-08-13 (MAP-B)	2026-08-13
ENOE	gap_mapeo_map_b	NO-ENCONTRADO		(sin puerta -- gap de mapeo, ver crosswalk-fuente-puerta-2026-08-13.tsv)						N18		NO-ENCONTRADO	buscada en el puntero 2026-08-12 y en la cola-adquisicion-2026-08-12 por nombre exacto y por URL, 2026-08-13 (MAP-B)	2026-08-13
ENVIPE	gap_mapeo_map_b	NO-ENCONTRADO		(sin puerta -- gap de mapeo, ver crosswalk-fuente-puerta-2026-08-13.tsv)						N20,N8,N9		NO-ENCONTRADO	buscada en el puntero 2026-08-12 y en la cola-adquisicion-2026-08-12 por nombre exacto y por URL, 2026-08-13 (MAP-B)	2026-08-13
ESTUDIOS_DE_RECHAZOS_Y_CORPUS_PRAGMATICO_DE_FELIX_BRASDEFER	gap_mapeo_map_b	NO-ENCONTRADO		(sin puerta -- gap de mapeo, ver crosswalk-fuente-puerta-2026-08-13.tsv)						N15,N31		NO-ENCONTRADO	buscada en el puntero 2026-08-12 y en la cola-adquisicion-2026-08-12 por nombre exacto y por URL, 2026-08-13 (MAP-B)	2026-08-13
EXPERIMENTO_DE_INFORMACION_ELECTORAL_2009	gap_mapeo_map_b	NO-ENCONTRADO		(sin puerta -- gap de mapeo, ver crosswalk-fuente-puerta-2026-08-13.tsv)						N25		NO-ENCONTRADO	buscada en el puntero 2026-08-12 y en la cola-adquisicion-2026-08-12 por nombre exacto y por URL, 2026-08-13 (MAP-B)	2026-08-13
FABLE	gap_mapeo_map_b	NO-ENCONTRADO		(sin puerta -- gap de mapeo, ver crosswalk-fuente-puerta-2026-08-13.tsv)						N5		NO-ENCONTRADO	buscada en el puntero 2026-08-12 y en la cola-adquisicion-2026-08-12 por nombre exacto y por URL, 2026-08-13 (MAP-B)	2026-08-13
FINANZAS	gap_mapeo_map_b	NO-ENCONTRADO		(sin puerta -- gap de mapeo, ver crosswalk-fuente-puerta-2026-08-13.tsv)						N14,N19,N29,N5,N6		NO-ENCONTRADO	buscada en el puntero 2026-08-12 y en la cola-adquisicion-2026-08-12 por nombre exacto y por URL, 2026-08-13 (MAP-B)	2026-08-13
FINTECH_LENDING_TO_BORROWERS_WITH_NO_CREDIT_HISTORY	gap_mapeo_map_b	NO-ENCONTRADO		(sin puerta -- gap de mapeo, ver crosswalk-fuente-puerta-2026-08-13.tsv)						N19		NO-ENCONTRADO	buscada en el puntero 2026-08-12 y en la cola-adquisicion-2026-08-12 por nombre exacto y por URL, 2026-08-13 (MAP-B)	2026-08-13
GDELT	gap_mapeo_map_b	NO-ENCONTRADO		(sin puerta -- gap de mapeo, ver crosswalk-fuente-puerta-2026-08-13.tsv)						N17,N27		NO-ENCONTRADO	buscada en el puntero 2026-08-12 y en la cola-adquisicion-2026-08-12 por nombre exacto y por URL, 2026-08-13 (MAP-B)	2026-08-13
GLOBAL_PREFERENCES_SURVEY	gap_mapeo_map_b	NO-ENCONTRADO		(sin puerta -- gap de mapeo, ver crosswalk-fuente-puerta-2026-08-13.tsv)						N15		NO-ENCONTRADO	buscada en el puntero 2026-08-12 y en la cola-adquisicion-2026-08-12 por nombre exacto y por URL, 2026-08-13 (MAP-B)	2026-08-13
HOMESCAN_CONSUMER_PANEL_SERVICES	gap_mapeo_map_b	NO-ENCONTRADO		(sin puerta -- gap de mapeo, ver crosswalk-fuente-puerta-2026-08-13.tsv)						N21		NO-ENCONTRADO	buscada en el puntero 2026-08-12 y en la cola-adquisicion-2026-08-12 por nombre exacto y por URL, 2026-08-13 (MAP-B)	2026-08-13
IMPACT_EVALUATION_OF_MOBILE_PEDAGOGICAL_TUTORS_2016	gap_mapeo_map_b	NO-ENCONTRADO		(sin puerta -- gap de mapeo, ver crosswalk-fuente-puerta-2026-08-13.tsv)						N15		NO-ENCONTRADO	buscada en el puntero 2026-08-12 y en la cola-adquisicion-2026-08-12 por nombre exacto y por URL, 2026-08-13 (MAP-B)	2026-08-13
IMPACT_EVALUATION_OF_PARENTAL_EMPOWERMENT_PROGRAM	gap_mapeo_map_b	NO-ENCONTRADO		(sin puerta -- gap de mapeo, ver crosswalk-fuente-puerta-2026-08-13.tsv)						N28		NO-ENCONTRADO	buscada en el puntero 2026-08-12 y en la cola-adquisicion-2026-08-12 por nombre exacto y por URL, 2026-08-13 (MAP-B)	2026-08-13
IMSS	gap_mapeo_map_b	NO-ENCONTRADO		(sin puerta -- gap de mapeo, ver crosswalk-fuente-puerta-2026-08-13.tsv)						N18		NO-ENCONTRADO	buscada en el puntero 2026-08-12 y en la cola-adquisicion-2026-08-12 por nombre exacto y por URL, 2026-08-13 (MAP-B)	2026-08-13
INTERACTING_AS_EQUALS_REDUCES_PARTISAN_POLARIZATION_IN_MEXICO	gap_mapeo_map_b	NO-ENCONTRADO		(sin puerta -- gap de mapeo, ver crosswalk-fuente-puerta-2026-08-13.tsv)						N17,N3		NO-ENCONTRADO	buscada en el puntero 2026-08-12 y en la cola-adquisicion-2026-08-12 por nombre exacto y por URL, 2026-08-13 (MAP-B)	2026-08-13
ISSP	gap_mapeo_map_b	NO-ENCONTRADO		(sin puerta -- gap de mapeo, ver crosswalk-fuente-puerta-2026-08-13.tsv)						N12,N13,N14,N2,N28,N3,N30		NO-ENCONTRADO	buscada en el puntero 2026-08-12 y en la cola-adquisicion-2026-08-12 por nombre exacto y por URL, 2026-08-13 (MAP-B)	2026-08-13
LAPOP	gap_mapeo_map_b	NO-ENCONTRADO		(sin puerta -- gap de mapeo, ver crosswalk-fuente-puerta-2026-08-13.tsv)						N30		NO-ENCONTRADO	buscada en el puntero 2026-08-12 y en la cola-adquisicion-2026-08-12 por nombre exacto y por URL, 2026-08-13 (MAP-B)	2026-08-13
LARGE_SCALE_FINANCIAL_EDUCATION_PROGRAM_IMPACT_EVALUATION_2011_2	gap_mapeo_map_b	NO-ENCONTRADO		(sin puerta -- gap de mapeo, ver crosswalk-fuente-puerta-2026-08-13.tsv)						N5		NO-ENCONTRADO	buscada en el puntero 2026-08-12 y en la cola-adquisicion-2026-08-12 por nombre exacto y por URL, 2026-08-13 (MAP-B)	2026-08-13
LATINOBARÓMETRO	gap_mapeo_map_b	NO-ENCONTRADO		(sin puerta -- gap de mapeo, ver crosswalk-fuente-puerta-2026-08-13.tsv)						N15,N30		NO-ENCONTRADO	buscada en el puntero 2026-08-12 y en la cola-adquisicion-2026-08-12 por nombre exacto y por URL, 2026-08-13 (MAP-B)	2026-08-13
MASS_MOBILIZATION_DATA_PROJECT_EVENTOS_MEXICO	gap_mapeo_map_b	NO-ENCONTRADO		(sin puerta -- gap de mapeo, ver crosswalk-fuente-puerta-2026-08-13.tsv)						N17,N27		NO-ENCONTRADO	buscada en el puntero 2026-08-12 y en la cola-adquisicion-2026-08-12 por nombre exacto y por URL, 2026-08-13 (MAP-B)	2026-08-13
MASS_MOBILIZATION_PROTEST_DATA	gap_mapeo_map_b	NO-ENCONTRADO		(sin puerta -- gap de mapeo, ver crosswalk-fuente-puerta-2026-08-13.tsv)						N17,N27		NO-ENCONTRADO	buscada en el puntero 2026-08-12 y en la cola-adquisicion-2026-08-12 por nombre exacto y por URL, 2026-08-13 (MAP-B)	2026-08-13
MASS_MOBILIZATION_PROTEST_DATA_MEXICO	gap_mapeo_map_b	NO-ENCONTRADO		(sin puerta -- gap de mapeo, ver crosswalk-fuente-puerta-2026-08-13.tsv)						N17,N27		NO-ENCONTRADO	buscada en el puntero 2026-08-12 y en la cola-adquisicion-2026-08-12 por nombre exacto y por URL, 2026-08-13 (MAP-B)	2026-08-13
MEXICO_ENTERPRISE_SURVEYS_COMPONENTE_PANEL_CANDIDATO_2006_2010	gap_mapeo_map_b	NO-ENCONTRADO		(sin puerta -- gap de mapeo, ver crosswalk-fuente-puerta-2026-08-13.tsv)						N22,N23,N32		NO-ENCONTRADO	buscada en el puntero 2026-08-12 y en la cola-adquisicion-2026-08-12 por nombre exacto y por URL, 2026-08-13 (MAP-B)	2026-08-13
MICROCREDIT_IMPACTS_COMPARTAMOS_RCT	gap_mapeo_map_b	NO-ENCONTRADO		(sin puerta -- gap de mapeo, ver crosswalk-fuente-puerta-2026-08-13.tsv)						N3		NO-ENCONTRADO	buscada en el puntero 2026-08-12 y en la cola-adquisicion-2026-08-12 por nombre exacto y por URL, 2026-08-13 (MAP-B)	2026-08-13
MICROCREDIT_IMPACTS_RANDOMIZED_MICROCREDIT_PROGRAM_PLACEMENT_EXP	gap_mapeo_map_b	NO-ENCONTRADO		(sin puerta -- gap de mapeo, ver crosswalk-fuente-puerta-2026-08-13.tsv)						N3		NO-ENCONTRADO	buscada en el puntero 2026-08-12 y en la cola-adquisicion-2026-08-12 por nombre exacto y por URL, 2026-08-13 (MAP-B)	2026-08-13
OECD	gap_mapeo_map_b	NO-ENCONTRADO		(sin puerta -- gap de mapeo, ver crosswalk-fuente-puerta-2026-08-13.tsv)						N30		NO-ENCONTRADO	buscada en el puntero 2026-08-12 y en la cola-adquisicion-2026-08-12 por nombre exacto y por URL, 2026-08-13 (MAP-B)	2026-08-13
PANEL_DE_COMPRA_DE_HOGARES	gap_mapeo_map_b	NO-ENCONTRADO		(sin puerta -- gap de mapeo, ver crosswalk-fuente-puerta-2026-08-13.tsv)						N21		NO-ENCONTRADO	buscada en el puntero 2026-08-12 y en la cola-adquisicion-2026-08-12 por nombre exacto y por URL, 2026-08-13 (MAP-B)	2026-08-13
PRICE_AND_INFORMATION_TYPE_IN_LIFE_MICROINSURANCE_DEMAND	gap_mapeo_map_b	NO-ENCONTRADO		(sin puerta -- gap de mapeo, ver crosswalk-fuente-puerta-2026-08-13.tsv)						N21		NO-ENCONTRADO	buscada en el puntero 2026-08-12 y en la cola-adquisicion-2026-08-12 por nombre exacto y por URL, 2026-08-13 (MAP-B)	2026-08-13
PUB	gap_mapeo_map_b	NO-ENCONTRADO		(sin puerta -- gap de mapeo, ver crosswalk-fuente-puerta-2026-08-13.tsv)						N26,N28		NO-ENCONTRADO	buscada en el puntero 2026-08-12 y en la cola-adquisicion-2026-08-12 por nombre exacto y por URL, 2026-08-13 (MAP-B)	2026-08-13
REGISTRO_DE_TANDAS_Y_REPUTACION	gap_mapeo_map_b	NO-ENCONTRADO		(sin puerta -- gap de mapeo, ver crosswalk-fuente-puerta-2026-08-13.tsv)						N29		NO-ENCONTRADO	buscada en el puntero 2026-08-12 y en la cola-adquisicion-2026-08-12 por nombre exacto y por URL, 2026-08-13 (MAP-B)	2026-08-13
REGISTRO_OPERATIVO_DE_TANDAS_DIGITALES	gap_mapeo_map_b	NO-ENCONTRADO		(sin puerta -- gap de mapeo, ver crosswalk-fuente-puerta-2026-08-13.tsv)						N29		NO-ENCONTRADO	buscada en el puntero 2026-08-12 y en la cola-adquisicion-2026-08-12 por nombre exacto y por URL, 2026-08-13 (MAP-B)	2026-08-13
RELLABORALES	gap_mapeo_map_b	NO-ENCONTRADO		(sin puerta -- gap de mapeo, ver crosswalk-fuente-puerta-2026-08-13.tsv)						N27		NO-ENCONTRADO	buscada en el puntero 2026-08-12 y en la cola-adquisicion-2026-08-12 por nombre exacto y por URL, 2026-08-13 (MAP-B)	2026-08-13
RELLABORALESPRUEBA	gap_mapeo_map_b	NO-ENCONTRADO		(sin puerta -- gap de mapeo, ver crosswalk-fuente-puerta-2026-08-13.tsv)						N27		NO-ENCONTRADO	buscada en el puntero 2026-08-12 y en la cola-adquisicion-2026-08-12 por nombre exacto y por URL, 2026-08-13 (MAP-B)	2026-08-13
REPORTE_SOBRE_USO_Y_CONFIANZA_DE_SERVICIOS_FINANCIEROS_DIGITALES	gap_mapeo_map_b	NO-ENCONTRADO		(sin puerta -- gap de mapeo, ver crosswalk-fuente-puerta-2026-08-13.tsv)						N24		NO-ENCONTRADO	buscada en el puntero 2026-08-12 y en la cola-adquisicion-2026-08-12 por nombre exacto y por URL, 2026-08-13 (MAP-B)	2026-08-13
SE	gap_mapeo_map_b	NO-ENCONTRADO		(sin puerta -- gap de mapeo, ver crosswalk-fuente-puerta-2026-08-13.tsv)						N21,N22,N32		NO-ENCONTRADO	buscada en el puntero 2026-08-12 y en la cola-adquisicion-2026-08-12 por nombre exacto y por URL, 2026-08-13 (MAP-B)	2026-08-13
SERIES_SPEI_CODI_BANXICO	gap_mapeo_map_b	NO-ENCONTRADO		(sin puerta -- gap de mapeo, ver crosswalk-fuente-puerta-2026-08-13.tsv)						N17,N24		NO-ENCONTRADO	buscada en el puntero 2026-08-12 y en la cola-adquisicion-2026-08-12 por nombre exacto y por URL, 2026-08-13 (MAP-B)	2026-08-13
SICS	gap_mapeo_map_b	NO-ENCONTRADO		(sin puerta -- gap de mapeo, ver crosswalk-fuente-puerta-2026-08-13.tsv)						N28		NO-ENCONTRADO	buscada en el puntero 2026-08-12 y en la cola-adquisicion-2026-08-12 por nombre exacto y por URL, 2026-08-13 (MAP-B)	2026-08-13
SIN_CANDIDATO_IDENTIFICADO	gap_mapeo_map_b	NO-ENCONTRADO		(sin puerta -- gap de mapeo, ver crosswalk-fuente-puerta-2026-08-13.tsv)						N33		NO-ENCONTRADO	buscada en el puntero 2026-08-12 y en la cola-adquisicion-2026-08-12 por nombre exacto y por URL, 2026-08-13 (MAP-B)	2026-08-13
UCDP	gap_mapeo_map_b	NO-ENCONTRADO		(sin puerta -- gap de mapeo, ver crosswalk-fuente-puerta-2026-08-13.tsv)						N17,N27		NO-ENCONTRADO	buscada en el puntero 2026-08-12 y en la cola-adquisicion-2026-08-12 por nombre exacto y por URL, 2026-08-13 (MAP-B)	2026-08-13
VOTAR_ENTRE_BALAS	gap_mapeo_map_b	NO-ENCONTRADO		(sin puerta -- gap de mapeo, ver crosswalk-fuente-puerta-2026-08-13.tsv)						N27,N8		NO-ENCONTRADO	buscada en el puntero 2026-08-12 y en la cola-adquisicion-2026-08-12 por nombre exacto y por URL, 2026-08-13 (MAP-B)	2026-08-13
WORLD_BANK_ENTERPRISE_SURVEY_MEXICO_2023	gap_mapeo_map_b	NO-ENCONTRADO		(sin puerta -- gap de mapeo, ver crosswalk-fuente-puerta-2026-08-13.tsv)						N22,N23,N32		NO-ENCONTRADO	buscada en el puntero 2026-08-12 y en la cola-adquisicion-2026-08-12 por nombre exacto y por URL, 2026-08-13 (MAP-B)	2026-08-13
RNM_ENSAFI_2023_ficha992	catalogo_metadatos_inegi	INEGI (en colaboracion con CONDUSEF)	https://www.inegi.org.mx/rnm/index.php/catalog/992	ficha_metadatos_ddi	2023 (levantamiento declarado 25/sep-17/nov/2023 en prosa; tabla "Periodo de ejecucion" da 14/ago/2023-12/abr/2024 para su propia fila "Levantamiento" -- discrepancia interna, ver nota)	viviendas, hogares, persona elegida 18+; tablas TVIVIENDA/THOGAR/TSDEM/TMODULO	nacional y por entidad federativa	si, declarado en la ficha; fuente ya en corpus propio (ensafi2023_bd_csv_zip, manifiesto.yaml) pero sin FD descargable propio -- ver nota	publico, confidencialidad LSNIEG arts. 37/45/47/100; requiere citar fuente			EXISTE-NO-SATISFACE	CORRECCION post-revision (era EXISTE-SATISFACE): la ficha satisface 8 de 10 piezas del universo minimo, pero 2 quedan sin cerrar y una clasificacion de una sola palabra las escondia. FALTA: (1) FD/descriptor propio -- nivel 1 solo parcial, atenuado por el data-dictionary navegable de la ficha pero sin archivo descargable; (2) PDF "Conociendo la base de datos" -- NO-ENCONTRADO, universo recorrido: los 3 tabs de la ficha + export JSON (portal del programa NO revisado para esta pieza especifica, pendiente, no un NO-ENCONTRADO adicional). Resto (muestreo, recoleccion, factores de expansion, cuestionario, politica de acceso, indicadores de calidad, 3 documentos de biblioteca) EXISTE-SATISFACE. Ficha de metadatos DDI de ENSAFI 2023; cuestionario (10 secciones) e indicadores de calidad (1, IC90%) verificados byte a byte; 3 documentos de biblioteca correctos via Materiales de Referencia (Informe operativo/Documento conceptual/Diseno muestral); DEFECTO declarado: 2 citas en prosa de la propia ficha (upc 889463903888/889463903871) resultaron ser documentos de ENIF 2021, no de ENSAFI, no corregido en el catalogo; ver forense/notas/2026-08-12-acto-m-adq-ensafi-enfih.md	2026-08-12
RNM_ENFIH_2019_ficha709	catalogo_metadatos_inegi	Banco de Mexico + INEGI (levantamiento INEGI)	https://www.inegi.org.mx/rnm/index.php/catalog/709	ficha_metadatos_ddi	2019 (levantamiento declarado 7/oct-29/nov/2019 en prosa y en tabla "Periodo de referencia"; tabla "Periodo de ejecucion" da 7/oct-19/nov/2019 para su propia fila "Levantamiento" -- discrepancia interna, ver nota)	viviendas, hogares; tablas TViviendas/THogares/TSDem/TModulo+11 tablas de activos-pasivos especificos	nacional	si, ya en corpus propio con descriptor completo (enfih2019_bd_csv_zip + enfih2019_fd_xlsx, 16 hojas, manifiesto.yaml)	publico, confidencialidad LSNIEG arts. 37/45/47/100; requiere citar fuente			EXISTE-NO-SATISFACE	CORRECCION post-revision (era EXISTE-SATISFACE): 8 de 9 piezas del universo minimo EXISTE-SATISFACE, pero 1 queda NO-ENCONTRADO y una clasificacion de una sola palabra la escondia. FALTA: PDF "Conociendo la base de datos" -- universo recorrido: los tabs de la ficha, el portal SPA (shell sin contenido) y el export JSON; el espejo de Banxico (banxico.org.mx/enfih/) NO revisado para esta pieza especifica, pendiente, no un NO-ENCONTRADO adicional. Resto (muestreo, recoleccion, factores de expansion, cuestionario, politica de acceso, indicadores de calidad, 3 documentos de biblioteca) EXISTE-SATISFACE. Ficha de metadatos DDI de ENFIH 2019; cuestionario (236 preguntas, 10 secciones+4a) y 3 documentos de biblioteca (Informe operativo/Diseno muestral/Diseno conceptual) NO enlazados directo por el catalogo (Materiales de Referencia rebota a portal SPA) -- las 4 URLs derivadas por analogia con el patron de ENSAFI y verificadas byte a byte, portada correcta en las 4; indicador de calidad especifico con anomalia de archivo EXPLICADA (hoja residual de plantilla ICC ajena, hoja ENFIH con 2 indicadores genuinos confirmados abriendo el libro con xlrd); ver forense/notas/2026-08-12-acto-m-adq-ensafi-enfih.md	2026-08-12
CSES_Modulo5_2016_2021	organismo_internacional	CSES (Comparative Study of Electoral Systems) Secretariat	https://cses.org/data-download/cses-module-5-2016-2021/	microdato	2016-2021 (Modulo 5; cobertura de Mexico dentro del pooled NO verificada a nivel variable en esta sesion)	individuo (encuestado), archivo pooled cross-nacional	nacional (multi-pais; no verificado subnacional)	si -- csv/spss/stata/sas/r descargados integros	libre, descarga directa sin registro ni sesion	N17,N25,N26,N27		EXISTE-SATISFACE	3 archivos descargados y verificados integros (csv/codebook/cuestionario; sha256 en data/manifiesto.yaml bajo cses5_modulo5_2016_2021_csv/_codebook/_cuestionario); pagina sondeada 200 (via override de sandbox, cses.org fuera del allowlist de red de la caja); sin barrera de registro encontrada, 0 menciones a login/terms en el HTML. (b)-(d) del criterio de cierre A.4/A.5 preparados, no ejecutados por concurrencia con ACTO M-ADQ -- ver forense/notas/2026-08-12-acto-p-lote1-adquisicion.md	2026-08-12
WorldBank_MEX_ECEPIE_2012_2014_catalogo2661	organismo_internacional	Banco Mundial (World Bank Microdata Library / NADA)	https://microdata.worldbank.org/catalog/2661/study-description	microdato + documentacion	2012-2014 (Baseline/Year1/Endline)	nino/cuidador (evaluacion de impacto Programa de Educacion Inicial)	nacional (Mexico)	si, declarado -- gateado tras login ("Get Microdata"); documentacion (7 archivos) SI descargada, integra, sin login	7 archivos de documentacion libres (ASQ + instrumentos y reportes de las 3 olas; sha256 en manifiesto bajo wb2661_asq_questionnaires/_baseline_instrumentos/_year1_instrumentos/_endline_instrumentos/_baseline_report/_year1_report/_endline_report); microdato nuclear exige cuenta gratuita NADA -- registro completado 2026-08-12 (jonieqsa@gmail.com), ACTIVACION DE CORREO CONFIRMADA POR EL USUARIO 2026-08-13 (no verificable por este agente via Gmail; hecho reportado por el usuario, no sondeado por comando en esta sesion). Microdato nuclear en si AUN NO descargado -- este acto no descarga nada (fuera de perimetro), queda para un acto que si abra 'Get Microdata' con la cuenta ya activa.	N13		EXISTE-NO-SATISFACE	Estudio confirmado por titulo de pagina ("Mexico - Early Childhood Education Program Impact Evaluation 2012-2014", ID MEX_2012-2014_ECEPIE_v01_M_v01_A_PUF). Pestana "Get Microdata": "To access data for this study, user must be logged in...". Registro ejecutado sin CAPTCHA 2026-08-12, cuenta creada (jonieqsa@gmail.com). ACTUALIZACION 2026-08-13: el usuario confirma haber hecho clic en el correo de activacion -- cuenta activa. No verificable por este agente via Gmail (mismo bloqueo del clasificador de auto-mode que en ACTO P); hecho reportado directamente por el usuario en esta sesion, no sondeado por comando. El microdato nuclear ('Get Microdata') en si sigue sin descargarse -- este acto (R-doble-prima) no descarga nada, fuera de su perimetro; con la cuenta ya activa, un acto posterior puede completar la descarga sin volver a registrar. Credencial de la cuenta reportada al usuario/mesa fuera de este archivo, no transcrita aqui. Detalle en forense/notas/2026-08-12-acto-p-lote1-adquisicion.md y forense/notas/2026-08-13-r2-registro-via-completa.md	2026-08-13
GPS_Global_Preferences_Survey	organismo_internacional	briq / Universidad de Bonn	https://gps.econ.uni-bonn.de/downloads	microdato + documentacion	2012 (encuestado junto con Gallup World Poll 2012)	individuo (vinculable a Gallup World Poll 2012 por identificador personal, segun el propio formulario)	nacional (multi-pais)	si, declarado -- dataset pais/individuo via formulario de solicitud; do-files (scripts, no dato) SI descargados libres	do-files libres sin registro (sha256 en manifiesto bajo gps_do_files_country_level/_individual_level); dataset real exige formulario nombre+correo+organizacion+aceptar licencia (sin contrasena) -- enviado en esta sesion (HTTP 302 -> ?submitted=1), entrega declarada por el propio formulario como ligada al correo jonieqsa@gmail.com, no confirmable (mismo bloqueo de Gmail)	N2,N4,N5,N6,N17		EXISTE-NO-SATISFACE	Formulario Laravel con token CSRF, licencia CC BY-NC-SA 4.0 declarada + cita obligatoria (Falk et al. 2018 QJE). Primer envio fallo validacion server-side (campo "title" obligatorio omitido); reenviado con title=dr, aceptado (HTTP 302 a ?submitted=1, recarga posterior sin errores). Pagina de confirmacion no expone descarga inline -- entrega por correo, no verificable en esta sesion. Detalle en forense/notas/2026-08-12-acto-p-lote1-adquisicion.md	2026-08-12
GESIS_ISSP	organismo_internacional	GESIS -- Leibniz Institute for the Social Sciences (ISSP archive host)	https://www.gesis.org/en/issp/data-and-documentation/	microdato + documentacion	2012 (ZA5900 Family and Changing Gender Roles IV) / 2017 (ZA6980 Social Networks and Social Resources) / 2019 (ZA7600 Social Inequality V)	individuo (encuestado)	nacional (Mexico, dentro de muestra cross-nacional pooled)	si -- 3 de 3 modulos descargados integros por el usuario (16 archivos: 4 ZA6980 + 10 ZA5900 + 2 ZA7600; sha256 en manifiesto bajo za6980_*/za5900_*/za7600_*)	libre tras registro gratuito GESIS (usuario ya registrado, descarga manual en navegador autenticado -- mismo criterio A.4 v2.6 que WVS/World Bank: registro gratuito no es NO-ACCESIBLE). Los 3 modulos abiertos en esta sesion via bloqueo de Cloudflare del Commit 2 de ACTO P (11 intentos anonimos, todos 403) -- la sesion autenticada del usuario en navegador resolvio el reto, mismo patron que WVS.	N2,N3,N12,N13,N14,N28,N30		EXISTE-SATISFACE	Mexico VERIFICADO en el dato real (no solo en la ficha) para 2 de 3 modulos: ZA6980 c_alphan=MX N=1002/44492; ZA5900 C_ALPHAN=MX N=1527/61754. ZA7600 EXISTE-NO-SATISFACE especifico -- Mexico AUSENTE de sus 29 paises (c_alphan nunca 'MX', country nunca 484; conteo=0), confirma con el dato real lo que data/cola-adquisicion-2026-08-12.tsv ya declaraba desde un sondeo web del 2026-08-06 para N3. La asignacion de 7 necesidades a 'ISSP' como fuente unica se ACOTA: 6 (N2,N12,N13,N14,N28,N30) corresponden a los modulos 2012/2017 (Mexico presente en ambos); N3 corresponde especificamente al modulo 2019 (Mexico ausente) -- no se cae en bloque, pero tampoco es limpia por modulo unico; reportado a mesa, no editado en la cola (fuera de perimetro). Detalle completo en forense/notas/2026-08-13-r2-registro-via-completa.md	2026-08-13
INEGI_ENCOAP_2023	catalogo_metadatos_inegi	INEGI	https://www.inegi.org.mx/programas/encoap/2023/default.html	microdato	2023	hogar/persona (Encuesta Nacional de Confianza en la Administracion Publica)	nacional (Estados Unidos Mexicanos)	si -- base de datos real confirmada (5 formatos: csv/dbf/dta/RData/sav, ~410-587 KB c/u) + descriptor de archivos (FD)	libre, descarga directa sin registro ni sesion	N2,N30		EXISTE-SATISFACE	Portada sondeada 200 (curl, 3912 bytes, SPA de componentes INEGI). Su JSON-LD trae un contentUrl senuelo (.../app/administracion/sasi/prueba.pdf) -- MISMO patron de soft-404/placeholder ya documentado en este repo para ENVIPE 2024 (2026-07-31-perimetro-descarga.md) -- no se confio en el. Se aplico en su lugar el mecanismo B ya probado en 5+ programas INEGI (2026-08-04-barrido-alcanzabilidad-27fuentes.md): (1) idBiinegi=3369 leido de <menu-gen idm> en la portada; (2) pestanadata.js confirma pestana Microdatos (data-tipoinformacion=4); (3) GET a /app/api/descarga/componente/descargamasiva/lista/archivoscompaginacion?idBiinegi=3369&tipodocto=4... devuelve JSON con pathLogico=/programas/encoap/2023/microdatos/bd_encoap2023 + 5 extensiones, sin adivinar nada; (4) URL final verificada con GET -r 0-0 (no HEAD): 206 Partial Content, Content-Type application/x-zip-compressed, Content-Range 0-0/420306 -- archivo real (firma distinta del soft-404 fijo de 2263 bytes ya documentado). El primer resultado que produjo este procedimiento es el que se reporta.	2026-08-12
GDELT_RawDataFiles	repositorio_academico	The GDELT Project	https://www.gdeltproject.org/data.html	microdato (base de eventos globales, CSV)	215+ anios segun portada, actualizado diariamente	evento noticioso geolocalizado, escala planetaria	global, sin recorte por pais en el mecanismo de descarga documentado en la portada	si -- portada declara "100% free and open", Raw Data Files en CSV (>2.5TB/anio), sin registro	libre, descarga directa sin registro ni sesion	N17,N27		EXISTE-NO-SATISFACE	Portada sondeada 200 (curl, 55068 bytes). Buscado "mexico"/"méxico" en el HTML crudo: 0 coincidencias -- la portada no declara microdato de Mexico, describe una base global de eventos (todos los paises, 215+ anios) sin filtro de pais en el mecanismo de descarga documentado ("Raw Data Files"). Consistente con lo que la propia cola-adquisicion ya declaraba ANTES de este sondeo (destraba_condicional_faltante de N17/N27: "debe construirse universo Mexico, deduplicar noticias, clasificar agravio/respuesta y unir entorno rural/urbano"). No es NO-ACCESIBLE (cero barrera de acceso, 100% libre) ni NO-ENCONTRADO (el recurso si existe y responde) -- lo que falta es el recorte/declaracion de Mexico en la portada, no el acceso al dato.	2026-08-12
OSF_InteractingAsEquals_PartisanPolarizacion_Mexico	repositorio_academico	Autores del articulo (Nature Human Behaviour), datos alojados en Open Science Framework (OSF)	https://www.nature.com/articles/s41562-024-02043-y	microdato + codigo de replicacion	no verificada a nivel variable (no se abrio Master_Data.dta, fuera de perimetro de este acto)	municipio (Dip_Municipality_2021.dta, indicadores de pobreza 2020) + individuo (chats experimentales; texto crudo NO disponible por proteccion de sujetos humanos, declarado por el propio articulo)	municipal (Mexico)	si -- 10 archivos reales confirmados en carpeta Data/ via API publica de OSF: Master_Data.dta (1290938 B), Dip_Municipality_2021.dta, Concentrado_indicadores_de_pobreza_2020_modificado.dta, 2018_SEE_PRE_NAL_MUN.xlsx, SI_F9_results*.dta, binscatter_morena_pobreza.csv	libre, sin registro -- API publica de OSF confirma nodo f7bzy con "public": true y current_user_permissions=[read] sin autenticacion	N3,N17		EXISTE-SATISFACE	Articulo sondeado 200 -L (351081 bytes tras redirect de cookies de nature.com), titulo confirma Mexico ("Interacting as equals reduces partisan polarization in Mexico"). Seccion "Data availability" declara verbatim: "The original data collected for this study...are available at https://osf.io/f7bzy/... Owing to human subjects protections, the raw text from the chats is not available, but all text-based measures needed to replicate analyses are included in the public dataset." OSF es SPA (React), HTML crudo sin contenido (title generico "OSF") -- sondeado via su API REST publica y documentada (api.osf.io/v2/nodes/f7bzy/, api.osf.io/v2/.../files/osfstorage/): nodo confirmado publico, titulo "Interacting as Equals", listado de archivos/carpetas sin autenticacion. Listado de metadatos unicamente (nombre+tamano), ningun archivo abierto a nivel de contenido -- respeta el perimetro de este acto.	2026-08-12
MassMobilization_Dataverse_MMdata	repositorio_academico	Mass Mobilization Project (datos alojados en Harvard Dataverse)	https://massmobilization.github.io/	microdato (protestas, evento/pais-anio)	portada declara datos actualizados a 2018-03-31	evento de protesta, multi-pais	global (multi-pais); recorte de Mexico NO verificable -- el host real del dato esta bloqueado (ver condicion_acceso)	declarado por la portada (enlaza a Harvard Dataverse); NO verificado byte a byte por este agente	NO OBTENIDO POR ESTE AGENTE EN 4 INTENTOS. La portada (massmobilization.github.io) responde 200, 100% libre, sin registro. El repositorio real (dataverse.harvard.edu/dataverse/MMdata) da HTTP 202 con cabecera x-amzn-waf-action: challenge en las 4 rutas probadas: (1) pagina de la coleccion directa; (2) API REST /api/dataverses/MMdata/contents; (3) dominio raiz dataverse.harvard.edu/; (4) reintento de (1) con cabeceras de navegador real (Chrome/Windows UA) -- 202 identico, sin cambio. Es un reto anti-bot (AWS WAF Captcha/Challenge) a nivel de dominio, mismo patron funcional que el Cloudflare de GESIS/ISSP documentado en P.Lote-1 SS5.1, proveedor distinto (AWS en vez de Cloudflare). No es NO-ACCESIBLE (no se confirmo pago/afiliacion -- ni siquiera se pudo ver contenido) ni NO-ENCONTRADO (la portada declara el dataset con nombre y ubicacion exactos).	N17,N27		NO OBTENIDO POR ESTE AGENTE EN 4 INTENTOS	Receta manual (<1 min): (1) abrir https://dataverse.harvard.edu/dataverse/MMdata en un navegador real -- el reto AWS WAF se resuelve solo (JS), como el de Cloudflare en ISSP/WVS; (2) localizar el dataset "Mass Mobilization Data" (CSV/tab) y descargar; (3) verificar cobertura de Mexico a nivel de fila/pais (no declarada en ningun momento por este agente, ni en la portada ni en Dataverse -- pendiente de confirmar, igual que GDELT/UCDP).	2026-08-12
UCDP_Downloads_GED	repositorio_academico	Uppsala Conflict Data Program (Uppsala University)	https://ucdp.uu.se/downloads/	microdato (multiples datasets de conflicto armado/violencia organizada; evento, diada o pais-anio segun dataset)	1946-2025 / 1989-2025 segun dataset, declarado en portada	evento georreferenciado / diada / pais-anio, multi-pais, segun dataset	global, sin recorte por pais en el mecanismo de descarga documentado en la portada	si -- decenas de archivos reales listados (CSV/XLSX/RDS/DTA); verificado GED Global v26.1 (ged261-csv.zip, 206 Partial Content, Content-Range 0-0/39122522)	libre, descarga directa sin registro ni sesion; portada declara CC BY 4.0 para todos los datasets	N17,N27		EXISTE-NO-SATISFACE	Portada sondeada 200 (curl, 138078 bytes). Buscado "mexico"/"méxico" en el HTML crudo: 0 coincidencias -- la portada no declara microdato de Mexico, describe multiples bases globales de conflicto/violencia (todos los paises). Acceso verificado como el mas libre de las 15 fuentes de este lote (sin registro, CC BY 4.0 explicito, archivo real confirmado por GET -r 0-0). Mismo razonamiento que GDELT: no es NO-ACCESIBLE (cero barrera) ni NO-ENCONTRADO (el recurso existe y responde) -- falta el recorte/declaracion de Mexico en la portada; verificar presencia de Mexico en las filas del GED es trabajo de un acto de descarga posterior, no de este sondeo.	2026-08-12
RNM_CNGMD_2023_catalogo977	catalogo_metadatos_inegi	INEGI	https://www.inegi.org.mx/rnm/index.php/catalog/977	microdato + metadato (DDI/XML)	2023 (ejercicio de referencia 2022 segun anioInformacion del API de descarga)	municipio/alcaldia (gobierno municipal y demarcacion territorial)	nacional (Estados Unidos Mexicanos)	si -- 87 archivos reales confirmados via API archivoscompaginacion (tipoinformacion=12, Datos Abiertos) de la pagina programas/cngmd/2023/ enlazada por la misma ficha; verificado 1 con GET -r 0-0 (206 Partial Content, Content-Range 0-0/2835380)	libre -- la propia ficha RNM, campo "Condicion de acceso", declara textualmente: "Uso publico...el INEGI...pone a disposicion de todos los usuarios los microdatos de los censos nacionales de gobierno, a traves de un sitio de descarga directa"	N28		EXISTE-SATISFACE	Ficha RNM sondeada 200 (curl, 190760 bytes), titulo "Mexico - Censo Nacional de Gobiernos Municipales y Demarcaciones Territoriales de la Ciudad de Mexico 2023". Solo trae 3 pestanas (Informacion del proyecto / Diccionario de Datos / Materiales de Referencia), SIN pestana "Get Microdata" tipo NADA -- en su lugar declara "sitio de descarga directa" en el campo de politica de acceso. Se verifico ese sitio real (programas/cngmd/2023/, idBiinegi=3298, confirmado por <menu-gen idm> y por titulo identico) con el mismo mecanismo B ya documentado (pestanadata.js -> pestana "Datos abiertos" es tipoinformacion=12, no 4; tipodocto=4 dio vacio, tipodocto=12 dio 87 archivos reales con pathLogico/extension declarados por el API, sin adivinar). El primer resultado que produjo este procedimiento es el que se reporta.	2026-08-12
WorldBank_MEX_EnterpriseSurvey_2023_catalogo6453	organismo_internacional	Banco Mundial (World Bank Enterprise Surveys, Finance Competitiveness and Innovation Global Practice)	https://microdata.worldbank.org/catalog/6453	microdato + documentacion	2023	empresa/establecimiento formal del sector privado (al menos 1% de propiedad privada)	nacional (Mexico)	si, declarado -- gateado tras registro en un segundo dominio (enterprisesurveys.org), NO el NADA de microdata.worldbank.org	libre tras registro gratuito, mecanismo DISTINTO al de los otros 2 catalogos WB de este lote: la pestana "Get Microdata" de ESTE catalogo no pide login NADA -- declara "Data available from external repository" -> https://www.enterprisesurveys.org/en/data -> boton "Access microdata" -> https://login.enterprisesurveys.org/en/signin -> formulario de registro (nombre/correo/password/"primary institution affiliation" como campo de texto libre, no gate de afiliacion real/pais/resumen de 1 parrafo del proyecto de investigacion/aceptar "Data Access Protocol"), sin campo de pago en ningun paso	N22,N23,N32		EXISTE-SATISFACE	Catalogo sondeado 200 (curl, 61748 bytes), titulo "Mexico - World Bank Enterprise Survey 2023". Pestana get-microdata (200, 29357 bytes) NO trae el patron "Login to access data" de NADA (distinto de catalogo 2661 documentado en P.Lote-1) -- trae "Data available from external repository...https://www.enterprisesurveys.org/en/data". Seguido ese enlace (200, 128370 bytes): "For access to the microdata, visit the Data Portal by selecting Access microdata" -> href real https://login.enterprisesurveys.org/content/sites/financeandprivatesector/en/signin.html (200, redirige a /en/signin). Pagina de registro (/en/registration, 200) pide: First Name/Last Name/Email/Password/Primary institution affiliation/Confirm Password/Country of Residence/"a one-paragraph summary of your research project"/aceptar Data Access Protocol + Privacy Notice -- sin cargo, sin exigir afiliacion institucional verificable (campo de texto libre). No se ejecuto el registro (este acto no descarga).	2026-08-12
WorldBank_MEX_LargeScaleFinancialEducation_2011_catalogo2049	organismo_internacional	Banco Mundial (World Bank Group) -- David McKenzie, Miriam Bruhn, Gabriel Lara Ibarra	https://microdata.worldbank.org/catalog/2049	microdato + documentacion	2011-2012	individuo (evaluacion de impacto de un programa de educacion financiera a gran escala)	nacional (Mexico)	si, declarado -- gateado tras login NADA	libre tras registro gratuito -- MISMO patron NADA que catalogo 2661 (P.Lote-1 SS5.3): "Login to access data. To access data for this study, user must be logged in. Click on the links below to login or register for a free account." La cuenta de este proyecto (jonieqsa@gmail.com, creada en ACTO P.Lote-1, activada 2026-08-13 segun forense/notas/2026-08-12-acto-p-lote1-adquisicion.md y la fila WorldBank_MEX_ECEPIE_2012_2014_catalogo2661 de este mismo puntero) sirve para este catalogo tambien -- NO hace falta un registro nuevo	N5		EXISTE-SATISFACE	Catalogo sondeado 200 (curl, 63863 bytes), titulo "Mexico - Large-Scale Financial Education Program Impact Evaluation 2011-2012". Pestana get-microdata (200) confirma el mismo texto "Login to access data..." ya documentado para catalogo 2661 -- no se repite la exploracion completa, se cita por evidencia identica de dominio y mecanismo NADA. El primer resultado que produjo este procedimiento es el que se reporta.	2026-08-12
WorldBank_MEX_ParentalEmpowerment_2010_catalogo1039	organismo_internacional	Banco Mundial (World Bank Group) -- Harry Anthony Patrinos, Consejo Nacional de Fomento Educativo (CONAFE)	https://microdata.worldbank.org/catalog/1039/study-description	microdato + documentacion	2010 (Endline Survey)	individuo/escuela (Programa de Participacion Social, AGE/APF, CONAFE)	nacional (Mexico)	si, declarado -- gateado tras login NADA	libre tras registro gratuito -- MISMO patron NADA que catalogo 2661/2049: "Login to access data..."; misma cuenta ya activa de este proyecto sirve tambien aqui	N28		EXISTE-SATISFACE	Catalogo sondeado 200 (curl, 59394 bytes), titulo "Mexico - Impact Evaluation of Parental Empowerment Program 2010, Endline Survey". Pestana get-microdata (200) confirma el mismo texto "Login to access data..." ya documentado para catalogo 2661 -- no se repite la exploracion completa, se cita por evidencia identica de dominio y mecanismo NADA. El primer resultado que produjo este procedimiento es el que se reporta.	2026-08-12
openICPSR_Microcredit_MexicoPlacement_proj116334	repositorio_academico	openICPSR (Inter-university Consortium for Political and Social Research, University of Michigan)	https://www.openicpsr.org/openicpsr/project/116334/version/V1/view	microdato (declarado por el titulo de la cola; no verificado -- pagina bloqueada)	no verificada por este agente	no verificada por este agente	no verificada por este agente	no verificado por este agente -- pagina bloqueada antes de ver contenido	NO OBTENIDO POR ESTE AGENTE EN 2 INTENTOS -- (1) curl plano: HTTP 403, cabeceras server: cloudflare, cf-mitigated: challenge, CSP referenciando challenges.cloudflare.com (identico patron a GESIS/ISSP, P.Lote-1 SS5.1); (2) curl con cabeceras de navegador real (Chrome/Windows UA + Accept + Accept-Language): HTTP 403 sin cambio. openICPSR (a diferencia de ICPSR clasico, que exige Restricted Data Use Agreement -- ver fila ICPSR_Mexico_Panel_Study_2012, NO-ACCESIBLE) suele permitir descarga tras registro gratuito, pero no se pudo confirmar: el bloqueo de Cloudflare ocurrio ANTES de ver ese formulario	N3		NO OBTENIDO POR ESTE AGENTE EN 2 INTENTOS	Receta manual (<1 min): abrir https://www.openicpsr.org/openicpsr/project/116334/version/V1/view en un navegador real -- el reto Cloudflare se resuelve solo (JS), como en ISSP/WVS; verificar en la pagina si pide cuenta openICPSR gratuita o si la descarga es directa (distincion no confirmable por este agente).	2026-08-12
JPAL_CorruptionInformation_MexicoVoters_2009	repositorio_academico	J-PAL (Abdul Latif Jameel Poverty Action Lab); datos alojados por la investigadora (Ana De la O, Yale University)	https://www.povertyactionlab.org/evaluation/information-dissemination-campaign-and-voters-behavior-2009-municipal-elections-mexico	microdato (replication data de un experimento de campo, AEA RCT AEARCTR-0001973)	2009 (elecciones municipales)	individuo/votante	municipal (Mexico)	si -- enlace directo "Download data (545 KB)" en la propia pagina, verificado real (206 Partial Content, Content-Range 0-0/184801, application/zip)	libre, descarga directa sin registro ni sesion	N25		EXISTE-SATISFACE	Pagina sondeada 200 (curl, 104790 bytes), titulo "Information Dissemination Campaign and Voters' Behavior in the 2009 Municipal Elections in Mexico" (20 menciones de Mexico/mexico en el HTML). Enlace "Download data (545 KB)" apunta a http://campuspress.yale.edu/anadelao/files/2010/11/Replication-files-24ft7wz.zip -- verificado con GET -r 0-0 siguiendo redirects (301 http->https, 302 a bpb-us-w2.wpmucdn.com, CDN BunnyCDN): 206 Partial Content, Content-Range 0-0/184801, sin ningun paso de registro. El primer resultado que produjo este procedimiento es el que se reporta.	2026-08-12
Zenodo_ElectoralPrecinctLevel_MexicoMunicipal	repositorio_academico	Calderon-Hernandez, Larreguy, Marshall, Perez Castellanos (datos en Zenodo/CERN + espejo en GitHub)	https://www.nature.com/articles/s41597-025-04918-9	microdato (base de datos a nivel de casilla/precinto electoral)	no verificada a nivel variable (no se abrio el zip, fuera de perimetro de este acto)	precinto/casilla electoral	municipal/casilla (Mexico)	si -- verificado real en Zenodo (206 Partial Content, Content-Range 0-0/739952144, access_right=open via API) + espejo declarado en GitHub	libre, descarga directa sin registro ni sesion	N25		EXISTE-SATISFACE	ADVERTENCIA DE CALIDAD DE LA COLA: la URL congelada en el Commit 1 de este acto (https://www.nature.com/articles/s41597-025-04999-0, tal como venia en data/cola-adquisicion-2026-08-12.tsv) da 404 REAL de Nature ("Page not found | Nature", verificado con cookie-jar para descartar bucle de consentimiento de cookies, no un bloqueo de caja). Buscado el titulo exacto en el buscador propio de nature.com (www.nature.com/search, A.6: candidata de buscador, promovida solo tras abrir byte a byte) -- resultado: DOI real s41597-025-04918-9 ("9" y "18" transpuestos/distintos respecto al "9" y "99" de la cola; probable error de transcripcion al construir la cola). Pagina real sondeada 200 -L (287370 bytes), titulo "Electoral precinct-level database for Mexican municipal elections | Scientific Data" -- coincide exacto con el fuente_canonica de la cola. Seccion "Data Records" declara "available through the Zenodo repository and a dedicated GitHub page": https://doi.org/10.5281/zenodo.14991954 (resuelve a zenodo.org/records/14991955) y https://github.com/brunocalderonh/The-Mexican-municipal-elections-electoral-precinct-level-database. API de Zenodo (zenodo.org/api/records/14991955) confirma 1 archivo (739952144 bytes) con access_right=open; verificado ademas con GET -r 0-0 directo sobre el archivo. Reportar a mesa: esta fila corrige la URL de la cola-adquisicion para futuros actos, no se edito la cola (fuera de perimetro de este acto).	2026-08-12
Banxico_EncuestaCompetenciasFinancieras	canasta_publica	Banco de Mexico	https://www.banxico.org.mx/publicaciones-y-prensa/encuesta-de-competencias-financieras-de-la-poblaci/microdatos/competencias-financieras-mi.html	microdato	2019-2024 (6 olas anuales, enlaces directos confirmados en la portada)	individuo (competencias financieras de la poblacion)	nacional (Mexico)	si -- 6 archivos xlsx reales enlazados directo (2019 a 2024) + manuales PDF; verificado ola 2024 (206 Partial Content, Content-Range 0-0/1210013)	libre, descarga directa sin registro ni sesion	N29		EXISTE-SATISFACE	Pagina sondeada 200 (curl, 16537 bytes; contenido en codificacion Latin-1/mojibake -- re-sondeada con LC_ALL=C para no perder matches de grep, no afecta el resultado). Titulo "Competencias financieras, microdatos, Banco de Mexico", encabezado "Microdatos y manual de la base de datos encuesta de competencias financieras de la poblacion". 6 enlaces directos a .xlsx ("Microdatos encuesta anual: resultados del modulo de competencias financieras {2019..2024}") mas varios PDF de manual/diccionario, todos con href relativo bajo /publicaciones-y-prensa/.../microdatos/, sin formulario ni sesion. Verificado el archivo de 2024 con GET -r 0-0 (URL-encoded): 206 Partial Content, Content-Type application/vnd.openxmlformats-officedocument.spreadsheetml.sheet, Content-Range 0-0/1210013. El primer resultado que produjo este procedimiento es el que se reporta.	2026-08-12
OECD_TrustSurveyData	organismo_internacional	OCDE (Organizacion para la Cooperacion y el Desarrollo Economicos)	https://www.oecd.org/en/data/datasets/oecd-trust-survey-data.html	microdato (declarado por el titulo de la cola; no verificado -- pagina bloqueada)	no verificada por este agente	no verificada por este agente	no verificada por este agente	no verificado por este agente -- pagina bloqueada antes de ver contenido	NO OBTENIDO POR ESTE AGENTE EN 2 INTENTOS -- (1) curl plano: HTTP 403, cabeceras server: cloudflare, cf-mitigated: challenge, CSP referenciando challenges.cloudflare.com (identico patron a GESIS/ISSP, P.Lote-1 SS5.1); (2) curl con cabeceras de navegador real: HTTP 403 sin cambio	N30		NO OBTENIDO POR ESTE AGENTE EN 2 INTENTOS	Receta manual (<1 min): abrir https://www.oecd.org/en/data/datasets/oecd-trust-survey-data.html en un navegador real -- el reto Cloudflare se resuelve solo (JS); el portal de datos OCDE (data-explorer.oecd.org) suele ofrecer descarga libre de series/microdatos agregados, verificar en la pagina si el Trust Survey especifico exige registro (no confirmable por este agente).	2026-08-12
Cenfri_MicroinsuranceMexico	ong_observatorio	Cenfri (Centre for Financial Regulation and Inclusion)	https://cenfri.org/research-paper/price-and-information-type-in-life-microinsurance-demand-experimental-evidence-from-mexico/	microdato (declarado por el titulo de la cola; no verificado -- pagina bloqueada)	no verificada por este agente	no verificada por este agente	no verificada por este agente	no verificado por este agente -- pagina bloqueada antes de ver contenido	NO OBTENIDO POR ESTE AGENTE EN 2 INTENTOS -- (1) curl plano: HTTP 403, cabeceras server: cloudflare, cf-mitigated: challenge, CSP referenciando challenges.cloudflare.com (identico patron a GESIS/ISSP, P.Lote-1 SS5.1); (2) curl con cabeceras de navegador real: HTTP 403 sin cambio	N21		NO OBTENIDO POR ESTE AGENTE EN 2 INTENTOS	Receta manual (<1 min): abrir la URL en un navegador real -- el reto Cloudflare se resuelve solo (JS); Cenfri es un think tank de politica publica, es probable que el dataset real (si existe como microdato reusable, no solo el paper) viva en un repositorio externo citado dentro del PDF del research paper -- no confirmable por este agente sin abrir la pagina.	2026-08-12
INEGI_ENCOAP_2023_adquisicion_PLOTE2	catalogo_metadatos_inegi	INEGI	https://www.inegi.org.mx/contenidos/programas/encoap/2023/microdatos/bd_encoap2023_csv.zip	microdato	2023	hogar/persona (Encuesta Nacional de Confianza en la Administracion Publica)	nacional (Estados Unidos Mexicanos)	si -- payload real adquirido e integro en el corpus compartido (420306 bytes, zip valido, sha256 en manifiesto.yaml id inegi_encoap_2023_csv)	libre, descarga directa sin registro ni sesion	N2,N30		EXISTE-SATISFACE	ACTO P-LOTE-2 (2026-08-13): API archivoscompaginacion documentada por SONDA-1 (idBiinegi=3369) devuelve 204 sistemico en esta sesion (verificado con id invalido de control, mismo resultado). URL real recuperada de data/curacion-universo/universo-declarado-t0.tsv (activo ACT-050e7d14027179aad03439ee, declaracion T0 previa), verificada independiente con GET -r 0-0: 206, Content-Range 0-0/420306 -- mismo tamano que SONDA-1 ya habia reportado por la via de la API (mismo archivo, ruta distinta). Descarga completa verificada 420306 bytes exactos.	2026-08-13
Banxico_EncuestaCompetenciasFinancieras_adquisicion_PLOTE2	canasta_publica	Banco de Mexico	https://www.banxico.org.mx/publicaciones-y-prensa/encuesta-de-competencias-financieras-de-la-poblaci/microdatos/{746E6FB8-DA99-CB2F-3D57-ABC5118E154B}.xlsx	microdato	2024 (ola mas reciente de 6 disponibles, 2019-2024)	individuo (competencias financieras de la poblacion)	nacional (Mexico)	si -- payload real adquirido e integro en el corpus compartido (1210013 bytes, xlsx valido, sha256 en manifiesto.yaml id banxico_encuesta_competencias_financieras_2024)	libre, descarga directa sin registro ni sesion	N29		EXISTE-SATISFACE	ACTO P-LOTE-2 (2026-08-13): mecanismo documentado por SONDA-1 (6 enlaces .xlsx directos en la portada) reproducido sin cambios. GET -r 0-0 verificado antes de bajar: 206, Content-Range 0-0/1210013 -- coincide exacto con SONDA-1. Descarga completa verificada 1210013 bytes exactos, dominio banxico.org.mx alcanzado SIN override de sandbox (ver 4-bis).	2026-08-13
Zenodo_ElectoralPrecinctLevel_MexicoMunicipal_adquisicion_PLOTE2	repositorio_academico	Calderon-Hernandez, Larreguy, Marshall, Perez Castellanos (datos en Zenodo/CERN + espejo en GitHub)	https://zenodo.org/api/records/14991955/files/brunocalderonh/The-Mexican-municipal-elections-electoral-precinct-level-database-Static_v1.zip/content	microdato (base de datos a nivel de casilla/precinto electoral)	no verificada a nivel variable (no se abrio el zip, fuera de perimetro de este acto)	precinto/casilla electoral	municipal/casilla (Mexico)	si -- payload real adquirido e integro en el corpus compartido (739952144 bytes, md5 d1cbf7125ab6f2ffecf3d9f0e0ab125e coincide exacto con el reportado por la API de Zenodo, sha256 en manifiesto.yaml id zenodo_electoral_precinct_level_mexico_municipal)	libre, descarga directa sin registro ni sesion	N25		EXISTE-SATISFACE	ACTO P-LOTE-2 (2026-08-13): mecanismo documentado por SONDA-1 (API publica de Zenodo, record 14991955) reproducido sin cambios. GET -r 0-0 verificado antes de bajar: 206, Content-Range 0-0/739952144 -- coincide exacto con SONDA-1. Descarga completa verificada por md5 exacto, dominio zenodo.org alcanzado SIN override de sandbox (ver 4-bis; contradice el hallazgo previo de SONDA-1 de que este dominio requeria override -- declarado en la nota de este acto, no resuelto). Corrige ademas el DOI de la cola (T1, ver data/cola-adquisicion-2026-08-12.tsv).	2026-08-13
OSF_InteractingAsEquals_PartisanPolarizacion_Mexico_adquisicion_PLOTE2	repositorio_academico	Autores del articulo (Nature Human Behaviour), datos alojados en Open Science Framework (OSF)	https://api.osf.io/v2/nodes/f7bzy/files/osfstorage/667adb6db0ed59004879e6f2/	microdato + codigo de replicacion	no verificada a nivel variable (no se abrieron los .dta a nivel de contenido, fuera de perimetro de este acto)	municipio (indicadores de pobreza 2020) + individuo (chats experimentales; texto crudo NO disponible por proteccion de sujetos humanos, declarado por el propio articulo)	municipal (Mexico)	si -- 10/10 payloads reales adquiridos e integros en el corpus compartido (2321478 bytes total; tamanos exactos verificados 1:1 contra el listado de la API publica de OSF antes de bajar; sha256 de cada uno en manifiesto.yaml, ids osf_iae_*)	libre, sin registro -- API publica de OSF confirma nodo f7bzy con public=true	N3,N17		EXISTE-SATISFACE	ACTO P-LOTE-2 (2026-08-13): mecanismo documentado por SONDA-1 (API REST publica de OSF) reproducido sin cambios. Los 10 archivos de la carpeta Data/ (que SONDA-1 solo listo por metadatos, sin abrir -- fuera de su perimetro de sondeo) se descargaron completos aqui: cada tamano coincide exacto con el declarado por la API antes de bajar (verificacion por archivo, no solo por total). Firmas de tipo verificadas (8 Stata Release 118, 1 CSV ASCII, 1 Excel 2007+) -- ninguno es pagina de error. Dominio osf.io alcanzado SIN override de sandbox (ver 4-bis; contradice el hallazgo previo de SONDA-1 de que este dominio requeria override -- declarado en la nota de este acto, no resuelto).	2026-08-13
