id	encuesta	ola	universo	variable	estimador	ponderador	escala	grado_dependencia	publicada	cv_arbitro	n_no_ponderado	frase_discriminacion	post_corte_u_ola_retenida	dominio	dificultad	estrato	regla	conducta	clase_procedencia	base_medida	en_corpus	en_marco_60	elegible	ola_calibracion	grado_sellado	grado_transferencia	transferencia	razon	grado_DD	razon_DD	elegible_v1_1
TRA-M-01	ENCIG	2023	población de 18 años y más, ENCIG 2023, join encig2023_01_sec_11 (P11_1_23) x encig2023_01_sec1_A_3_4_5_8_9_10 (P8_3_1/2/3), ID_PER, 38966 filas, cero pérdida	P8_3_1	proporción ponderada	FAC_P18	binaria	P1		P8_3_1/P8_3_2/P8_3_3		tramite.mordida.discrecional -> paga_mordida (desenlace medido G1.confianza_institucional; NOTA: por la regla real de grado_dependencia -- P0=ruta de parametrizacion de M, forense/notas/2026-08-20-act-pil-2-marco.md -- esta fila seria P0, no P1; desviacion declarada, ver spec (b))	NO	tramite	MEDIA	tramite|P1|MEDIA	tramite.mordida.discrecional	paga_mordida	MEDIDO·β̂(diferencia de proporciones), un ítem, marginal, TRUNCADO	SI	SI	CIV-01	SI	ENCIG 2023	P0	P0	NO	Es la propia ola de calibracion del p ASIGNADO de tramite.mordida.discrecional (milpa/tramite.yaml:45,50, fuente=[ENCIG2023,...], confirmado por procedencia.yaml:782-786) -- ola=instrumento de la fila coincide con ola_calibracion, sin transferencia. grado_sellado=P0 por match literal en forense/notas/2026-08-20-act-pil-2-marco.md:125 (ENCIG 2023 nombrado en la lista P0).	P0 VERIFICACION-NO-PUNTUA	(encuesta,ola)=(ENCIG,2023) COINCIDE con ola_calibracion=ENCIG 2023 de su regla -> calibration target bajo F-DD (ADR-237). Control de plomeria: se conserva, no puntua.	NO
TRA-M-02	ENCUCI	2020	universo con contacto AP5_16_1..10, ENCUCI 2020 SEC_4_5, 21519 filas, n útil 13375/13393/13365 de 13435 con contacto	AP5_17|AP5_18	proporción ponderada	FAC_SEL	binaria	P1		AP5_1_1/AP5_1_2/AP5_1_3		tramite.mordida.discrecional -> paga_mordida (desenlace medido G1.radio_confianza, batería AP5_1_1/2/3 x AP5_17 o AP5_18='1'; NOTA: misma tensión P0/P1, ver spec (b))	NO	tramite	MEDIA	tramite|P1|MEDIA	tramite.mordida.discrecional	paga_mordida	MEDIDO·β̂(diferencia de proporciones), por ítem, marginal (sin condicionar sobre atributos)	SI	SI		SI	ENCIG 2023	P0	P1	SI	C1: variable corregida de AP5_1_1 (item de theta de G1.radio_confianza, NO el desenlace) a AP5_17|AP5_18 (desenlace compuesto sellado, procedencia.yaml:888 + forense/notas/2026-08-04-w-coeficientes-generador-paso1.md lineas 114-121,151: 'compuesto: 1 si AP5_17=1 o AP5_18=1'). C2: ponderador corregido de NO_ENCONTRADO_1944_LINEAS_REVISADAS a FAC_SEL (forense/notas/2026-08-30-compuesta-spec.md:52, verbatim: 'Ponderador: FAC_SEL. Estrato: EST_DIS. UPM: UPM_DIS.'; ese diseno de estrato/UPM no tiene columna propia en este esquema, queda citado aqui, no en columna nueva). grado_transferencia=P1: instrumento ENCUCI != ola_calibracion ENCIG 2023 de la regla -- transferencia DE INSTRUMENTO (criterio (c) del spec, ejemplo literal mordida ENCIG<->ENCUCI). grado_sellado=P0 por match literal de ENCUCI 2020 en la lista P0 (act-pil-2-marco.md:125) -- P0 por parametrizar G1.radio_confianza, NO porque AP5_17/18 sea el par medido de esa lista (salvedad de (d) del spec: P0 es propiedad del PAR encuesta-ola, no de la variable). Inconsistencia observada, NO corregida (fuera de las dos correcciones C1/C2 autorizadas por el encargo): cv_arbitro sigue AP5_1_1/AP5_1_2/AP5_1_3 (bateria de theta), ahora desalineada de variable corregida -- ver nota de cierre.	P1 PUNTUA	(encuesta,ola)=(ENCUCI,2020) != ola_calibracion=ENCIG 2023 de la conducta 'paga_mordida' de tramite.mordida.discrecional -> validacion externa bajo F-DD (ADR-237). Regla cargada verificada por cargar_reglas() post-P0. AVISO F-DD abierto por FP-200=b: la enmienda ENCUCI que P0 carga en esta misma regla trae ola_calibracion=ENCUCI 2020 para las conductas paga_mordida_encuci2020/tramite_normal_encuci2020, que SI coinciden con esta celda. Esta fila se evalua por la conducta que el marco declara (paga_mordida, p=0.62 ASIGNADO, ancla ENCIG 2023), no por la enmienda; re-apuntar el marco a la conducta enmendada la volveria P0 VERIFICACION y es decision de mesa, no de este acto.	SI
TRA-M-03	ENCIG	2013	poblacion de 18 anios y mas (supuesto por familia de instrumento, ENCIG bienal/estatal) -- universo y n exactos NO re-derivados en este acto (censo de existencia sobre inventario de reactivos, no sobre microdato)	P8_3_1	NO ESTIMADO EN ESTE ACTO	NO ESTIMADO EN ESTE ACTO	binaria	PENDIENTE-D-D		P8_3_1		tramite.mordida.discrecional -> paga_mordida (transferencia de ola: variable_id P8_3_1 hallado en ENCIG 2013, 1 fila(s) de inventario en v1_2; NO estimado en este acto)		tramite	PENDIENTE	PENDIENTE	tramite.mordida.discrecional	paga_mordida	NO ESTIMADO (censo de existencia)	NO	SI		SI	ENCIG 2023	P1	P1	SI	Mismo variable_id P8_3_1 que el desenlace sellado de coeficientes_generador_medidos.G1_confianza_institucional (procedencia.yaml:937, regla tramite.mordida.discrecional), hallado en ENCIG 2013 (1 fila(s), inventario(s) v1_2), ola distinta de ola_calibracion=ENCIG 2023 -> transferencia de ola. grado_sellado=P1. Fila de censo de existencia (Categoria A, spec (e)): universo/estimador/ponderador NO re-derivados contra microdato en este acto.	P1 PUNTUA	(encuesta,ola)=(ENCIG,2013) != ola_calibracion=ENCIG 2023 de la conducta 'paga_mordida' de tramite.mordida.discrecional -> validacion externa bajo F-DD (ADR-237). Regla cargada verificada por cargar_reglas() post-P0.	SI
TRA-M-04	ENCIG	2015	poblacion de 18 anios y mas (supuesto por familia de instrumento, ENCIG bienal/estatal) -- universo y n exactos NO re-derivados en este acto (censo de existencia sobre inventario de reactivos, no sobre microdato)	P8_3_1	NO ESTIMADO EN ESTE ACTO	NO ESTIMADO EN ESTE ACTO	binaria	PENDIENTE-D-D		P8_3_1		tramite.mordida.discrecional -> paga_mordida (transferencia de ola: variable_id P8_3_1 hallado en ENCIG 2015, 3 fila(s) de inventario en v1_2; NO estimado en este acto)		tramite	PENDIENTE	PENDIENTE	tramite.mordida.discrecional	paga_mordida	NO ESTIMADO (censo de existencia)	NO	SI		SI	ENCIG 2023	P1	P1	SI	Mismo variable_id P8_3_1 que el desenlace sellado de coeficientes_generador_medidos.G1_confianza_institucional (procedencia.yaml:937, regla tramite.mordida.discrecional), hallado en ENCIG 2015 (3 fila(s), inventario(s) v1_2), ola distinta de ola_calibracion=ENCIG 2023 -> transferencia de ola. grado_sellado=P1. Fila de censo de existencia (Categoria A, spec (e)): universo/estimador/ponderador NO re-derivados contra microdato en este acto.	P1 PUNTUA	(encuesta,ola)=(ENCIG,2015) != ola_calibracion=ENCIG 2023 de la conducta 'paga_mordida' de tramite.mordida.discrecional -> validacion externa bajo F-DD (ADR-237). Regla cargada verificada por cargar_reglas() post-P0.	SI
TRA-M-05	ENCIG	2017	poblacion de 18 anios y mas (supuesto por familia de instrumento, ENCIG bienal/estatal) -- universo y n exactos NO re-derivados en este acto (censo de existencia sobre inventario de reactivos, no sobre microdato)	P8_3_1	NO ESTIMADO EN ESTE ACTO	NO ESTIMADO EN ESTE ACTO	binaria	PENDIENTE-D-D		P8_3_1		tramite.mordida.discrecional -> paga_mordida (transferencia de ola: variable_id P8_3_1 hallado en ENCIG 2017, 3 fila(s) de inventario en v1_2; NO estimado en este acto)		tramite	PENDIENTE	PENDIENTE	tramite.mordida.discrecional	paga_mordida	NO ESTIMADO (censo de existencia)	NO	SI		SI	ENCIG 2023	P1	P1	SI	Mismo variable_id P8_3_1 que el desenlace sellado de coeficientes_generador_medidos.G1_confianza_institucional (procedencia.yaml:937, regla tramite.mordida.discrecional), hallado en ENCIG 2017 (3 fila(s), inventario(s) v1_2), ola distinta de ola_calibracion=ENCIG 2023 -> transferencia de ola. grado_sellado=P1. Fila de censo de existencia (Categoria A, spec (e)): universo/estimador/ponderador NO re-derivados contra microdato en este acto.	P1 PUNTUA	(encuesta,ola)=(ENCIG,2017) != ola_calibracion=ENCIG 2023 de la conducta 'paga_mordida' de tramite.mordida.discrecional -> validacion externa bajo F-DD (ADR-237). Regla cargada verificada por cargar_reglas() post-P0.	SI
TRA-M-06	ENCIG	2019	poblacion de 18 anios y mas (supuesto por familia de instrumento, ENCIG bienal/estatal) -- universo y n exactos NO re-derivados en este acto (censo de existencia sobre inventario de reactivos, no sobre microdato)	P8_3_1	NO ESTIMADO EN ESTE ACTO	NO ESTIMADO EN ESTE ACTO	binaria	PENDIENTE-D-D		P8_3_1		tramite.mordida.discrecional -> paga_mordida (transferencia de ola: variable_id P8_3_1 hallado en ENCIG 2019, 3 fila(s) de inventario en v1_2; NO estimado en este acto)		tramite	PENDIENTE	PENDIENTE	tramite.mordida.discrecional	paga_mordida	NO ESTIMADO (censo de existencia)	NO	SI		SI	ENCIG 2023	P1	P1	SI	Mismo variable_id P8_3_1 que el desenlace sellado de coeficientes_generador_medidos.G1_confianza_institucional (procedencia.yaml:937, regla tramite.mordida.discrecional), hallado en ENCIG 2019 (3 fila(s), inventario(s) v1_2), ola distinta de ola_calibracion=ENCIG 2023 -> transferencia de ola. grado_sellado=P1. Fila de censo de existencia (Categoria A, spec (e)): universo/estimador/ponderador NO re-derivados contra microdato en este acto.	P1 PUNTUA	(encuesta,ola)=(ENCIG,2019) != ola_calibracion=ENCIG 2023 de la conducta 'paga_mordida' de tramite.mordida.discrecional -> validacion externa bajo F-DD (ADR-237). Regla cargada verificada por cargar_reglas() post-P0.	SI
TRA-M-07	ENCIG	2021	poblacion de 18 anios y mas (supuesto por familia de instrumento, ENCIG bienal/estatal) -- universo y n exactos NO re-derivados en este acto (censo de existencia sobre inventario de reactivos, no sobre microdato)	P8_3_1	NO ESTIMADO EN ESTE ACTO	NO ESTIMADO EN ESTE ACTO	binaria	PENDIENTE-D-D		P8_3_1		tramite.mordida.discrecional -> paga_mordida (transferencia de ola: variable_id P8_3_1 hallado en ENCIG 2021, 7 fila(s) de inventario en ext-v1_0,v1_2; NO estimado en este acto)		tramite	PENDIENTE	PENDIENTE	tramite.mordida.discrecional	paga_mordida	NO ESTIMADO (censo de existencia)	NO	SI		SI	ENCIG 2023	P0	P1	SI	Mismo variable_id P8_3_1 que el desenlace sellado de coeficientes_generador_medidos.G1_confianza_institucional (procedencia.yaml:937, regla tramite.mordida.discrecional), hallado en ENCIG 2021 (7 fila(s), inventario(s) ext-v1_0,v1_2), ola distinta de ola_calibracion=ENCIG 2023 -> transferencia de ola. grado_sellado=P0 (P0 por parametrizar condicionales_confianza_institucional.salud via P11_1_3, procedencia.yaml:183-193 -- salvedad de spec (d): P0 es del PAR encuesta-ola, no de P8_3_1). Fila de censo de existencia (Categoria A, spec (e)): universo/estimador/ponderador NO re-derivados contra microdato en este acto.	P1 PUNTUA	(encuesta,ola)=(ENCIG,2021) != ola_calibracion=ENCIG 2023 de la conducta 'paga_mordida' de tramite.mordida.discrecional -> validacion externa bajo F-DD (ADR-237). Regla cargada verificada por cargar_reglas() post-P0.	SI
TRA-M-08	ENCIG	2025	poblacion de 18 anios y mas (supuesto por familia de instrumento, ENCIG bienal/estatal) -- universo y n exactos NO re-derivados en este acto (censo de existencia sobre inventario de reactivos, no sobre microdato)	P8_3_1	NO ESTIMADO EN ESTE ACTO	NO ESTIMADO EN ESTE ACTO	binaria	PENDIENTE-D-D		P8_3_1		tramite.mordida.discrecional -> paga_mordida (transferencia de ola: variable_id P8_3_1 hallado en ENCIG 2025, 5 fila(s) de inventario en ext-v1_0,v1_2; NO estimado en este acto)		tramite	PENDIENTE	PENDIENTE	tramite.mordida.discrecional	paga_mordida	NO ESTIMADO (censo de existencia)	NO	SI		SI	ENCIG 2023	P1	P1	SI	Mismo variable_id P8_3_1 que el desenlace sellado de coeficientes_generador_medidos.G1_confianza_institucional (procedencia.yaml:937, regla tramite.mordida.discrecional), hallado en ENCIG 2025 (5 fila(s), inventario(s) ext-v1_0,v1_2), ola distinta de ola_calibracion=ENCIG 2023 -> transferencia de ola. grado_sellado=P1. Fila de censo de existencia (Categoria A, spec (e)): universo/estimador/ponderador NO re-derivados contra microdato en este acto.	P1 PUNTUA	(encuesta,ola)=(ENCIG,2025) != ola_calibracion=ENCIG 2023 de la conducta 'paga_mordida' de tramite.mordida.discrecional -> validacion externa bajo F-DD (ADR-237). Regla cargada verificada por cargar_reglas() post-P0.	SI
CIV-M-01	ENVIPE	2012	NO ESTIMADO EN ESTE ACTO -- censo de existencia sobre inventario de reactivos, no re-derivacion contra microdato (misma regla de columnas que MAESTRA32-E15 spec (e))	BP1_23	NO ESTIMADO EN ESTE ACTO	NO ESTIMADO EN ESTE ACTO	binaria	PENDIENTE-D-D		BP1_23		civico.denuncia.miedo_desconfianza -> denuncia_con_miedo_o_desconfianza (transferencia de ola: variable_id BP1_23 hallado en ENVIPE 2012, 1 fila(s) de inventario; NO estimado en este acto)		civico	PENDIENTE	PENDIENTE	civico.denuncia.miedo_desconfianza	denuncia_con_miedo_o_desconfianza	NO ESTIMADO (censo de existencia)	NO	SI	NO	SI	ENVIPE 2025 (unica ola disponible para este universo)	P1	P1	SI	Estadistica BP1_23, desenlace de la regla civico.denuncia.miedo_desconfianza que ACTO MAESTRA32-E20 · P0 cargo al motor por FP-200=b. Enlace estadistica->regla: milpa/tramite.yaml:211 (fuente -> coeficientes_generador_medidos.G4_exposicion_violencia) x milpa/procedencia.yaml:998 ('x desenlace BP1_23'). Fila derivada del censo de existencia sobre la union de los 4 inventarios (269320 filas examinadas); familia por prefijo de `instrumento`. La columna `ola` del inventario es NO_DETERMINADO en el 100% de estas filas: la ola se deriva del campo `instrumento` (p.ej. envipe2012 -> 2012), limite declarado.	P1 PUNTUA	(encuesta,ola)=(ENVIPE,2012) != ola_calibracion=ENVIPE 2025 (unica ola disponible para este universo) -> validacion externa bajo F-DD (ADR-237). Regla civico.denuncia.miedo_desconfianza presente en cargar_reglas() post-P0 (FP-200=b).	SI
CIV-M-02	ENVIPE	2013	NO ESTIMADO EN ESTE ACTO -- censo de existencia sobre inventario de reactivos, no re-derivacion contra microdato (misma regla de columnas que MAESTRA32-E15 spec (e))	BP1_23	NO ESTIMADO EN ESTE ACTO	NO ESTIMADO EN ESTE ACTO	binaria	PENDIENTE-D-D		BP1_23		civico.denuncia.miedo_desconfianza -> denuncia_con_miedo_o_desconfianza (transferencia de ola: variable_id BP1_23 hallado en ENVIPE 2013, 1 fila(s) de inventario; NO estimado en este acto)		civico	PENDIENTE	PENDIENTE	civico.denuncia.miedo_desconfianza	denuncia_con_miedo_o_desconfianza	NO ESTIMADO (censo de existencia)	NO	SI	NO	SI	ENVIPE 2025 (unica ola disponible para este universo)	P1	P1	SI	Estadistica BP1_23, desenlace de la regla civico.denuncia.miedo_desconfianza que ACTO MAESTRA32-E20 · P0 cargo al motor por FP-200=b. Enlace estadistica->regla: milpa/tramite.yaml:211 (fuente -> coeficientes_generador_medidos.G4_exposicion_violencia) x milpa/procedencia.yaml:998 ('x desenlace BP1_23'). Fila derivada del censo de existencia sobre la union de los 4 inventarios (269320 filas examinadas); familia por prefijo de `instrumento`. La columna `ola` del inventario es NO_DETERMINADO en el 100% de estas filas: la ola se deriva del campo `instrumento` (p.ej. envipe2012 -> 2012), limite declarado.	P1 PUNTUA	(encuesta,ola)=(ENVIPE,2013) != ola_calibracion=ENVIPE 2025 (unica ola disponible para este universo) -> validacion externa bajo F-DD (ADR-237). Regla civico.denuncia.miedo_desconfianza presente en cargar_reglas() post-P0 (FP-200=b).	SI
CIV-M-03	ENVIPE	2014	NO ESTIMADO EN ESTE ACTO -- censo de existencia sobre inventario de reactivos, no re-derivacion contra microdato (misma regla de columnas que MAESTRA32-E15 spec (e))	BP1_23	NO ESTIMADO EN ESTE ACTO	NO ESTIMADO EN ESTE ACTO	binaria	PENDIENTE-D-D		BP1_23		civico.denuncia.miedo_desconfianza -> denuncia_con_miedo_o_desconfianza (transferencia de ola: variable_id BP1_23 hallado en ENVIPE 2014, 1 fila(s) de inventario; NO estimado en este acto)		civico	PENDIENTE	PENDIENTE	civico.denuncia.miedo_desconfianza	denuncia_con_miedo_o_desconfianza	NO ESTIMADO (censo de existencia)	NO	SI	NO	SI	ENVIPE 2025 (unica ola disponible para este universo)	P1	P1	SI	Estadistica BP1_23, desenlace de la regla civico.denuncia.miedo_desconfianza que ACTO MAESTRA32-E20 · P0 cargo al motor por FP-200=b. Enlace estadistica->regla: milpa/tramite.yaml:211 (fuente -> coeficientes_generador_medidos.G4_exposicion_violencia) x milpa/procedencia.yaml:998 ('x desenlace BP1_23'). Fila derivada del censo de existencia sobre la union de los 4 inventarios (269320 filas examinadas); familia por prefijo de `instrumento`. La columna `ola` del inventario es NO_DETERMINADO en el 100% de estas filas: la ola se deriva del campo `instrumento` (p.ej. envipe2012 -> 2012), limite declarado.	P1 PUNTUA	(encuesta,ola)=(ENVIPE,2014) != ola_calibracion=ENVIPE 2025 (unica ola disponible para este universo) -> validacion externa bajo F-DD (ADR-237). Regla civico.denuncia.miedo_desconfianza presente en cargar_reglas() post-P0 (FP-200=b).	SI
CIV-M-04	ENVIPE	2015	NO ESTIMADO EN ESTE ACTO -- censo de existencia sobre inventario de reactivos, no re-derivacion contra microdato (misma regla de columnas que MAESTRA32-E15 spec (e))	BP1_23	NO ESTIMADO EN ESTE ACTO	NO ESTIMADO EN ESTE ACTO	binaria	PENDIENTE-D-D		BP1_23		civico.denuncia.miedo_desconfianza -> denuncia_con_miedo_o_desconfianza (transferencia de ola: variable_id BP1_23 hallado en ENVIPE 2015, 1 fila(s) de inventario; NO estimado en este acto)		civico	PENDIENTE	PENDIENTE	civico.denuncia.miedo_desconfianza	denuncia_con_miedo_o_desconfianza	NO ESTIMADO (censo de existencia)	NO	SI	NO	SI	ENVIPE 2025 (unica ola disponible para este universo)	P1	P1	SI	Estadistica BP1_23, desenlace de la regla civico.denuncia.miedo_desconfianza que ACTO MAESTRA32-E20 · P0 cargo al motor por FP-200=b. Enlace estadistica->regla: milpa/tramite.yaml:211 (fuente -> coeficientes_generador_medidos.G4_exposicion_violencia) x milpa/procedencia.yaml:998 ('x desenlace BP1_23'). Fila derivada del censo de existencia sobre la union de los 4 inventarios (269320 filas examinadas); familia por prefijo de `instrumento`. La columna `ola` del inventario es NO_DETERMINADO en el 100% de estas filas: la ola se deriva del campo `instrumento` (p.ej. envipe2012 -> 2012), limite declarado.	P1 PUNTUA	(encuesta,ola)=(ENVIPE,2015) != ola_calibracion=ENVIPE 2025 (unica ola disponible para este universo) -> validacion externa bajo F-DD (ADR-237). Regla civico.denuncia.miedo_desconfianza presente en cargar_reglas() post-P0 (FP-200=b).	SI
CIV-M-05	ENVIPE	2016	NO ESTIMADO EN ESTE ACTO -- censo de existencia sobre inventario de reactivos, no re-derivacion contra microdato (misma regla de columnas que MAESTRA32-E15 spec (e))	BP1_23	NO ESTIMADO EN ESTE ACTO	NO ESTIMADO EN ESTE ACTO	binaria	PENDIENTE-D-D		BP1_23		civico.denuncia.miedo_desconfianza -> denuncia_con_miedo_o_desconfianza (transferencia de ola: variable_id BP1_23 hallado en ENVIPE 2016, 1 fila(s) de inventario; NO estimado en este acto)		civico	PENDIENTE	PENDIENTE	civico.denuncia.miedo_desconfianza	denuncia_con_miedo_o_desconfianza	NO ESTIMADO (censo de existencia)	NO	SI	NO	SI	ENVIPE 2025 (unica ola disponible para este universo)	P1	P1	SI	Estadistica BP1_23, desenlace de la regla civico.denuncia.miedo_desconfianza que ACTO MAESTRA32-E20 · P0 cargo al motor por FP-200=b. Enlace estadistica->regla: milpa/tramite.yaml:211 (fuente -> coeficientes_generador_medidos.G4_exposicion_violencia) x milpa/procedencia.yaml:998 ('x desenlace BP1_23'). Fila derivada del censo de existencia sobre la union de los 4 inventarios (269320 filas examinadas); familia por prefijo de `instrumento`. La columna `ola` del inventario es NO_DETERMINADO en el 100% de estas filas: la ola se deriva del campo `instrumento` (p.ej. envipe2012 -> 2012), limite declarado.	P1 PUNTUA	(encuesta,ola)=(ENVIPE,2016) != ola_calibracion=ENVIPE 2025 (unica ola disponible para este universo) -> validacion externa bajo F-DD (ADR-237). Regla civico.denuncia.miedo_desconfianza presente en cargar_reglas() post-P0 (FP-200=b).	SI
CIV-M-06	ENVIPE	2017	NO ESTIMADO EN ESTE ACTO -- censo de existencia sobre inventario de reactivos, no re-derivacion contra microdato (misma regla de columnas que MAESTRA32-E15 spec (e))	BP1_23	NO ESTIMADO EN ESTE ACTO	NO ESTIMADO EN ESTE ACTO	binaria	PENDIENTE-D-D		BP1_23		civico.denuncia.miedo_desconfianza -> denuncia_con_miedo_o_desconfianza (transferencia de ola: variable_id BP1_23 hallado en ENVIPE 2017, 1 fila(s) de inventario; NO estimado en este acto)		civico	PENDIENTE	PENDIENTE	civico.denuncia.miedo_desconfianza	denuncia_con_miedo_o_desconfianza	NO ESTIMADO (censo de existencia)	NO	SI	NO	SI	ENVIPE 2025 (unica ola disponible para este universo)	P1	P1	SI	Estadistica BP1_23, desenlace de la regla civico.denuncia.miedo_desconfianza que ACTO MAESTRA32-E20 · P0 cargo al motor por FP-200=b. Enlace estadistica->regla: milpa/tramite.yaml:211 (fuente -> coeficientes_generador_medidos.G4_exposicion_violencia) x milpa/procedencia.yaml:998 ('x desenlace BP1_23'). Fila derivada del censo de existencia sobre la union de los 4 inventarios (269320 filas examinadas); familia por prefijo de `instrumento`. La columna `ola` del inventario es NO_DETERMINADO en el 100% de estas filas: la ola se deriva del campo `instrumento` (p.ej. envipe2012 -> 2012), limite declarado.	P1 PUNTUA	(encuesta,ola)=(ENVIPE,2017) != ola_calibracion=ENVIPE 2025 (unica ola disponible para este universo) -> validacion externa bajo F-DD (ADR-237). Regla civico.denuncia.miedo_desconfianza presente en cargar_reglas() post-P0 (FP-200=b).	SI
CIV-M-07	ENVIPE	2018	NO ESTIMADO EN ESTE ACTO -- censo de existencia sobre inventario de reactivos, no re-derivacion contra microdato (misma regla de columnas que MAESTRA32-E15 spec (e))	BP1_23	NO ESTIMADO EN ESTE ACTO	NO ESTIMADO EN ESTE ACTO	binaria	PENDIENTE-D-D		BP1_23		civico.denuncia.miedo_desconfianza -> denuncia_con_miedo_o_desconfianza (transferencia de ola: variable_id BP1_23 hallado en ENVIPE 2018, 3 fila(s) de inventario; NO estimado en este acto)		civico	PENDIENTE	PENDIENTE	civico.denuncia.miedo_desconfianza	denuncia_con_miedo_o_desconfianza	NO ESTIMADO (censo de existencia)	NO	SI	NO	SI	ENVIPE 2025 (unica ola disponible para este universo)	P1	P1	SI	Estadistica BP1_23, desenlace de la regla civico.denuncia.miedo_desconfianza que ACTO MAESTRA32-E20 · P0 cargo al motor por FP-200=b. Enlace estadistica->regla: milpa/tramite.yaml:211 (fuente -> coeficientes_generador_medidos.G4_exposicion_violencia) x milpa/procedencia.yaml:998 ('x desenlace BP1_23'). Fila derivada del censo de existencia sobre la union de los 4 inventarios (269320 filas examinadas); familia por prefijo de `instrumento`. La columna `ola` del inventario es NO_DETERMINADO en el 100% de estas filas: la ola se deriva del campo `instrumento` (p.ej. envipe2012 -> 2012), limite declarado.	P1 PUNTUA	(encuesta,ola)=(ENVIPE,2018) != ola_calibracion=ENVIPE 2025 (unica ola disponible para este universo) -> validacion externa bajo F-DD (ADR-237). Regla civico.denuncia.miedo_desconfianza presente en cargar_reglas() post-P0 (FP-200=b).	SI
CIV-M-08	ENVIPE	2019	NO ESTIMADO EN ESTE ACTO -- censo de existencia sobre inventario de reactivos, no re-derivacion contra microdato (misma regla de columnas que MAESTRA32-E15 spec (e))	BP1_23	NO ESTIMADO EN ESTE ACTO	NO ESTIMADO EN ESTE ACTO	binaria	PENDIENTE-D-D		BP1_23		civico.denuncia.miedo_desconfianza -> denuncia_con_miedo_o_desconfianza (transferencia de ola: variable_id BP1_23 hallado en ENVIPE 2019, 3 fila(s) de inventario; NO estimado en este acto)		civico	PENDIENTE	PENDIENTE	civico.denuncia.miedo_desconfianza	denuncia_con_miedo_o_desconfianza	NO ESTIMADO (censo de existencia)	NO	SI	NO	SI	ENVIPE 2025 (unica ola disponible para este universo)	P1	P1	SI	Estadistica BP1_23, desenlace de la regla civico.denuncia.miedo_desconfianza que ACTO MAESTRA32-E20 · P0 cargo al motor por FP-200=b. Enlace estadistica->regla: milpa/tramite.yaml:211 (fuente -> coeficientes_generador_medidos.G4_exposicion_violencia) x milpa/procedencia.yaml:998 ('x desenlace BP1_23'). Fila derivada del censo de existencia sobre la union de los 4 inventarios (269320 filas examinadas); familia por prefijo de `instrumento`. La columna `ola` del inventario es NO_DETERMINADO en el 100% de estas filas: la ola se deriva del campo `instrumento` (p.ej. envipe2012 -> 2012), limite declarado.	P1 PUNTUA	(encuesta,ola)=(ENVIPE,2019) != ola_calibracion=ENVIPE 2025 (unica ola disponible para este universo) -> validacion externa bajo F-DD (ADR-237). Regla civico.denuncia.miedo_desconfianza presente en cargar_reglas() post-P0 (FP-200=b).	SI
CIV-M-09	ENVIPE	2020	NO ESTIMADO EN ESTE ACTO -- censo de existencia sobre inventario de reactivos, no re-derivacion contra microdato (misma regla de columnas que MAESTRA32-E15 spec (e))	BP1_23	NO ESTIMADO EN ESTE ACTO	NO ESTIMADO EN ESTE ACTO	binaria	PENDIENTE-D-D		BP1_23		civico.denuncia.miedo_desconfianza -> denuncia_con_miedo_o_desconfianza (transferencia de ola: variable_id BP1_23 hallado en ENVIPE 2020, 3 fila(s) de inventario; NO estimado en este acto)		civico	PENDIENTE	PENDIENTE	civico.denuncia.miedo_desconfianza	denuncia_con_miedo_o_desconfianza	NO ESTIMADO (censo de existencia)	NO	SI	NO	SI	ENVIPE 2025 (unica ola disponible para este universo)	P1	P1	SI	Estadistica BP1_23, desenlace de la regla civico.denuncia.miedo_desconfianza que ACTO MAESTRA32-E20 · P0 cargo al motor por FP-200=b. Enlace estadistica->regla: milpa/tramite.yaml:211 (fuente -> coeficientes_generador_medidos.G4_exposicion_violencia) x milpa/procedencia.yaml:998 ('x desenlace BP1_23'). Fila derivada del censo de existencia sobre la union de los 4 inventarios (269320 filas examinadas); familia por prefijo de `instrumento`. La columna `ola` del inventario es NO_DETERMINADO en el 100% de estas filas: la ola se deriva del campo `instrumento` (p.ej. envipe2012 -> 2012), limite declarado.	P1 PUNTUA	(encuesta,ola)=(ENVIPE,2020) != ola_calibracion=ENVIPE 2025 (unica ola disponible para este universo) -> validacion externa bajo F-DD (ADR-237). Regla civico.denuncia.miedo_desconfianza presente en cargar_reglas() post-P0 (FP-200=b).	SI
CIV-M-10	ENVIPE	2021	NO ESTIMADO EN ESTE ACTO -- censo de existencia sobre inventario de reactivos, no re-derivacion contra microdato (misma regla de columnas que MAESTRA32-E15 spec (e))	BP1_23	NO ESTIMADO EN ESTE ACTO	NO ESTIMADO EN ESTE ACTO	binaria	PENDIENTE-D-D		BP1_23		civico.denuncia.miedo_desconfianza -> denuncia_con_miedo_o_desconfianza (transferencia de ola: variable_id BP1_23 hallado en ENVIPE 2021, 7 fila(s) de inventario; NO estimado en este acto)		civico	PENDIENTE	PENDIENTE	civico.denuncia.miedo_desconfianza	denuncia_con_miedo_o_desconfianza	NO ESTIMADO (censo de existencia)	NO	SI	NO	SI	ENVIPE 2025 (unica ola disponible para este universo)	P1	P1	SI	Estadistica BP1_23, desenlace de la regla civico.denuncia.miedo_desconfianza que ACTO MAESTRA32-E20 · P0 cargo al motor por FP-200=b. Enlace estadistica->regla: milpa/tramite.yaml:211 (fuente -> coeficientes_generador_medidos.G4_exposicion_violencia) x milpa/procedencia.yaml:998 ('x desenlace BP1_23'). Fila derivada del censo de existencia sobre la union de los 4 inventarios (269320 filas examinadas); familia por prefijo de `instrumento`. La columna `ola` del inventario es NO_DETERMINADO en el 100% de estas filas: la ola se deriva del campo `instrumento` (p.ej. envipe2012 -> 2012), limite declarado.	P1 PUNTUA	(encuesta,ola)=(ENVIPE,2021) != ola_calibracion=ENVIPE 2025 (unica ola disponible para este universo) -> validacion externa bajo F-DD (ADR-237). Regla civico.denuncia.miedo_desconfianza presente en cargar_reglas() post-P0 (FP-200=b).	SI
CIV-M-11	ENVIPE	2022	NO ESTIMADO EN ESTE ACTO -- censo de existencia sobre inventario de reactivos, no re-derivacion contra microdato (misma regla de columnas que MAESTRA32-E15 spec (e))	BP1_23	NO ESTIMADO EN ESTE ACTO	NO ESTIMADO EN ESTE ACTO	binaria	PENDIENTE-D-D		BP1_23		civico.denuncia.miedo_desconfianza -> denuncia_con_miedo_o_desconfianza (transferencia de ola: variable_id BP1_23 hallado en ENVIPE 2022, 7 fila(s) de inventario; NO estimado en este acto)		civico	PENDIENTE	PENDIENTE	civico.denuncia.miedo_desconfianza	denuncia_con_miedo_o_desconfianza	NO ESTIMADO (censo de existencia)	NO	SI	NO	SI	ENVIPE 2025 (unica ola disponible para este universo)	P1	P1	SI	Estadistica BP1_23, desenlace de la regla civico.denuncia.miedo_desconfianza que ACTO MAESTRA32-E20 · P0 cargo al motor por FP-200=b. Enlace estadistica->regla: milpa/tramite.yaml:211 (fuente -> coeficientes_generador_medidos.G4_exposicion_violencia) x milpa/procedencia.yaml:998 ('x desenlace BP1_23'). Fila derivada del censo de existencia sobre la union de los 4 inventarios (269320 filas examinadas); familia por prefijo de `instrumento`. La columna `ola` del inventario es NO_DETERMINADO en el 100% de estas filas: la ola se deriva del campo `instrumento` (p.ej. envipe2012 -> 2012), limite declarado.	P1 PUNTUA	(encuesta,ola)=(ENVIPE,2022) != ola_calibracion=ENVIPE 2025 (unica ola disponible para este universo) -> validacion externa bajo F-DD (ADR-237). Regla civico.denuncia.miedo_desconfianza presente en cargar_reglas() post-P0 (FP-200=b).	SI
CIV-M-12	ENVIPE	2023	NO ESTIMADO EN ESTE ACTO -- censo de existencia sobre inventario de reactivos, no re-derivacion contra microdato (misma regla de columnas que MAESTRA32-E15 spec (e))	BP1_23	NO ESTIMADO EN ESTE ACTO	NO ESTIMADO EN ESTE ACTO	binaria	PENDIENTE-D-D		BP1_23		civico.denuncia.miedo_desconfianza -> denuncia_con_miedo_o_desconfianza (transferencia de ola: variable_id BP1_23 hallado en ENVIPE 2023, 6 fila(s) de inventario; NO estimado en este acto)		civico	PENDIENTE	PENDIENTE	civico.denuncia.miedo_desconfianza	denuncia_con_miedo_o_desconfianza	NO ESTIMADO (censo de existencia)	NO	SI	NO	SI	ENVIPE 2025 (unica ola disponible para este universo)	P1	P1	SI	Estadistica BP1_23, desenlace de la regla civico.denuncia.miedo_desconfianza que ACTO MAESTRA32-E20 · P0 cargo al motor por FP-200=b. Enlace estadistica->regla: milpa/tramite.yaml:211 (fuente -> coeficientes_generador_medidos.G4_exposicion_violencia) x milpa/procedencia.yaml:998 ('x desenlace BP1_23'). Fila derivada del censo de existencia sobre la union de los 4 inventarios (269320 filas examinadas); familia por prefijo de `instrumento`. La columna `ola` del inventario es NO_DETERMINADO en el 100% de estas filas: la ola se deriva del campo `instrumento` (p.ej. envipe2012 -> 2012), limite declarado.	P1 PUNTUA	(encuesta,ola)=(ENVIPE,2023) != ola_calibracion=ENVIPE 2025 (unica ola disponible para este universo) -> validacion externa bajo F-DD (ADR-237). Regla civico.denuncia.miedo_desconfianza presente en cargar_reglas() post-P0 (FP-200=b).	SI
CIV-M-13	ENVIPE	2024	NO ESTIMADO EN ESTE ACTO -- censo de existencia sobre inventario de reactivos, no re-derivacion contra microdato (misma regla de columnas que MAESTRA32-E15 spec (e))	BP1_23	NO ESTIMADO EN ESTE ACTO	NO ESTIMADO EN ESTE ACTO	binaria	PENDIENTE-D-D		BP1_23		civico.denuncia.miedo_desconfianza -> denuncia_con_miedo_o_desconfianza (transferencia de ola: variable_id BP1_23 hallado en ENVIPE 2024, 7 fila(s) de inventario; NO estimado en este acto)		civico	PENDIENTE	PENDIENTE	civico.denuncia.miedo_desconfianza	denuncia_con_miedo_o_desconfianza	NO ESTIMADO (censo de existencia)	NO	SI	NO	SI	ENVIPE 2025 (unica ola disponible para este universo)	P1	P1	SI	Estadistica BP1_23, desenlace de la regla civico.denuncia.miedo_desconfianza que ACTO MAESTRA32-E20 · P0 cargo al motor por FP-200=b. Enlace estadistica->regla: milpa/tramite.yaml:211 (fuente -> coeficientes_generador_medidos.G4_exposicion_violencia) x milpa/procedencia.yaml:998 ('x desenlace BP1_23'). Fila derivada del censo de existencia sobre la union de los 4 inventarios (269320 filas examinadas); familia por prefijo de `instrumento`. La columna `ola` del inventario es NO_DETERMINADO en el 100% de estas filas: la ola se deriva del campo `instrumento` (p.ej. envipe2012 -> 2012), limite declarado.	P1 PUNTUA	(encuesta,ola)=(ENVIPE,2024) != ola_calibracion=ENVIPE 2025 (unica ola disponible para este universo) -> validacion externa bajo F-DD (ADR-237). Regla civico.denuncia.miedo_desconfianza presente en cargar_reglas() post-P0 (FP-200=b).	SI
CIV-M-14	ENVIPE	2025	NO ESTIMADO EN ESTE ACTO -- censo de existencia sobre inventario de reactivos, no re-derivacion contra microdato (misma regla de columnas que MAESTRA32-E15 spec (e))	BP1_23	NO ESTIMADO EN ESTE ACTO	NO ESTIMADO EN ESTE ACTO	binaria	PENDIENTE-D-D		BP1_23		civico.denuncia.miedo_desconfianza -> denuncia_con_miedo_o_desconfianza (ola de calibracion: control de plomeria, NO puntua)		civico	PENDIENTE	PENDIENTE	civico.denuncia.miedo_desconfianza	denuncia_con_miedo_o_desconfianza	NO ESTIMADO (censo de existencia)	NO	SI	NO	NO	ENVIPE 2025 (unica ola disponible para este universo)	P0	P0	NO	Estadistica BP1_23, desenlace de la regla civico.denuncia.miedo_desconfianza que ACTO MAESTRA32-E20 · P0 cargo al motor por FP-200=b. Enlace estadistica->regla: milpa/tramite.yaml:211 (fuente -> coeficientes_generador_medidos.G4_exposicion_violencia) x milpa/procedencia.yaml:998 ('x desenlace BP1_23'). Fila derivada del censo de existencia sobre la union de los 4 inventarios (269320 filas examinadas); familia por prefijo de `instrumento`. La columna `ola` del inventario es NO_DETERMINADO en el 100% de estas filas: la ola se deriva del campo `instrumento` (p.ej. envipe2012 -> 2012), limite declarado.	P0 VERIFICACION-NO-PUNTUA	(encuesta,ola)=(ENVIPE,2025) COINCIDE con ola_calibracion=ENVIPE 2025 (unica ola disponible para este universo) -> calibration target bajo F-DD. Se conserva, no puntua. Regla civico.denuncia.miedo_desconfianza presente en cargar_reglas() post-P0 (FP-200=b).	NO
DIN-M-01	ENNViH/MxFLS	2002 (ola 1)	NO ESTIMADO EN ESTE ACTO -- censo de existencia sobre inventario de reactivos, no re-derivacion contra microdato (misma regla de columnas que MAESTRA32-E15 spec (e))	cr27	NO ESTIMADO EN ESTE ACTO	NO ESTIMADO EN ESTE ACTO	binaria	PENDIENTE-D-D		cr27		dinero.ahorro.tiene_ahorros -> tiene_ahorros (transferencia de ola: variable_id CR27 hallado en ENNViH/MxFLS 2002 (ola 1), 2 fila(s) de inventario; NO estimado en este acto)		dinero	PENDIENTE	PENDIENTE	dinero.ahorro.tiene_ahorros	tiene_ahorros	NO ESTIMADO (censo de existencia)	NO	SI	NO	SI	ENNViH olas 2-3 (2005-06 -> 2009-12), panel retenido	P1	P1	SI	Estadistica CR27, desenlace de la regla dinero.ahorro.tiene_ahorros que ACTO MAESTRA32-E20 · P0 cargo al motor por FP-200=b. Enlace estadistica->regla: milpa/tramite.yaml:236 -- cr27 nombrado literalmente en el universo de la regla cargada. Fila derivada del censo de existencia sobre la union de los 4 inventarios (269320 filas examinadas); familia por prefijo de `instrumento`, con respaldo por payload_id porque `instrumento` no resuelve ENNViH (hallazgo de MAESTRA32-E15, heredado como metodo). La columna `ola` del inventario es NO_DETERMINADO en el 100% de estas filas: la ola se deriva del payload_id (ehh02/ehh05/ehh09 -> olas 1/2/3, data/manifiesto.yaml:468-533 + forense/notas/2026-08-24-cal-g3-puntual-cierre.md:34-46), limite declarado.	P1 PUNTUA	(encuesta,ola)=(ENNViH/MxFLS,2002 (ola 1)) != ola_calibracion=ENNViH olas 2-3 (2005-06 -> 2009-12), panel retenido -> validacion externa bajo F-DD (ADR-237). Regla dinero.ahorro.tiene_ahorros presente en cargar_reglas() post-P0 (FP-200=b).	SI
DIN-M-02	ENNViH/MxFLS	2005-06 (ola 2)	NO ESTIMADO EN ESTE ACTO -- censo de existencia sobre inventario de reactivos, no re-derivacion contra microdato (misma regla de columnas que MAESTRA32-E15 spec (e))	cr27	NO ESTIMADO EN ESTE ACTO	NO ESTIMADO EN ESTE ACTO	binaria	PENDIENTE-D-D		cr27		dinero.ahorro.tiene_ahorros -> tiene_ahorros (ola de calibracion: control de plomeria, NO puntua)		dinero	PENDIENTE	PENDIENTE	dinero.ahorro.tiene_ahorros	tiene_ahorros	NO ESTIMADO (censo de existencia)	NO	SI	NO	NO	ENNViH olas 2-3 (2005-06 -> 2009-12), panel retenido	P1	P0	NO	Estadistica CR27, desenlace de la regla dinero.ahorro.tiene_ahorros que ACTO MAESTRA32-E20 · P0 cargo al motor por FP-200=b. Enlace estadistica->regla: milpa/tramite.yaml:236 -- cr27 nombrado literalmente en el universo de la regla cargada. Fila derivada del censo de existencia sobre la union de los 4 inventarios (269320 filas examinadas); familia por prefijo de `instrumento`, con respaldo por payload_id porque `instrumento` no resuelve ENNViH (hallazgo de MAESTRA32-E15, heredado como metodo). La columna `ola` del inventario es NO_DETERMINADO en el 100% de estas filas: la ola se deriva del payload_id (ehh02/ehh05/ehh09 -> olas 1/2/3, data/manifiesto.yaml:468-533 + forense/notas/2026-08-24-cal-g3-puntual-cierre.md:34-46), limite declarado.	P0 VERIFICACION-NO-PUNTUA	(encuesta,ola)=(ENNViH/MxFLS,2005-06 (ola 2)) COINCIDE con ola_calibracion=ENNViH olas 2-3 (2005-06 -> 2009-12), panel retenido -> calibration target bajo F-DD. Se conserva, no puntua. Regla dinero.ahorro.tiene_ahorros presente en cargar_reglas() post-P0 (FP-200=b).	NO
DIN-M-03	ENNViH/MxFLS	2009-12 (ola 3)	NO ESTIMADO EN ESTE ACTO -- censo de existencia sobre inventario de reactivos, no re-derivacion contra microdato (misma regla de columnas que MAESTRA32-E15 spec (e))	cr27	NO ESTIMADO EN ESTE ACTO	NO ESTIMADO EN ESTE ACTO	binaria	PENDIENTE-D-D		cr27		dinero.ahorro.tiene_ahorros -> tiene_ahorros (ola de calibracion: control de plomeria, NO puntua)		dinero	PENDIENTE	PENDIENTE	dinero.ahorro.tiene_ahorros	tiene_ahorros	NO ESTIMADO (censo de existencia)	NO	SI	NO	NO	ENNViH olas 2-3 (2005-06 -> 2009-12), panel retenido	P1	P0	NO	Estadistica CR27, desenlace de la regla dinero.ahorro.tiene_ahorros que ACTO MAESTRA32-E20 · P0 cargo al motor por FP-200=b. Enlace estadistica->regla: milpa/tramite.yaml:236 -- cr27 nombrado literalmente en el universo de la regla cargada. Fila derivada del censo de existencia sobre la union de los 4 inventarios (269320 filas examinadas); familia por prefijo de `instrumento`, con respaldo por payload_id porque `instrumento` no resuelve ENNViH (hallazgo de MAESTRA32-E15, heredado como metodo). La columna `ola` del inventario es NO_DETERMINADO en el 100% de estas filas: la ola se deriva del payload_id (ehh02/ehh05/ehh09 -> olas 1/2/3, data/manifiesto.yaml:468-533 + forense/notas/2026-08-24-cal-g3-puntual-cierre.md:34-46), limite declarado.	P0 VERIFICACION-NO-PUNTUA	(encuesta,ola)=(ENNViH/MxFLS,2009-12 (ola 3)) COINCIDE con ola_calibracion=ENNViH olas 2-3 (2005-06 -> 2009-12), panel retenido -> calibration target bajo F-DD. Se conserva, no puntua. Regla dinero.ahorro.tiene_ahorros presente en cargar_reglas() post-P0 (FP-200=b).	NO
FAM-M-01	ENIF	2018	NO ESTIMADO EN ESTE ACTO -- censo de existencia sobre inventario de reactivos, no re-derivacion contra microdato (misma regla de columnas que MAESTRA32-E15 spec (e))	P9_9_4	NO ESTIMADO EN ESTE ACTO	NO ESTIMADO EN ESTE ACTO	binaria	PENDIENTE-D-D		P9_9_4		familia.apoyo.recibe_dinero_familiares -> recibe_dinero_familiares_para_vejez (transferencia de ola: variable_id P9_9_4 hallado en ENIF 2018, 3 fila(s) de inventario; NO estimado en este acto)		familia	PENDIENTE	PENDIENTE	familia.apoyo.recibe_dinero_familiares	recibe_dinero_familiares_para_vejez	NO ESTIMADO (censo de existencia)	NO	SI	NO	SI	ENIF 2024 (unica ola)	P1	P1	SI	Estadistica P9_9_4, desenlace de la regla familia.apoyo.recibe_dinero_familiares que ACTO MAESTRA32-E20 · P0 cargo al motor por FP-200=b. Enlace estadistica->regla: milpa/tramite.yaml:260 (P9_9_4 literal) + :253 fuente -> condicionales_escalares.familismo_apoyo x milpa/procedencia.yaml:303. Fila derivada del censo de existencia sobre la union de los 4 inventarios (269320 filas examinadas); familia por prefijo de `instrumento`. La columna `ola` del inventario es NO_DETERMINADO en el 100% de estas filas: la ola se deriva del campo `instrumento` (p.ej. envipe2012 -> 2012), limite declarado.	P1 PUNTUA	(encuesta,ola)=(ENIF,2018) != ola_calibracion=ENIF 2024 (unica ola) -> validacion externa bajo F-DD (ADR-237). Regla familia.apoyo.recibe_dinero_familiares presente en cargar_reglas() post-P0 (FP-200=b).	SI
FAM-M-02	ENIF	2024	NO ESTIMADO EN ESTE ACTO -- censo de existencia sobre inventario de reactivos, no re-derivacion contra microdato (misma regla de columnas que MAESTRA32-E15 spec (e))	P9_9_4	NO ESTIMADO EN ESTE ACTO	NO ESTIMADO EN ESTE ACTO	binaria	PENDIENTE-D-D		P9_9_4		familia.apoyo.recibe_dinero_familiares -> recibe_dinero_familiares_para_vejez (ola de calibracion: control de plomeria, NO puntua)		familia	PENDIENTE	PENDIENTE	familia.apoyo.recibe_dinero_familiares	recibe_dinero_familiares_para_vejez	NO ESTIMADO (censo de existencia)	NO	SI	NO	NO	ENIF 2024 (unica ola)	P0	P0	NO	Estadistica P9_9_4, desenlace de la regla familia.apoyo.recibe_dinero_familiares que ACTO MAESTRA32-E20 · P0 cargo al motor por FP-200=b. Enlace estadistica->regla: milpa/tramite.yaml:260 (P9_9_4 literal) + :253 fuente -> condicionales_escalares.familismo_apoyo x milpa/procedencia.yaml:303. Fila derivada del censo de existencia sobre la union de los 4 inventarios (269320 filas examinadas); familia por prefijo de `instrumento`. La columna `ola` del inventario es NO_DETERMINADO en el 100% de estas filas: la ola se deriva del campo `instrumento` (p.ej. envipe2012 -> 2012), limite declarado.	P0 VERIFICACION-NO-PUNTUA	(encuesta,ola)=(ENIF,2024) COINCIDE con ola_calibracion=ENIF 2024 (unica ola) -> calibration target bajo F-DD. Se conserva, no puntua. Regla familia.apoyo.recibe_dinero_familiares presente en cargar_reglas() post-P0 (FP-200=b).	NO
FAM-M-03	ENIGH	2012	hogares -- universo completo de concentradohogar (folioviv+foliohog) de ENIGH 2012 Nueva Serie, sin filtro adicional. Desenlace recibe_remesas = 1 si concentradohogar.remesas > 0, 0 si = 0; la rama NA de la dicotomizacion no existe (`remesas` trae cero nulos en las 6 olas, verificado, no supuesto).	remesas	proporcion ponderada (declarado por la regla; NO estimado en este acto)	factor_hog	binaria	PENDIENTE-D-D		remesas	9002	familia.seguro.volatilidad_ausencia_estado -> recibe_remesas (transferencia de ola: ENIGH 2012 != ola de calibracion ENIGH 2022, mismo instrumento; NO estimado en este acto)		familia	PENDIENTE	PENDIENTE	familia.seguro.volatilidad_ausencia_estado	recibe_remesas	MEDIDO·p(tasa base ponderada) -- clase declarada por la regla	NO	SI	NO	SI	ENIGH 2022 (mas reciente de 6 olas bienales disponibles; las otras 5 van en serie_olas, NO promediadas)	P1	P1	SI	Estadistica `remesas` (concentradohogar), desenlace de la regla familia.seguro.volatilidad_ausencia_estado. Enlace estadistica->regla: milpa/tramite.yaml, campo `universo` de la regla nombra `concentradohogar.remesas` literalmente; conducta `recibe_remesas` en `entonces`. Ola en corpus: data/manifiesto.yaml id=enigh2012_nc_csv (sha256 del manifiesto == sha256_payload de serie_olas[2012]). ponderador=factor_hog y n_no_ponderado=9002 COPIADOS de serie_olas[2012] de la regla, NO re-derivados aqui. Fila NUEVA de v1_2, derivada de la regla que ACTO MAESTRA34-N1 · SELLA-REGLAS-ACTIVOS-2 cargo VERBATIM al motor (PR #449, merge ec3cf0f2d98346205fafa7ece756ca5875cb5707; reglas del motor 8 -> 10). Este acto corre en NUBE SIN data/raw: no re-deriva NADA contra microdato -- ponderador, n y universo se COPIAN del campo homonimo de la regla y se citan, no se estiman aqui (por eso base_medida=NO, misma regla de columnas que forense/notas/2026-08-31-marco-M-v1_1-spec.md (e)). La ola esta en corpus por la via del manifiesto: data/manifiesto.yaml declara el payload con sha256 que coincide con el sha256_payload de la regla.	P1 PUNTUA	(encuesta,ola)=(ENIGH,2012) != ola_calibracion=ENIGH 2022 -> validacion externa bajo F-DD (ADR-237). Regla presente en cargar_reglas() post-P0 (MAESTRA34-N1). TRANSFERENCIA GENUINA, verificada contra el motor y no supuesta: milpa/src/emisor.py:475-481 `emitir_binaria` lee UNICAMENTE `regla.entonces` y jamas `serie_olas`, luego M emite 0.045694 (el p de 2022) tambien para esta ola -- la p medida que serie_olas guarda para 2012 es inerte al emisor. No aplica el precedente DIN-M-02/03 (ADR-237), donde ola 2 y ola 3 fueron ambas P0 porque el `universo` de la regla ('panel retenido... validos en ambas olas') las consumio JUNTAS para producir el unico p asertado; aqui el p asertado sale de 2022 sola, verbatim 'las otras 5 van en serie_olas, NO promediadas'. LIMITE DECLARADO (no bloqueante, ver nota de cierre y FP): la p medida de esta ola SI esta publicada en milpa/tramite.yaml (serie_olas), asi que el lado L solo permanece ciego mientras el PAQUETE-L no incluya ese archivo -- P4 lo garantiza por construccion.	SI
FAM-M-04	ENIGH	2014	hogares -- universo completo de concentradohogar (folioviv+foliohog) de ENIGH 2014 Nueva Serie, sin filtro adicional. Desenlace recibe_remesas = 1 si concentradohogar.remesas > 0, 0 si = 0; la rama NA de la dicotomizacion no existe (`remesas` trae cero nulos en las 6 olas, verificado, no supuesto).	remesas	proporcion ponderada (declarado por la regla; NO estimado en este acto)	factor_hog	binaria	PENDIENTE-D-D		remesas	19479	familia.seguro.volatilidad_ausencia_estado -> recibe_remesas (transferencia de ola: ENIGH 2014 != ola de calibracion ENIGH 2022, mismo instrumento; NO estimado en este acto)		familia	PENDIENTE	PENDIENTE	familia.seguro.volatilidad_ausencia_estado	recibe_remesas	MEDIDO·p(tasa base ponderada) -- clase declarada por la regla	NO	SI	NO	SI	ENIGH 2022 (mas reciente de 6 olas bienales disponibles; las otras 5 van en serie_olas, NO promediadas)	P1	P1	SI	Estadistica `remesas` (concentradohogar), desenlace de la regla familia.seguro.volatilidad_ausencia_estado. Enlace estadistica->regla: milpa/tramite.yaml, campo `universo` de la regla nombra `concentradohogar.remesas` literalmente; conducta `recibe_remesas` en `entonces`. Ola en corpus: data/manifiesto.yaml id=enigh2014_nc_csv (sha256 del manifiesto == sha256_payload de serie_olas[2014]). ponderador=factor_hog y n_no_ponderado=19479 COPIADOS de serie_olas[2014] de la regla, NO re-derivados aqui. Fila NUEVA de v1_2, derivada de la regla que ACTO MAESTRA34-N1 · SELLA-REGLAS-ACTIVOS-2 cargo VERBATIM al motor (PR #449, merge ec3cf0f2d98346205fafa7ece756ca5875cb5707; reglas del motor 8 -> 10). Este acto corre en NUBE SIN data/raw: no re-deriva NADA contra microdato -- ponderador, n y universo se COPIAN del campo homonimo de la regla y se citan, no se estiman aqui (por eso base_medida=NO, misma regla de columnas que forense/notas/2026-08-31-marco-M-v1_1-spec.md (e)). La ola esta en corpus por la via del manifiesto: data/manifiesto.yaml declara el payload con sha256 que coincide con el sha256_payload de la regla.	P1 PUNTUA	(encuesta,ola)=(ENIGH,2014) != ola_calibracion=ENIGH 2022 -> validacion externa bajo F-DD (ADR-237). Regla presente en cargar_reglas() post-P0 (MAESTRA34-N1). TRANSFERENCIA GENUINA, verificada contra el motor y no supuesta: milpa/src/emisor.py:475-481 `emitir_binaria` lee UNICAMENTE `regla.entonces` y jamas `serie_olas`, luego M emite 0.045694 (el p de 2022) tambien para esta ola -- la p medida que serie_olas guarda para 2014 es inerte al emisor. No aplica el precedente DIN-M-02/03 (ADR-237), donde ola 2 y ola 3 fueron ambas P0 porque el `universo` de la regla ('panel retenido... validos en ambas olas') las consumio JUNTAS para producir el unico p asertado; aqui el p asertado sale de 2022 sola, verbatim 'las otras 5 van en serie_olas, NO promediadas'. LIMITE DECLARADO (no bloqueante, ver nota de cierre y FP): la p medida de esta ola SI esta publicada en milpa/tramite.yaml (serie_olas), asi que el lado L solo permanece ciego mientras el PAQUETE-L no incluya ese archivo -- P4 lo garantiza por construccion.	SI
FAM-M-05	ENIGH	2016	hogares -- universo completo de concentradohogar (folioviv+foliohog) de ENIGH 2016 Nueva Serie, sin filtro adicional. Desenlace recibe_remesas = 1 si concentradohogar.remesas > 0, 0 si = 0; la rama NA de la dicotomizacion no existe (`remesas` trae cero nulos en las 6 olas, verificado, no supuesto).	remesas	proporcion ponderada (declarado por la regla; NO estimado en este acto)	factor	binaria	PENDIENTE-D-D		remesas	70311	familia.seguro.volatilidad_ausencia_estado -> recibe_remesas (transferencia de ola: ENIGH 2016 != ola de calibracion ENIGH 2022, mismo instrumento; NO estimado en este acto)		familia	PENDIENTE	PENDIENTE	familia.seguro.volatilidad_ausencia_estado	recibe_remesas	MEDIDO·p(tasa base ponderada) -- clase declarada por la regla	NO	SI	NO	SI	ENIGH 2022 (mas reciente de 6 olas bienales disponibles; las otras 5 van en serie_olas, NO promediadas)	P1	P1	SI	Estadistica `remesas` (concentradohogar), desenlace de la regla familia.seguro.volatilidad_ausencia_estado. Enlace estadistica->regla: milpa/tramite.yaml, campo `universo` de la regla nombra `concentradohogar.remesas` literalmente; conducta `recibe_remesas` en `entonces`. Ola en corpus: data/manifiesto.yaml id=enigh2016_nc_csv (sha256 del manifiesto == sha256_payload de serie_olas[2016]). ponderador=factor y n_no_ponderado=70311 COPIADOS de serie_olas[2016] de la regla, NO re-derivados aqui. Fila NUEVA de v1_2, derivada de la regla que ACTO MAESTRA34-N1 · SELLA-REGLAS-ACTIVOS-2 cargo VERBATIM al motor (PR #449, merge ec3cf0f2d98346205fafa7ece756ca5875cb5707; reglas del motor 8 -> 10). Este acto corre en NUBE SIN data/raw: no re-deriva NADA contra microdato -- ponderador, n y universo se COPIAN del campo homonimo de la regla y se citan, no se estiman aqui (por eso base_medida=NO, misma regla de columnas que forense/notas/2026-08-31-marco-M-v1_1-spec.md (e)). La ola esta en corpus por la via del manifiesto: data/manifiesto.yaml declara el payload con sha256 que coincide con el sha256_payload de la regla.	P1 PUNTUA	(encuesta,ola)=(ENIGH,2016) != ola_calibracion=ENIGH 2022 -> validacion externa bajo F-DD (ADR-237). Regla presente en cargar_reglas() post-P0 (MAESTRA34-N1). TRANSFERENCIA GENUINA, verificada contra el motor y no supuesta: milpa/src/emisor.py:475-481 `emitir_binaria` lee UNICAMENTE `regla.entonces` y jamas `serie_olas`, luego M emite 0.045694 (el p de 2022) tambien para esta ola -- la p medida que serie_olas guarda para 2016 es inerte al emisor. No aplica el precedente DIN-M-02/03 (ADR-237), donde ola 2 y ola 3 fueron ambas P0 porque el `universo` de la regla ('panel retenido... validos en ambas olas') las consumio JUNTAS para producir el unico p asertado; aqui el p asertado sale de 2022 sola, verbatim 'las otras 5 van en serie_olas, NO promediadas'. LIMITE DECLARADO (no bloqueante, ver nota de cierre y FP): la p medida de esta ola SI esta publicada en milpa/tramite.yaml (serie_olas), asi que el lado L solo permanece ciego mientras el PAQUETE-L no incluya ese archivo -- P4 lo garantiza por construccion.	SI
FAM-M-06	ENIGH	2018	hogares -- universo completo de concentradohogar (folioviv+foliohog) de ENIGH 2018 Nueva Serie, sin filtro adicional. Desenlace recibe_remesas = 1 si concentradohogar.remesas > 0, 0 si = 0; la rama NA de la dicotomizacion no existe (`remesas` trae cero nulos en las 6 olas, verificado, no supuesto).	remesas	proporcion ponderada (declarado por la regla; NO estimado en este acto)	factor	binaria	PENDIENTE-D-D		remesas	74647	familia.seguro.volatilidad_ausencia_estado -> recibe_remesas (transferencia de ola: ENIGH 2018 != ola de calibracion ENIGH 2022, mismo instrumento; NO estimado en este acto)		familia	PENDIENTE	PENDIENTE	familia.seguro.volatilidad_ausencia_estado	recibe_remesas	MEDIDO·p(tasa base ponderada) -- clase declarada por la regla	NO	SI	NO	SI	ENIGH 2022 (mas reciente de 6 olas bienales disponibles; las otras 5 van en serie_olas, NO promediadas)	P1	P1	SI	Estadistica `remesas` (concentradohogar), desenlace de la regla familia.seguro.volatilidad_ausencia_estado. Enlace estadistica->regla: milpa/tramite.yaml, campo `universo` de la regla nombra `concentradohogar.remesas` literalmente; conducta `recibe_remesas` en `entonces`. Ola en corpus: data/manifiesto.yaml id=enigh2018_nc_csv (sha256 del manifiesto == sha256_payload de serie_olas[2018]). ponderador=factor y n_no_ponderado=74647 COPIADOS de serie_olas[2018] de la regla, NO re-derivados aqui. Fila NUEVA de v1_2, derivada de la regla que ACTO MAESTRA34-N1 · SELLA-REGLAS-ACTIVOS-2 cargo VERBATIM al motor (PR #449, merge ec3cf0f2d98346205fafa7ece756ca5875cb5707; reglas del motor 8 -> 10). Este acto corre en NUBE SIN data/raw: no re-deriva NADA contra microdato -- ponderador, n y universo se COPIAN del campo homonimo de la regla y se citan, no se estiman aqui (por eso base_medida=NO, misma regla de columnas que forense/notas/2026-08-31-marco-M-v1_1-spec.md (e)). La ola esta en corpus por la via del manifiesto: data/manifiesto.yaml declara el payload con sha256 que coincide con el sha256_payload de la regla.	P1 PUNTUA	(encuesta,ola)=(ENIGH,2018) != ola_calibracion=ENIGH 2022 -> validacion externa bajo F-DD (ADR-237). Regla presente en cargar_reglas() post-P0 (MAESTRA34-N1). TRANSFERENCIA GENUINA, verificada contra el motor y no supuesta: milpa/src/emisor.py:475-481 `emitir_binaria` lee UNICAMENTE `regla.entonces` y jamas `serie_olas`, luego M emite 0.045694 (el p de 2022) tambien para esta ola -- la p medida que serie_olas guarda para 2018 es inerte al emisor. No aplica el precedente DIN-M-02/03 (ADR-237), donde ola 2 y ola 3 fueron ambas P0 porque el `universo` de la regla ('panel retenido... validos en ambas olas') las consumio JUNTAS para producir el unico p asertado; aqui el p asertado sale de 2022 sola, verbatim 'las otras 5 van en serie_olas, NO promediadas'. LIMITE DECLARADO (no bloqueante, ver nota de cierre y FP): la p medida de esta ola SI esta publicada en milpa/tramite.yaml (serie_olas), asi que el lado L solo permanece ciego mientras el PAQUETE-L no incluya ese archivo -- P4 lo garantiza por construccion.	SI
FAM-M-07	ENIGH	2020	hogares -- universo completo de concentradohogar (folioviv+foliohog) de ENIGH 2020 Nueva Serie, sin filtro adicional. Desenlace recibe_remesas = 1 si concentradohogar.remesas > 0, 0 si = 0; la rama NA de la dicotomizacion no existe (`remesas` trae cero nulos en las 6 olas, verificado, no supuesto).	remesas	proporcion ponderada (declarado por la regla; NO estimado en este acto)	factor	binaria	PENDIENTE-D-D		remesas	89006	familia.seguro.volatilidad_ausencia_estado -> recibe_remesas (transferencia de ola: ENIGH 2020 != ola de calibracion ENIGH 2022, mismo instrumento; NO estimado en este acto)		familia	PENDIENTE	PENDIENTE	familia.seguro.volatilidad_ausencia_estado	recibe_remesas	MEDIDO·p(tasa base ponderada) -- clase declarada por la regla	NO	SI	NO	SI	ENIGH 2022 (mas reciente de 6 olas bienales disponibles; las otras 5 van en serie_olas, NO promediadas)	P1	P1	SI	Estadistica `remesas` (concentradohogar), desenlace de la regla familia.seguro.volatilidad_ausencia_estado. Enlace estadistica->regla: milpa/tramite.yaml, campo `universo` de la regla nombra `concentradohogar.remesas` literalmente; conducta `recibe_remesas` en `entonces`. Ola en corpus: data/manifiesto.yaml id=enigh2020_nc_csv (sha256 del manifiesto == sha256_payload de serie_olas[2020]). ponderador=factor y n_no_ponderado=89006 COPIADOS de serie_olas[2020] de la regla, NO re-derivados aqui. Fila NUEVA de v1_2, derivada de la regla que ACTO MAESTRA34-N1 · SELLA-REGLAS-ACTIVOS-2 cargo VERBATIM al motor (PR #449, merge ec3cf0f2d98346205fafa7ece756ca5875cb5707; reglas del motor 8 -> 10). Este acto corre en NUBE SIN data/raw: no re-deriva NADA contra microdato -- ponderador, n y universo se COPIAN del campo homonimo de la regla y se citan, no se estiman aqui (por eso base_medida=NO, misma regla de columnas que forense/notas/2026-08-31-marco-M-v1_1-spec.md (e)). La ola esta en corpus por la via del manifiesto: data/manifiesto.yaml declara el payload con sha256 que coincide con el sha256_payload de la regla.	P1 PUNTUA	(encuesta,ola)=(ENIGH,2020) != ola_calibracion=ENIGH 2022 -> validacion externa bajo F-DD (ADR-237). Regla presente en cargar_reglas() post-P0 (MAESTRA34-N1). TRANSFERENCIA GENUINA, verificada contra el motor y no supuesta: milpa/src/emisor.py:475-481 `emitir_binaria` lee UNICAMENTE `regla.entonces` y jamas `serie_olas`, luego M emite 0.045694 (el p de 2022) tambien para esta ola -- la p medida que serie_olas guarda para 2020 es inerte al emisor. No aplica el precedente DIN-M-02/03 (ADR-237), donde ola 2 y ola 3 fueron ambas P0 porque el `universo` de la regla ('panel retenido... validos en ambas olas') las consumio JUNTAS para producir el unico p asertado; aqui el p asertado sale de 2022 sola, verbatim 'las otras 5 van en serie_olas, NO promediadas'. LIMITE DECLARADO (no bloqueante, ver nota de cierre y FP): la p medida de esta ola SI esta publicada en milpa/tramite.yaml (serie_olas), asi que el lado L solo permanece ciego mientras el PAQUETE-L no incluya ese archivo -- P4 lo garantiza por construccion.	SI
FAM-M-08	ENIGH	2022	hogares -- universo completo de concentradohogar (folioviv+foliohog) de ENIGH 2022 Nueva Serie, sin filtro adicional. Desenlace recibe_remesas = 1 si concentradohogar.remesas > 0, 0 si = 0; la rama NA de la dicotomizacion no existe (`remesas` trae cero nulos en las 6 olas, verificado, no supuesto).	remesas	proporcion ponderada (declarado por la regla; NO estimado en este acto)	factor	binaria	PENDIENTE-D-D		remesas	90102	familia.seguro.volatilidad_ausencia_estado -> recibe_remesas (ola de calibracion: control de plomeria, NO puntua)		familia	PENDIENTE	PENDIENTE	familia.seguro.volatilidad_ausencia_estado	recibe_remesas	MEDIDO·p(tasa base ponderada) -- clase declarada por la regla	NO	SI	NO	NO	ENIGH 2022 (mas reciente de 6 olas bienales disponibles; las otras 5 van en serie_olas, NO promediadas)	P0	P0	NO	Estadistica `remesas` (concentradohogar), desenlace de la regla familia.seguro.volatilidad_ausencia_estado. Enlace estadistica->regla: milpa/tramite.yaml, campo `universo` de la regla nombra `concentradohogar.remesas` literalmente; conducta `recibe_remesas` en `entonces`. Ola en corpus: data/manifiesto.yaml id=enigh2022_nc_csv (sha256 del manifiesto == sha256_payload de serie_olas[2022]). ponderador=factor y n_no_ponderado=90102 COPIADOS de serie_olas[2022] de la regla, NO re-derivados aqui. Fila NUEVA de v1_2, derivada de la regla que ACTO MAESTRA34-N1 · SELLA-REGLAS-ACTIVOS-2 cargo VERBATIM al motor (PR #449, merge ec3cf0f2d98346205fafa7ece756ca5875cb5707; reglas del motor 8 -> 10). Este acto corre en NUBE SIN data/raw: no re-deriva NADA contra microdato -- ponderador, n y universo se COPIAN del campo homonimo de la regla y se citan, no se estiman aqui (por eso base_medida=NO, misma regla de columnas que forense/notas/2026-08-31-marco-M-v1_1-spec.md (e)). La ola esta en corpus por la via del manifiesto: data/manifiesto.yaml declara el payload con sha256 que coincide con el sha256_payload de la regla.	P0 VERIFICACION-NO-PUNTUA	(encuesta,ola)=(ENIGH,2022) COINCIDE con ola_calibracion=ENIGH 2022 -> calibration target bajo F-DD (ADR-237). Se conserva, no puntua. Es ADEMAS la ola de la que sale el p asertado (0.045694) de la regla.	NO
DIN-M-04	ENFIH	2019	hogares -- los 17765 de TCONCENTRADORA.csv (llave FOLIO+VIV_SEL+HOGAR), sin filtro adicional. Desenlace tiene_afore = C_AFORE, que el FD define como `Condicion de tenencia de cuenta de ahorro para el retiro o Afore`, 0=No tiene / 1=Si tiene, ya dicotomica sin recodificar.	C_AFORE	proporcion ponderada (declarado por la regla; NO estimado en este acto)	FAC_HOG	binaria	PENDIENTE-D-D		C_AFORE	17765	dinero.planeacion.formal_estable -> tiene_afore (ola de calibracion: control de plomeria, NO puntua)		dinero	PENDIENTE	PENDIENTE	dinero.planeacion.formal_estable	tiene_afore	MEDIDO·p(tasa base ponderada) -- clase declarada por la regla	NO	SI	NO	NO	ENFIH 2019 (unica ola de ENFIH en el corpus)	P0	P0	NO	Estadistica C_AFORE (TCONCENTRADORA), desenlace de la regla dinero.planeacion.formal_estable. Enlace estadistica->regla: milpa/tramite.yaml, campo `universo` de la regla nombra C_AFORE literalmente; conducta `tiene_afore` en `entonces`. Ola en corpus: data/manifiesto.yaml id=enfih2019_bd_csv_zip (sha256 be372533... == sha256_payload de la regla). Fila NUEVA de v1_2, derivada de la regla que ACTO MAESTRA34-N1 · SELLA-REGLAS-ACTIVOS-2 cargo VERBATIM al motor (PR #449, merge ec3cf0f2d98346205fafa7ece756ca5875cb5707; reglas del motor 8 -> 10). Este acto corre en NUBE SIN data/raw: no re-deriva NADA contra microdato -- ponderador, n y universo se COPIAN del campo homonimo de la regla y se citan, no se estiman aqui (por eso base_medida=NO, misma regla de columnas que forense/notas/2026-08-31-marco-M-v1_1-spec.md (e)). La ola esta en corpus por la via del manifiesto: data/manifiesto.yaml declara el payload con sha256 que coincide con el sha256_payload de la regla.	P0 VERIFICACION-NO-PUNTUA	(encuesta,ola)=(ENFIH,2019) COINCIDE con ola_calibracion=ENFIH 2019 (unica ola de ENFIH en el corpus) -> calibration target bajo F-DD (ADR-237). Se conserva, no puntua. CONTADOR DE MARCO, declarado: esta regla aporta 0 celdas puntuables porque ENFIH tiene UNA sola ola en el corpus -- no hay ola a la que transferir. No es un defecto de este acto; es el techo del corpus, y se reporta en vez de fabricar una celda de transferencia inexistente.	NO
