activo_id	objeto_logico_id	ruta_local	hash_local	tarea_observacion_id	reporte_inspeccion_ref	resultado_inspeccion	afirmaciones_emitidas	resultado_estructural	frontera_inspeccion	origen_recuperacion
ACT-01efb039dc7cff78079bbfba	OBJ-7ebea1d10dd6f24279d676ed	engasto2013/gasto_mujeres_dta.zip	86202b12ec0211ac13de4f7f04623b422670835b00fe5e3dc1cad0aaa165f06b	TOBS-f34de6a9b0313916e3d04b26	RINS-58540541d789a9a8e8aae58f	INSPECCIONADO_ESTRUCTURALMENTE	3	"{""archivos"":1,""directorios"":0,""extensiones"":{"".dta"":1},""integridad_contenido"":""SIN_ERROR_OBSERVADO"",""metodos_compresion_no_soportados"":[],""miembros_con_campos_extraidos"":0,""miembros_totales"":1,""primer_miembro_corrupto"":""NINGUNO"",""sha256_listado_central"":""7bde4ae24359b834cc1361c81b95549895a144e6868fa5a21e3d6763f84340db"",""tipo"":""ZIP""}"	Se abrió el contenedor completo y se enumeró su directorio central; solo se leyeron encabezados de miembros CSV/TSV/TXT/DBF con compresión soportada, no el contenido completo de los demás miembros.	FALSO_COLAPSO_URL_T0_CORREGIDO
ACT-264c1c9f602e41e536c37ef8	OBJ-0792214f204c32d90f5a05d3	engasto2013/gasto_mujeres_dbf.zip	2d092d36e8a23b3b7a7561f3e0d6648bcedd9265ec398dc5711419e00bd5a379	TOBS-af1a0349432c3fb82d680fc9	RINS-7b087cf193fd216c55c5d0b9	INSPECCIONADO_ESTRUCTURALMENTE	3	"{""archivos"":1,""directorios"":0,""extensiones"":{"".dbf"":1},""integridad_contenido"":""SIN_ERROR_OBSERVADO"",""metodos_compresion_no_soportados"":[],""miembros_con_campos_extraidos"":1,""miembros_totales"":1,""primer_miembro_corrupto"":""NINGUNO"",""sha256_listado_central"":""c09ce2b124882e12d3d55488aee186d8dd25fac29846bd712ff106a045c9d498"",""tipo"":""ZIP""}"	Se abrió el contenedor completo y se enumeró su directorio central; solo se leyeron encabezados de miembros CSV/TSV/TXT/DBF con compresión soportada, no el contenido completo de los demás miembros.	FALSO_COLAPSO_URL_T0_CORREGIDO
ACT-4b01ccd7765dd7347c86596b	OBJ-6d996d662d3ce729e73211a0	engasto2013/gasto_sav.zip	985328b065ee811f224802ad88bf19cc06993bcfcf600d66667f1e3813dc788b	TOBS-8211f6e559484e686782d467	RINS-14818a2e9085ad7aa04b36a5	INSPECCIONADO_ESTRUCTURALMENTE	3	"{""archivos"":1,""directorios"":0,""extensiones"":{"".sav"":1},""integridad_contenido"":""SIN_ERROR_OBSERVADO"",""metodos_compresion_no_soportados"":[],""miembros_con_campos_extraidos"":0,""miembros_totales"":1,""primer_miembro_corrupto"":""NINGUNO"",""sha256_listado_central"":""7bd48187c0d658ff47b1a78bd506cfcaff2285b6147e9ae633ee83705da580e0"",""tipo"":""ZIP""}"	Se abrió el contenedor completo y se enumeró su directorio central; solo se leyeron encabezados de miembros CSV/TSV/TXT/DBF con compresión soportada, no el contenido completo de los demás miembros.	FALSO_COLAPSO_URL_T0_CORREGIDO
ACT-515d7c6ce0a8edece47b25c5	OBJ-73e2b2b8e98b99a36a072564	engasto2013/persona_sav.zip	8e85eab54028831c00f02d8a7841fa887d60e998b6700983d69a2fd99f29491c	TOBS-11e8fec99e46e4f2250e4d70	RINS-3a4fd41d08cf441c7a55bc21	INSPECCIONADO_ESTRUCTURALMENTE	3	"{""archivos"":1,""directorios"":0,""extensiones"":{"".sav"":1},""integridad_contenido"":""SIN_ERROR_OBSERVADO"",""metodos_compresion_no_soportados"":[],""miembros_con_campos_extraidos"":0,""miembros_totales"":1,""primer_miembro_corrupto"":""NINGUNO"",""sha256_listado_central"":""e7208192672000adec9fce8bc775e1311158a956431c97233e077f2aad79f0f7"",""tipo"":""ZIP""}"	Se abrió el contenedor completo y se enumeró su directorio central; solo se leyeron encabezados de miembros CSV/TSV/TXT/DBF con compresión soportada, no el contenido completo de los demás miembros.	FALSO_COLAPSO_URL_T0_CORREGIDO
ACT-5aaf34c705ca2f9e3e43ae79	OBJ-177863a336c4b54e15f95e09	engasto2013/hogar_dbf.zip	d17bb1d64afd08e23ec91b8f745b4d9cfb8ae963339049c522da64db3d6b7bf5	TOBS-5904885cb1e3b2e04dd62896	RINS-7b72af697c564fef04b69cdc	INSPECCIONADO_ESTRUCTURALMENTE	3	"{""archivos"":1,""directorios"":0,""extensiones"":{"".dbf"":1},""integridad_contenido"":""SIN_ERROR_OBSERVADO"",""metodos_compresion_no_soportados"":[],""miembros_con_campos_extraidos"":1,""miembros_totales"":1,""primer_miembro_corrupto"":""NINGUNO"",""sha256_listado_central"":""86aa09c1007dc42e319b8cec3052091949d35985a1279c789aee31ae5f6967ff"",""tipo"":""ZIP""}"	Se abrió el contenedor completo y se enumeró su directorio central; solo se leyeron encabezados de miembros CSV/TSV/TXT/DBF con compresión soportada, no el contenido completo de los demás miembros.	FALSO_COLAPSO_URL_T0_CORREGIDO
ACT-5f392e087751227c46bb94ad	OBJ-8e97193106f57c30149941fe	engasto2013/gasto_de_consumo_ajustado_constante_dta.zip	5e63fcaa909157bfea1b1669ca7631aebed03a96ab0f58d82fd0cfbadb53a181	TOBS-090baeae05dd15c44ead2544	RINS-e9c64339833fae88b685bc29	INSPECCIONADO_ESTRUCTURALMENTE	3	"{""archivos"":1,""directorios"":0,""extensiones"":{"".dta"":1},""integridad_contenido"":""SIN_ERROR_OBSERVADO"",""metodos_compresion_no_soportados"":[],""miembros_con_campos_extraidos"":0,""miembros_totales"":1,""primer_miembro_corrupto"":""NINGUNO"",""sha256_listado_central"":""411e8e8eac47c61b582296c8584944f589d4f87b9647e7354f1f573f364fe69f"",""tipo"":""ZIP""}"	Se abrió el contenedor completo y se enumeró su directorio central; solo se leyeron encabezados de miembros CSV/TSV/TXT/DBF con compresión soportada, no el contenido completo de los demás miembros.	FALSO_COLAPSO_URL_T0_CORREGIDO
ACT-62222e75f2f21a2a5e86fa85	OBJ-7d43d9ebd9c105fb613107d2	engasto2013/gasto_dbf.zip	422ef16e6b80682fa78fec4a464e43dc000af2207a22a2fee04cbcfe4b1f6887	TOBS-d88909250d7f4f8b50dee60d	RINS-4d91834e02904ad1f2e55e22	INSPECCIONADO_ESTRUCTURALMENTE	3	"{""archivos"":1,""directorios"":0,""extensiones"":{"".dbf"":1},""integridad_contenido"":""SIN_ERROR_OBSERVADO"",""metodos_compresion_no_soportados"":[],""miembros_con_campos_extraidos"":1,""miembros_totales"":1,""primer_miembro_corrupto"":""NINGUNO"",""sha256_listado_central"":""c7367c1995fcda1223206692041be51363f05a08875d31778ab00488a37f1e0f"",""tipo"":""ZIP""}"	Se abrió el contenedor completo y se enumeró su directorio central; solo se leyeron encabezados de miembros CSV/TSV/TXT/DBF con compresión soportada, no el contenido completo de los demás miembros.	FALSO_COLAPSO_URL_T0_CORREGIDO
ACT-64d2f18d813cb63f69ecbadf	OBJ-7976f838d267e9d26c288aaa	engasto2013/hogar_sav.zip	e2149c27ef13dddefc74e43e9d624fac1ebeecc7d4efc687af065eed0a937ad0	TOBS-ddabf45aaedbc9aaacf9591a	RINS-e185883ef888919a1373c15c	INSPECCIONADO_ESTRUCTURALMENTE	3	"{""archivos"":1,""directorios"":0,""extensiones"":{"".sav"":1},""integridad_contenido"":""SIN_ERROR_OBSERVADO"",""metodos_compresion_no_soportados"":[],""miembros_con_campos_extraidos"":0,""miembros_totales"":1,""primer_miembro_corrupto"":""NINGUNO"",""sha256_listado_central"":""4763d3b458296c96d044cefa20e749eba09f4e04e1d6b2e121d873f416911413"",""tipo"":""ZIP""}"	Se abrió el contenedor completo y se enumeró su directorio central; solo se leyeron encabezados de miembros CSV/TSV/TXT/DBF con compresión soportada, no el contenido completo de los demás miembros.	FALSO_COLAPSO_URL_T0_CORREGIDO
ACT-74836fd979cd86dcb3d8b0cd	OBJ-1d93d2b952886f1ca47928a1	FD_ENCUCI2020.pdf	6cd6f7475a0b5db27a84cf0e047db5b7ed98f73c3480a9e64ea084bc7d475638	TOBS-c6a3f6f241782175404c71c4	RINS-7f7d7436bd3af921b48b7d5f	INSPECCIONADO_ESTRUCTURALMENTE	3	"{""cifrado"":""yes (print:yes copy:yes change:no addNotes:no algorithm:AES)"",""encabezados_observados"":25,""paginas"":61,""paginas_texto_inspeccionadas"":5,""tipo"":""PDF"",""titulo"":""Encuesta Nacional de Cultura Cívica 2020. ENCUCI. Estructura de la base de datos""}"	Se abrió el PDF, se leyó metadato de 61 páginas y texto de páginas 1-5; páginas posteriores y elementos no textuales no se inspeccionaron semánticamente.	FALSO_COLAPSO_URL_T0_CORREGIDO
ACT-753b27d7a3e95011933c2c95	OBJ-3a6a6cff3b099e8dd94bf9f4	engasto2013/gasto_de_consumo_ajustado_sav.zip	c75ed5c6eaf96366ba6884e112886653a6f46853f0fcbf42e638bee9bccf15a4	TOBS-b506155219a93a81cbbc4f62	RINS-4dbe969a8d6aea508c13a22c	INSPECCIONADO_ESTRUCTURALMENTE	3	"{""archivos"":1,""directorios"":0,""extensiones"":{"".sav"":1},""integridad_contenido"":""SIN_ERROR_OBSERVADO"",""metodos_compresion_no_soportados"":[],""miembros_con_campos_extraidos"":0,""miembros_totales"":1,""primer_miembro_corrupto"":""NINGUNO"",""sha256_listado_central"":""43ab5eeee9454537be5ab8beef4ba6910a9e4595a040ec9cce80c960a47286ee"",""tipo"":""ZIP""}"	Se abrió el contenedor completo y se enumeró su directorio central; solo se leyeron encabezados de miembros CSV/TSV/TXT/DBF con compresión soportada, no el contenido completo de los demás miembros.	FALSO_COLAPSO_URL_T0_CORREGIDO
ACT-800ddbc52429452c6c08792d	OBJ-0389b95a5b31dab22e0ae627	engasto2013/hogar_dta.zip	bb17939d883175c1cb31d82ad951bc13c1b4b3713974142d7a3233169d7440ae	TOBS-30a8077568d64baf4726940e	RINS-5d52898b1bed6f82668648d1	INSPECCIONADO_ESTRUCTURALMENTE	3	"{""archivos"":1,""directorios"":0,""extensiones"":{"".dta"":1},""integridad_contenido"":""SIN_ERROR_OBSERVADO"",""metodos_compresion_no_soportados"":[],""miembros_con_campos_extraidos"":0,""miembros_totales"":1,""primer_miembro_corrupto"":""NINGUNO"",""sha256_listado_central"":""1e886b2e29752ff019fb7775e0afa122236fab6fd6a33c3f7711420f5dcc3eff"",""tipo"":""ZIP""}"	Se abrió el contenedor completo y se enumeró su directorio central; solo se leyeron encabezados de miembros CSV/TSV/TXT/DBF con compresión soportada, no el contenido completo de los demás miembros.	FALSO_COLAPSO_URL_T0_CORREGIDO
ACT-86c2f6a18e513c1834b18966	OBJ-a66103ad62275fee0a56f884	engasto2013/persona_dbf.zip	fc177b94e8d382d4510f61100c7184254201e30a66749c8873283eb3b0aed2db	TOBS-436f0b7dd82bcb54e82a6079	RINS-1b1ffe73871918f75332ebf2	INSPECCIONADO_ESTRUCTURALMENTE	3	"{""archivos"":1,""directorios"":0,""extensiones"":{"".dbf"":1},""integridad_contenido"":""SIN_ERROR_OBSERVADO"",""metodos_compresion_no_soportados"":[],""miembros_con_campos_extraidos"":1,""miembros_totales"":1,""primer_miembro_corrupto"":""NINGUNO"",""sha256_listado_central"":""851bde01081626249b09a801c077bb28bbe5a8178b09dbe1d7cea09b9615bbae"",""tipo"":""ZIP""}"	Se abrió el contenedor completo y se enumeró su directorio central; solo se leyeron encabezados de miembros CSV/TSV/TXT/DBF con compresión soportada, no el contenido completo de los demás miembros.	FALSO_COLAPSO_URL_T0_CORREGIDO
ACT-99da42b5ec020aa8cd6bf33a	OBJ-2e0033a3e775322a8229c326	engasto2013/gasto_mujeres_sav.zip	c4830397a4f401e36fb67a723e8fceace62a04ca84a6dabc0239c016e226766c	TOBS-c9487056b53a8bae44f42f92	RINS-03c5b3a0f686c32f0e300b90	INSPECCIONADO_ESTRUCTURALMENTE	3	"{""archivos"":1,""directorios"":0,""extensiones"":{"".sav"":1},""integridad_contenido"":""SIN_ERROR_OBSERVADO"",""metodos_compresion_no_soportados"":[],""miembros_con_campos_extraidos"":0,""miembros_totales"":1,""primer_miembro_corrupto"":""NINGUNO"",""sha256_listado_central"":""6b57c45bf1f4a1b598a6c9cc365e62d05fe3f2e0d4d40d02a0a261da627600ef"",""tipo"":""ZIP""}"	Se abrió el contenedor completo y se enumeró su directorio central; solo se leyeron encabezados de miembros CSV/TSV/TXT/DBF con compresión soportada, no el contenido completo de los demás miembros.	FALSO_COLAPSO_URL_T0_CORREGIDO
ACT-ae73ebb567d393f74fa26446	OBJ-07191fa6a2eb9671e9f1c947	engasto2013/persona_dta.zip	8de915f904fad1d40b73566b3db60506f98a1cc926e58319488a1a34310425d2	TOBS-92ed19ff91e98bc2805ddd34	RINS-805ba467a9f5c7b9bc1713cf	INSPECCIONADO_ESTRUCTURALMENTE	3	"{""archivos"":1,""directorios"":0,""extensiones"":{"".dta"":1},""integridad_contenido"":""SIN_ERROR_OBSERVADO"",""metodos_compresion_no_soportados"":[],""miembros_con_campos_extraidos"":0,""miembros_totales"":1,""primer_miembro_corrupto"":""NINGUNO"",""sha256_listado_central"":""922ebb7191a23cc3470ae71203c1974e5ee5c6a04dfea7bfd8a880304b11d799"",""tipo"":""ZIP""}"	Se abrió el contenedor completo y se enumeró su directorio central; solo se leyeron encabezados de miembros CSV/TSV/TXT/DBF con compresión soportada, no el contenido completo de los demás miembros.	FALSO_COLAPSO_URL_T0_CORREGIDO
ACT-c0e6ce9502d10c9fac7b5639	OBJ-d5447de15f2289dbd2dee6c5	engasto2013/gasto_dta.zip	f39609ddae3b13957bfa605e64cb94b41aef636036672e997e601b6675655fc4	TOBS-e55566a46451d389b13c5ea1	RINS-5e4354b67ee0633dd1cf9224	INSPECCIONADO_ESTRUCTURALMENTE	3	"{""archivos"":1,""directorios"":0,""extensiones"":{"".dta"":1},""integridad_contenido"":""SIN_ERROR_OBSERVADO"",""metodos_compresion_no_soportados"":[],""miembros_con_campos_extraidos"":0,""miembros_totales"":1,""primer_miembro_corrupto"":""NINGUNO"",""sha256_listado_central"":""2b46003c1cf0bc765579493b1436389b98a0dd84d6ae6faa89c51a208cdefbc8"",""tipo"":""ZIP""}"	Se abrió el contenedor completo y se enumeró su directorio central; solo se leyeron encabezados de miembros CSV/TSV/TXT/DBF con compresión soportada, no el contenido completo de los demás miembros.	FALSO_COLAPSO_URL_T0_CORREGIDO
ACT-ca67a2372338cb7c6aa53b4b	OBJ-472d3b01af516cc205d9389b	engasto2013/gasto_de_consumo_ajustado_constante_sav.zip	afde0a418546576a93267c1e92af54ff57524c70bac25b1da472b5eb16750b69	TOBS-b3209c136c0c6d4611e27884	RINS-72a6571ab12b4da44ce28e9d	INSPECCIONADO_ESTRUCTURALMENTE	3	"{""archivos"":1,""directorios"":0,""extensiones"":{"".sav"":1},""integridad_contenido"":""SIN_ERROR_OBSERVADO"",""metodos_compresion_no_soportados"":[],""miembros_con_campos_extraidos"":0,""miembros_totales"":1,""primer_miembro_corrupto"":""NINGUNO"",""sha256_listado_central"":""b1865d295fdf7be00e1f85d6a016439464e3e3d16e45c79b0690a67d1bdd22c8"",""tipo"":""ZIP""}"	Se abrió el contenedor completo y se enumeró su directorio central; solo se leyeron encabezados de miembros CSV/TSV/TXT/DBF con compresión soportada, no el contenido completo de los demás miembros.	FALSO_COLAPSO_URL_T0_CORREGIDO
ACT-ed4295a8a7309d4aef85dfbf	OBJ-96b6bf987d7126de054d47b8	engasto2013/gasto_de_consumo_ajustado_dta.zip	8b12ef504548157c463eaa0374c833da34bfd92623d077201b3cf3bd99158dca	TOBS-4f09143eef55523550a5860a	RINS-f7b6b46f5dda6885ce738794	INSPECCIONADO_ESTRUCTURALMENTE	3	"{""archivos"":1,""directorios"":0,""extensiones"":{"".dta"":1},""integridad_contenido"":""SIN_ERROR_OBSERVADO"",""metodos_compresion_no_soportados"":[],""miembros_con_campos_extraidos"":0,""miembros_totales"":1,""primer_miembro_corrupto"":""NINGUNO"",""sha256_listado_central"":""a1fbcd1cee59db55d350c51000cf4be10dbf9968db4fbb71156f23a48cda72a9"",""tipo"":""ZIP""}"	Se abrió el contenedor completo y se enumeró su directorio central; solo se leyeron encabezados de miembros CSV/TSV/TXT/DBF con compresión soportada, no el contenido completo de los demás miembros.	FALSO_COLAPSO_URL_T0_CORREGIDO
ACT-ef006a8582c9f2e224a23d1f	OBJ-1106dda8bfe35609fc90e068	engasto2013/gasto_de_consumo_ajustado_constante_dbf.zip	80473e363e158dcaedd15a443107f8e9909f88d670fc06758a5897004bd8cc73	TOBS-8b753b575e4cd95b66149f61	RINS-4df00c5cd0b8049e7dc4de22	INSPECCIONADO_ESTRUCTURALMENTE	3	"{""archivos"":1,""directorios"":0,""extensiones"":{"".dbf"":1},""integridad_contenido"":""SIN_ERROR_OBSERVADO"",""metodos_compresion_no_soportados"":[],""miembros_con_campos_extraidos"":1,""miembros_totales"":1,""primer_miembro_corrupto"":""NINGUNO"",""sha256_listado_central"":""210d2584ae2a8a269eb36a931ba1f642c363972d15224992f051485aa298d743"",""tipo"":""ZIP""}"	Se abrió el contenedor completo y se enumeró su directorio central; solo se leyeron encabezados de miembros CSV/TSV/TXT/DBF con compresión soportada, no el contenido completo de los demás miembros.	FALSO_COLAPSO_URL_T0_CORREGIDO
ACT-f012f84f5037f6c486c62b82	OBJ-9b92da19851a4a05e01ad375	engasto2013/gasto_de_consumo_ajustado_dbf.zip	afeea4b978067b1c56c966872428052a4b4c16caddc4f1dd6d2f10c54603f26a	TOBS-3417fa642dc5bcc0a0ea710a	RINS-b142fdcd46453961a518048d	INSPECCIONADO_ESTRUCTURALMENTE	3	"{""archivos"":1,""directorios"":0,""extensiones"":{"".dbf"":1},""integridad_contenido"":""SIN_ERROR_OBSERVADO"",""metodos_compresion_no_soportados"":[],""miembros_con_campos_extraidos"":1,""miembros_totales"":1,""primer_miembro_corrupto"":""NINGUNO"",""sha256_listado_central"":""a3775c54596718a780abaefb2d09a2cba3ecdf755a991d552714e10f84abb65f"",""tipo"":""ZIP""}"	Se abrió el contenedor completo y se enumeró su directorio central; solo se leyeron encabezados de miembros CSV/TSV/TXT/DBF con compresión soportada, no el contenido completo de los demás miembros.	FALSO_COLAPSO_URL_T0_CORREGIDO
